ID,პრიორიტეტი,კატეგორია,სახელი,URL,შესაძლებლობა,როგორ მივიღოთ,ბმული (rel),ხარჯი,ღირებულება,ძალისხმევა,სამიზნე გვერდი,შაბლონი,სტატუსი,პასუხისმგებელი,ბოლო კონტაქტი,შენიშვნა,გადამოწმება
E01,A,პროფილი / რუკა,Google Business Profile (არსებული),https://business.google.com/,არსებული პროფილის მოწესრიგება და საიტთან დაკავშირება,"NAP და საათები (ორშ–კვი 09:00–21:00), კატეგორიები, ფოტოები, პოსტები; ბმული კონტაქტის გვერდზე; შეფასებების შეგროვება",— (ბარათი),უფასო,მაღალი,დაბალი,https://superi.ge/,—,ახალი,,,პროფილი არსებობს (მფლობელის ცნობით); ამ გარემოდან Google Maps ვერ გადამოწმდა,U
E02,A,პროფილი,Facebook — Superi.ge,https://www.facebook.com/Superi.ge,გვერდის გადამოწმება; სახელი „Superi.ge“,footer-ში ხატულა + schema sameAs,nofollow,უფასო,საშუალო,დაბალი,https://superi.ge/,—,ახალი,,,"schema-ში მითითებულია, საიტზე არ ჩანს",S
E03,A,პროფილი,Instagram,https://www.instagram.com/,ოფიციალური პროფილი,შექმნა (handle: superi.ge) + footer + sameAs,nofollow,უფასო,საშუალო,დაბალი,https://superi.ge/,—,ახალი,,,,U
E04,A,პროფილი,TikTok,https://www.tiktok.com/,ოფიციალური პროფილი; მოკლე ვიდეო-გზამკვლევები,შექმნა + footer + sameAs,nofollow,უფასო,საშუალო,საშუალო,https://superi.ge/,—,ახალი,,,,U
E05,A,პროფილი,YouTube,https://www.youtube.com/,"არხი ვიდეო-გზამკვლევებით, ბლოგში ჩასმით",შექმნა + footer + sameAs,nofollow,უფასო,საშუალო,საშუალო,https://superi.ge/blog/,—,ახალი,,,Alta ვიდეო-მიმოხილვებს რეგულარულად აქვეყნებს,U
E06,A,პროფილი,LinkedIn — კომპანიის გვერდი,https://www.linkedin.com/company/,კომპანიის გვერდი იურიდიული სახელით (შპს „ბესთ სოლუშენ 2022“),შექმნა + sameAs,nofollow,უფასო,დაბალი,დაბალი,https://superi.ge/,—,ახალი,,,"ერთეულის სიგნალი, B2B, დასაქმება",U
E07,A,დირექტორია,yell.ge — არსებული ჩანაწერი,https://www.yell.ge/company.php?lan=geo&id=162718,"ჩანაწერის განახლება: ქუჩის მისამართი, საათები, სახელი „Superi.ge“",yell.ge-სთან დაკავშირება,უცნობია,უფასო,საშუალო,დაბალი,https://superi.ge/,—,ახალი,,,ახლა მხოლოდ ქალაქია მითითებული,S
E08,B,დირექტორია,Bing Places,https://www.bingplaces.com/,ბარათი Bing-ის რუკაზე,GBP-დან იმპორტი,—,უფასო,დაბალი,დაბალი,https://superi.ge/,—,ახალი,,,,U
E09,B,დირექტორია,Apple Business Connect,https://businessconnect.apple.com/,ბარათი Apple Maps-ზე,რეგისტრაცია,—,უფასო,საშუალო,დაბალი,https://superi.ge/,—,ახალი,,,საქართველოში ხელმისაწვდომობა გადაამოწმეთ,U
E10,B,დირექტორია,2GIS (თბილისი),https://2gis.ge/,ორგანიზაციის ბარათი საიტის ბმულით,რეგისტრაცია,უცნობია,უფასო,საშუალო,დაბალი,https://superi.ge/,—,ახალი,,,,U
E11,B,დირექტორია,BIA.ge,https://www.bia.ge/,კომპანიის პროფილი,რეგისტრაცია ან განახლება,უცნობია,გადასამოწმებელი,დაბალი–საშუალო,დაბალი,https://superi.ge/,—,ახალი,,,,S
E12,B,დირექტორია,08.ge,https://www.08.ge/,ორგანიზაციის ბარათი,რეგისტრაცია,უცნობია,გადასამოწმებელი,დაბალი–საშუალო,დაბალი,https://superi.ge/,—,ახალი,,,,S
E13,C,დირექტორია,Yandex Maps,https://yandex.com/maps/,ორგანიზაციის ბარათი,რეგისტრაცია,უცნობია,უფასო,დაბალი,დაბალი,https://superi.ge/,—,ახალი,,,"არასავალდებულო; Alta, Zoommer, MegaTechnica იქ არიან",S
E14,C,დირექტორია,gde.ge,https://gde.ge/,ავტომატური გვერდი .ge დომენზე,superi.ge-ის გვერდის შემოწმება,უცნობია,უფასო,დაბალი,დაბალი,https://superi.ge/,—,ახალი,,,,S
E15,C,დირექტორია,webrate.org,https://webrate.org/site/superi.ge,მოძველებული ავტომატური პროფილი,მონიტორინგი,უცნობია,უფასო,დაბალი,დაბალი,—,—,ახალი,,,ძველი აღწერა: „სუპერის ონლაინ მაღაზია… სუპერ ფასად“,S
B01,A,ბანკი,TBC განვადება — პარტნიორები,https://tbcganvadeba.ge/partners,სიაში დამატება საიტის ბმულით,მერჩანტ-მენეჯერთან (უკვე პარტნიორი ხართ),უცნობია,უფასო,მაღალი,დაბალი,https://superi.ge/,#2,ახალი,,,"სიაში არიან alta, zoommer, extra, veli, elit…",R
B02,A,ბანკი,თიბისი — ერთობლივი განვადების კამპანიის გვერდი,https://www.tbcbank.ge/web/en/installment-zoommer,კო-ბრენდირებული კამპანია (მაგ. Black Friday 0%),პარტნიორობა თიბისისთან,უცნობია,პარტნიორობა,მაღალი,საშუალო,კატეგორია / მთავარი,#2,ახალი,,,მაგალითია Zoommer-ის გვერდი; VELI-სა და Vendoo-საც აქვთ,S
B03,A,ბანკი,კრედო — ონლაინ განვადების პარტნიორი მაღაზიები,https://credobank.ge/en/products/online-installment,„პარტნიორი ონლაინ მაღაზიების“ ბლოკში დამატება,მერჩანტ-მენეჯერთან (უკვე პარტნიორი ხართ),უცნობია,უფასო,მაღალი,დაბალი,https://superi.ge/,#2,ახალი,,,"სიაში არიან pcshop.ge, Metromart",S
B04,A,ბანკი,კრედო — აქციის გვერდი,https://credobank.ge/en/promotions/mymarket-installment,ერთობლივი აქციის გვერდი,პარტნიორობა კრედოსთან,უცნობია,პარტნიორობა,საშუალო–მაღალი,საშუალო,კატეგორია,#2,ახალი,,,მაგალითია Mymarket-ის აქცია,S
B05,A,ბანკი,საქართველოს ბანკი — ბლოგი (ბიზნეს-ისტორია),https://bankofgeorgia.ge/blog/biznesi/cifruli-produqtebi/b2c-ge/,case study: „ნაწილ-ნაწილ“ და ონლაინ განვადება Superi.ge-ზე,pitch ბანკის მარკეტინგს,უცნობია,უფასო,საშუალო–მაღალი,საშუალო,https://superi.ge/,#2,ახალი,,,პარტნიორების საჯარო სია ვერ მოიძებნა,S
B06,B,ბანკი,საქართველოს ბანკი — Offers hub / PLUS,https://bankofgeorgia.ge/en/offers-hub,შეთავაზება (ქეშბექი ან PLUS ქულები),ფასიანი პარტნიორობა,უცნობია,ფასიანი,საშუალო–მაღალი,საშუალო,—,#2,ახალი,,,Black Friday-ის მიმოხილვებში მოხსენიება,S
B07,B,ბანკი,ტერაბანკი — ონლაინ განვადება,https://terabank.ge/ka/retail/loans/1020-onlain-ganvadeba,ინტეგრაცია + პარტნიორების სია (https://terabank.ge/ge/1334) + ცალკე სიახლე,ახალი ინტეგრაცია,უცნობია (დომენი ტექსტად ჩანს),პარტნიორობა,მაღალი,საშუალო,https://superi.ge/,#2,ახალი,,,ყოველ ახალ პარტნიორზე სიახლეს აქვეყნებენ,S
B08,B,ბანკი,Re|Bank — Top|Card პარტნიორები,https://rebank.ge/partners-inner?category=41,პარტნიორის ცალკე გვერდი საიტის მისამართით,პარტნიორობა,საიტის URL ჩანს (rel უცნობია),პარტნიორობა,საშუალო–მაღალი,საშუალო,https://superi.ge/,#2,ახალი,,,"ჯერ გადაამოწმეთ, რომ პროგრამა 2026 წელს ისევ მოქმედებს",S
B09,B,ბანკი,თიბისი — ბარათის შეთავაზებები,https://tbcbank.ge/ka/offers,შეთავაზების გვერდი,ფასიანი პარტნიორობა,უცნობია,ფასიანი,საშუალო–მაღალი,საშუალო,—,#2,ახალი,,,,S
B10,C,ბანკი,Liberty CashBack,https://cashback.ge/,ქეშბექის შეთავაზების გვერდი,პარტნიორობა (ლიბერთის ტერმინალი),უცნობია,ფასიანი,საშუალო,საშუალო,—,#2,ახალი,,,~400 პარტნიორი,S
B11,C,ბანკი,ლიბერთი — განვადება,https://www.libertybank.ge/en/produqtebi/chemtvis/sesxebi/ganvadeba,ახალი პარტნიორობა + პრეს-რელიზი,პარტნიორობა,—,პარტნიორობა,დაბალი–საშუალო,საშუალო,—,#2,ახალი,,,პარტნიორების სია ვერ მოიძებნა,S
P01,A,ფასების შედარება,PasiGo,https://pasigo.ge/stores,მაღაზიის გვერდი + პროდუქტები,პროდუქტების feed (XML/CSV); info@pasigo.ge,უცნობია,გადასამოწმებელი,მაღალი,დაბალი,პროდუქტები,—,ახალი,,,"Alta, Zoommer, Extra, Kontakt, Elit, MegaTechnica უკვე არიან",S
P02,A,ფასების შედარება,tarifebi.ge (tarifi.ge / hop.ge),https://tarifebi.ge/,მაღაზიის გვერდი,საიტის საკონტაქტო ფორმით,უცნობია,გადასამოწმებელი,მაღალი,დაბალი,პროდუქტები,—,ახალი,,,ელექტრონიკაში 170 მაღაზია,S
P03,A,ფასების შედარება,eCat.ge,https://ecat.ge/,მაღაზიის შეთავაზებები,partners@ecat.ge,უცნობია,გადასამოწმებელი,საშუალო–მაღალი,დაბალი,პროდუქტები,—,ახალი,,,,S
P04,B,ფასების შედარება,gamige.com,https://gamige.com/,პროდუქტები და მაღაზია,საიტის საკონტაქტო ფორმით,უცნობია,გადასამოწმებელი,საშუალო,დაბალი,პროდუქტები,—,ახალი,,,70 ათასზე მეტი პროდუქტი 18 ქსელიდან,S
P05,C,სია / მიმოხილვა,shoponlina.com — ქართული ონლაინ მაღაზიები,https://shoponlina.com/en/online-shopping-sites-georgia/,სიაში დამატება,თხოვნა ავტორს,უცნობია,უფასო,დაბალი–საშუალო,დაბალი,https://superi.ge/,—,ახალი,,,,S
P06,C,ფასების შედარება,price.ge,https://www.price.ge/,—,—,უცნობია,—,დაბალი,დაბალი,—,—,ახალი,,,ფასები მოძველებული ჩანს,S
D01,A,დისტრიბუტორი,Bosch — ოფიციალური დისტრიბუტორი საქართველოში,,„სად ვიყიდოთ“ ან პარტნიორების გვერდზე დამატება,შესყიდვების განყოფილების კონტაქტით,უცნობია,უფასო,მაღალი,საშუალო,https://superi.ge/bosch/,#1,ახალი,,,~400 პროდუქტი (დაახლ.); URL შიდა მომწოდებლების სიიდან შეავსეთ,U
D02,A,დისტრიბუტორი,Samsung — ოფიციალური დისტრიბუტორი საქართველოში,,„სად ვიყიდოთ“ ან პარტნიორების გვერდზე დამატება,შესყიდვების განყოფილების კონტაქტით,უცნობია,უფასო,მაღალი,საშუალო,https://superi.ge/samsung/,#1,ახალი,,,~370 პროდუქტი (დაახლ.); URL შიდა მომწოდებლების სიიდან შეავსეთ,U
D03,A,დისტრიბუტორი,LG — ოფიციალური დისტრიბუტორი საქართველოში,,„სად ვიყიდოთ“ ან პარტნიორების გვერდზე დამატება,შესყიდვების განყოფილების კონტაქტით,უცნობია,უფასო,მაღალი,საშუალო,https://superi.ge/lg/,#1,ახალი,,,~255 პროდუქტი (დაახლ.); URL შიდა მომწოდებლების სიიდან შეავსეთ,U
D04,A,დისტრიბუტორი,Midea — ოფიციალური დისტრიბუტორი საქართველოში,,„სად ვიყიდოთ“ ან პარტნიორების გვერდზე დამატება,შესყიდვების განყოფილების კონტაქტით,უცნობია,უფასო,მაღალი,საშუალო,https://superi.ge/midea/,#1,ახალი,,,~250 პროდუქტი (დაახლ.); URL შიდა მომწოდებლების სიიდან შეავსეთ,U
D05,A,დისტრიბუტორი,Beko — ოფიციალური დისტრიბუტორი საქართველოში,,„სად ვიყიდოთ“ ან პარტნიორების გვერდზე დამატება,შესყიდვების განყოფილების კონტაქტით,უცნობია,უფასო,მაღალი,საშუალო,https://superi.ge/beko/,#1,ახალი,,,~230 პროდუქტი (დაახლ.); URL შიდა მომწოდებლების სიიდან შეავსეთ,U
D06,B,დისტრიბუტორი,Lenovo — ოფიციალური დისტრიბუტორი საქართველოში,,„სად ვიყიდოთ“ ან პარტნიორების გვერდზე დამატება,შესყიდვების განყოფილების კონტაქტით,უცნობია,უფასო,საშუალო,საშუალო,https://superi.ge/lenovo/,#1,ახალი,,,~155 პროდუქტი (დაახლ.); URL შიდა მომწოდებლების სიიდან შეავსეთ,U
D07,B,დისტრიბუტორი,Xiaomi — ოფიციალური დისტრიბუტორი საქართველოში,,„სად ვიყიდოთ“ ან პარტნიორების გვერდზე დამატება,შესყიდვების განყოფილების კონტაქტით,უცნობია,უფასო,საშუალო,საშუალო,https://superi.ge/xiaomi/,#1,ახალი,,,~145 პროდუქტი (დაახლ.); URL შიდა მომწოდებლების სიიდან შეავსეთ,U
D08,B,დისტრიბუტორი,ASUS — ოფიციალური დისტრიბუტორი საქართველოში,,„სად ვიყიდოთ“ ან პარტნიორების გვერდზე დამატება,შესყიდვების განყოფილების კონტაქტით,უცნობია,უფასო,საშუალო,საშუალო,https://superi.ge/asus/,#1,ახალი,,,~135 პროდუქტი (დაახლ.); URL შიდა მომწოდებლების სიიდან შეავსეთ,U
D09,B,დისტრიბუტორი,HP — ოფიციალური დისტრიბუტორი საქართველოში,,„სად ვიყიდოთ“ ან პარტნიორების გვერდზე დამატება,შესყიდვების განყოფილების კონტაქტით,უცნობია,უფასო,საშუალო,საშუალო,https://superi.ge/hp/,#1,ახალი,,,~125 პროდუქტი (დაახლ.); URL შიდა მომწოდებლების სიიდან შეავსეთ,U
D10,B,დისტრიბუტორი,Apple — ოფიციალური დისტრიბუტორი საქართველოში,,„სად ვიყიდოთ“ ან პარტნიორების გვერდზე დამატება,შესყიდვების განყოფილების კონტაქტით,უცნობია,უფასო,საშუალო,საშუალო,https://superi.ge/apple/,#1,ახალი,,,~80 პროდუქტი (დაახლ.); URL შიდა მომწოდებლების სიიდან შეავსეთ,U
D11,B,დისტრიბუტორი,Gree — ოფიციალური დისტრიბუტორი საქართველოში,,„სად ვიყიდოთ“ ან პარტნიორების გვერდზე დამატება,შესყიდვების განყოფილების კონტაქტით,უცნობია,უფასო,საშუალო,საშუალო,https://superi.ge/gree/,#1,ახალი,,,~65 პროდუქტი; კონდიციონერები (დაახლ.); URL შიდა მომწოდებლების სიიდან შეავსეთ,U
D12,B,დისტრიბუტორი,Electrolux — ოფიციალური დისტრიბუტორი საქართველოში,,„სად ვიყიდოთ“ ან პარტნიორების გვერდზე დამატება,შესყიდვების განყოფილების კონტაქტით,უცნობია,უფასო,საშუალო,საშუალო,https://superi.ge/electrolux/,#1,ახალი,,,~65 პროდუქტი (დაახლ.); URL შიდა მომწოდებლების სიიდან შეავსეთ,U
D13,C,დისტრიბუტორი,Daikin — ოფიციალური დისტრიბუტორი საქართველოში,,„სად ვიყიდოთ“ ან პარტნიორების გვერდზე დამატება,შესყიდვების განყოფილების კონტაქტით,უცნობია,უფასო,საშუალო,საშუალო,https://superi.ge/daikin/,#1,ახალი,,,კონდიციონერები (დაახლ.); URL შიდა მომწოდებლების სიიდან შეავსეთ,U
D14,C,დისტრიბუტორი,Dyson — ოფიციალური დისტრიბუტორი საქართველოში,,„სად ვიყიდოთ“ ან პარტნიორების გვერდზე დამატება,შესყიდვების განყოფილების კონტაქტით,უცნობია,უფასო,საშუალო,საშუალო,https://superi.ge/dyson/,#1,ახალი,,,~18 პროდუქტი (დაახლ.); URL შიდა მომწოდებლების სიიდან შეავსეთ,U
D15,C,დისტრიბუტორი,"გლობალური reseller locator-ები (Lenovo, HP, ASUS, Dyson, Dreame, Anker, EcoFlow)",,საქართველოს ფილტრში დამატება,ბრენდის პარტნიორ-პორტალით ან დისტრიბუტორით,უცნობია,უფასო,საშუალო,საშუალო,ბრენდის გვერდები,#1,ახალი,,,,U
M01,A,მედია — ბიზნესი,BM.GE,https://bm.ge/,"ბიზნეს-მედია, ტექნოლოგიების სექცია",pitch ჟურნალისტს (ექსკლუზივი ან ფართო გაგზავნა),უცნობია,უფასო (ფასიანი → sponsored),მაღალი,საშუალო,PR-მასალის გვერდი,#3 / #4,ახალი,,,"გათბობის კალკულატორი, 10 წელი, ფასების ინდექსი",S
M02,A,მედია — ბიზნესი,Forbes Georgia,https://forbes.ge/,ბიზნესი; ყოველკვირეული ტექ-დაიჯესტი,pitch ჟურნალისტს (ექსკლუზივი ან ფართო გაგზავნა),უცნობია,უფასო (ფასიანი → sponsored),მაღალი,საშუალო,PR-მასალის გვერდი,#3 / #4,ახალი,,,„პარტნიორის კონტენტი“ ფასიანია: ბმული მხოლოდ sponsored,S
M03,A,მედია — ბიზნესი,Business Insider Georgia,https://www.businessinsider.ge/,"ბიზნესი, ტექნოლოგიები",pitch ჟურნალისტს (ექსკლუზივი ან ფართო გაგზავნა),უცნობია,უფასო (ფასიანი → sponsored),მაღალი,საშუალო,PR-მასალის გვერდი,#3 / #4,ახალი,,,რეკლამის გვერდი: https://www.businessinsider.ge/advertisement,S
M04,A,მედია — ბიზნესი,BPN.GE,https://www.bpn.ge/,ბიზნესი; iPhone-ის ფასების თემები,pitch ჟურნალისტს (ექსკლუზივი ან ფართო გაგზავნა),უცნობია,უფასო (ფასიანი → sponsored),მაღალი,საშუალო,PR-მასალის გვერდი,#3 / #4,ახალი,,,ფასების ინდექსი,S
M05,A,მედია — ბიზნესი,Entrepreneur Georgia — Black Friday გზამკვლევი,https://www.entrepreneur.com/ka/business-news/black-friday-saqartveloshi/483352,„ვინ რას გვთავაზობს“: განახლებადი სია,pitch ჟურნალისტს (ექსკლუზივი ან ფართო გაგზავნა),უცნობია,უფასო (ფასიანი → sponsored),მაღალი,საშუალო,PR-მასალის გვერდი,#3 / #4,ახალი,,,Superi.ge-ის შეთავაზება 15 ნოემბრამდე,S
M06,A,მედია — ბიზნესი,Commersant.ge,https://commersant.ge/,ბიზნეს-საიტი + რადიო; e-commerce თემები,pitch ჟურნალისტს (ექსკლუზივი ან ფართო გაგზავნა),უცნობია,უფასო (ფასიანი → sponsored),მაღალი,საშუალო,PR-მასალის გვერდი,#3 / #4,ახალი,,,,S
M07,B,მედია — ბიზნესი,Marketer.ge,https://www.marketer.ge/,მარკეტინგი; პარტნიორობების სიახლეები,pitch ჟურნალისტს (ექსკლუზივი ან ფართო გაგზავნა),უცნობია,უფასო (ფასიანი → sponsored),საშუალო,საშუალო,PR-მასალის გვერდი,#3 / #4,ახალი,,,"ახალი პარტნიორობები (ბანკები, აგრეგატორები)",S
M08,B,მედია — ბიზნესი,Fortuna.ge,https://fortuna.ge/,რადიო + ბიზნესი; ფასდაკლებების ტეგი,pitch ჟურნალისტს (ექსკლუზივი ან ფართო გაგზავნა),უცნობია,უფასო (ფასიანი → sponsored),საშუალო,საშუალო,PR-მასალის გვერდი,#3 / #4,ახალი,,,,S
M09,B,მედია — ბიზნესი,FINCHANNEL,https://finchannel.com/ka/,ბიზნესი და ფინანსები,pitch ჟურნალისტს (ექსკლუზივი ან ფართო გაგზავნა),უცნობია,უფასო (ფასიანი → sponsored),საშუალო,საშუალო,PR-მასალის გვერდი,#3 / #4,ახალი,,,Black Friday-ის სტატიები,S
M10,B,მედია — ბიზნესი,Georgia Today,https://georgiatoday.ge/,ინგლისური და ქართული,pitch ჟურნალისტს (ექსკლუზივი ან ფართო გაგზავნა),უცნობია,უფასო (ფასიანი → sponsored),საშუალო,საშუალო,PR-მასალის გვერდი,#3 / #4,ახალი,,,Black Friday-ის სტატიები,S
M11,B,მედია — ბიზნესი,GBC,https://gbc.ge/,ეკონომიკა,pitch ჟურნალისტს (ექსკლუზივი ან ფართო გაგზავნა),უცნობია,უფასო (ფასიანი → sponsored),საშუალო,საშუალო,PR-მასალის გვერდი,#3 / #4,ახალი,,,ტარიფების ანალიზი,S
M12,B,მედია — ბიზნესი,BFM.ge,https://bfm.ge/,ბიზნესი და ენერგეტიკა,pitch ჟურნალისტს (ექსკლუზივი ან ფართო გაგზავნა),უცნობია,უფასო (ფასიანი → sponsored),საშუალო,საშუალო,PR-მასალის გვერდი,#3 / #4,ახალი,,,ტარიფები,S
M13,B,მედია — ბიზნესი,Energynews.ge,https://energynews.ge/,ენერგეტიკა,pitch ჟურნალისტს (ექსკლუზივი ან ფართო გაგზავნა),უცნობია,უფასო (ფასიანი → sponsored),საშუალო,საშუალო,PR-მასალის გვერდი,#3 / #4,ახალი,,,გათბობის კალკულატორი,S
M14,C,მედია — ბიზნესი,Knews.ge,https://knews.ge/,ბიზნეს-სიახლეები,pitch ჟურნალისტს (ექსკლუზივი ან ფართო გაგზავნა),უცნობია,უფასო (ფასიანი → sponsored),დაბალი–საშუალო,საშუალო,PR-მასალის გვერდი,#3 / #4,ახალი,,,,S
M15,C,მედია — ბიზნესი,CBW,https://cbw.ge/,ბიზნესი (ინგლისური),pitch ჟურნალისტს (ექსკლუზივი ან ფართო გაგზავნა),უცნობია,უფასო (ფასიანი → sponsored),დაბალი–საშუალო,საშუალო,PR-მასალის გვერდი,#3 / #4,ახალი,,,Kontakt-ის ბაზარზე შესვლა გააშუქა,S
M16,A,მედია — ზოგადი,Interpressnews,https://www.interpressnews.ge/ka/,ზოგადი ახალი ამბები,pitch ჟურნალისტს (ექსკლუზივი ან ფართო გაგზავნა),უცნობია,უფასო (ფასიანი → sponsored),მაღალი,საშუალო,PR-მასალის გვერდი,#3 / #4,ახალი,,,,S
M17,A,მედია — ზოგადი,On.ge / NEXT,https://on.ge/next,ზოგადი + მეცნიერება და ტექნოლოგიები,pitch ჟურნალისტს (ექსკლუზივი ან ფართო გაგზავნა),უცნობია,უფასო (ფასიანი → sponsored),მაღალი,საშუალო,PR-მასალის გვერდი,#3 / #4,ახალი,,,,S
M18,A,მედია — ზოგადი,Imedinews — ტექნოლოგიები,https://imedinews.ge/ge/teqnologiebi,ტექნოლოგიების სექცია,pitch ჟურნალისტს (ექსკლუზივი ან ფართო გაგზავნა),უცნობია,უფასო (ფასიანი → sponsored),მაღალი,საშუალო,PR-მასალის გვერდი,#3 / #4,ახალი,,,,S
M19,A,მედია — ზოგადი,1TV (საზოგადოებრივი მაუწყებელი),https://1tv.ge/,ზოგადი,pitch ჟურნალისტს (ექსკლუზივი ან ფართო გაგზავნა),უცნობია,უფასო (ფასიანი → sponsored),მაღალი,საშუალო,PR-მასალის გვერდი,#3 / #4,ახალი,,,ტარიფების დეტალური გაშუქება,S
M20,B,მედია — ზოგადი,Formula News,https://formulanews.ge/,ზოგადი,pitch ჟურნალისტს (ექსკლუზივი ან ფართო გაგზავნა),უცნობია,უფასო (ფასიანი → sponsored),საშუალო,საშუალო,PR-მასალის გვერდი,#3 / #4,ახალი,,,ტარიფები,S
M21,B,მედია — ზოგადი,Mix.Metronome,https://mix.metronome.ge/,ზოგადი / ტექ,pitch ჟურნალისტს (ექსკლუზივი ან ფართო გაგზავნა),უცნობია,უფასო (ფასიანი → sponsored),საშუალო,საშუალო,PR-მასალის გვერდი,#3 / #4,ახალი,,,iPhone-ის ფასები საქართველოში,S
M22,B,მედია — ზოგადი,JAMnews (ქართული),https://jam-news.net/ge/,ზოგადი; ტექ-გზამკვლევები,pitch ჟურნალისტს (ექსკლუზივი ან ფართო გაგზავნა),უცნობია,უფასო (ფასიანი → sponsored),საშუალო,საშუალო,PR-მასალის გვერდი,#3 / #4,ახალი,,,ტარიფები; ბიუჯეტური ტელეფონები,S
M23,B,მედია — ზოგადი,Ambebi.ge,https://www.ambebi.ge/,ზოგადი,pitch ჟურნალისტს (ექსკლუზივი ან ფართო გაგზავნა),უცნობია,უფასო (ფასიანი → sponsored),საშუალო,საშუალო,PR-მასალის გვერდი,#3 / #4,ახალი,,,,S
M24,C,მედია — ზოგადი,რადიო თავისუფლება,https://www.radiotavisupleba.ge/,ზოგადი,pitch ჟურნალისტს (ექსკლუზივი ან ფართო გაგზავნა),უცნობია,უფასო (ფასიანი → sponsored),დაბალი–საშუალო,საშუალო,PR-მასალის გვერდი,#3 / #4,ახალი,,,e-waste თემა,S
M25,C,მედია — ზოგადი,Factcheck.ge,https://factcheck.ge/,განმარტებითი მასალები,pitch ჟურნალისტს (ექსკლუზივი ან ფართო გაგზავნა),უცნობია,უფასო (ფასიანი → sponsored),დაბალი–საშუალო,საშუალო,PR-მასალის გვერდი,#3 / #4,ახალი,,,„101/301 კვტ.სთ“ თემა,S
M26,C,მედია — ზოგადი,Civil.ge,https://civil.ge/,ინგლისური,pitch ჟურნალისტს (ექსკლუზივი ან ფართო გაგზავნა),უცნობია,უფასო (ფასიანი → sponsored),დაბალი–საშუალო,საშუალო,PR-მასალის გვერდი,#3 / #4,ახალი,,,ტარიფები,S
M27,C,მედია — ზოგადი,Publika.ge,https://publika.ge/,ზოგადი,pitch ჟურნალისტს (ექსკლუზივი ან ფართო გაგზავნა),უცნობია,უფასო (ფასიანი → sponsored),დაბალი–საშუალო,საშუალო,PR-მასალის გვერდი,#3 / #4,ახალი,,,სტატუსი გადასამოწმებელია,U
M28,C,მედია — ზოგადი,Tabula,https://tabula.ge/,ზოგადი,pitch ჟურნალისტს (ექსკლუზივი ან ფართო გაგზავნა),უცნობია,უფასო (ფასიანი → sponsored),დაბალი–საშუალო,საშუალო,PR-მასალის გვერდი,#3 / #4,ახალი,,,სტატუსი გადასამოწმებელია,U
M29,C,მედია — ინგლისური,ExpatHub.ge,https://expathub.ge/,ემიგრანტები და უცხოელები,pitch ჟურნალისტს (ექსკლუზივი ან ფართო გაგზავნა),უცნობია,უფასო (ფასიანი → sponsored),დაბალი–საშუალო,საშუალო,PR-მასალის გვერდი,#3 / #4,ახალი,,,გათბობისა და კონდიციონერების ინგლისური გზამკვლევი,S
C01,A,თემი / ფორუმი,forum.ge — მშენებლობა და რემონტი (გათბობა),https://forum.ge/?showforum=93,"ექსპერტული პასუხები; ბმული მხოლოდ მაშინ, როცა პასუხს ავსებს",ბრენდირებული ანგარიშით; ჯგუფის წესების დაცვით,ugc / nofollow,უფასო,საშუალო,საშუალო,გზამკვლევები / კალკულატორები,#9 (წესები),ახალი,,,"„ცენტრალური გათბობის“ თემა, 1 590+ პოსტი: https://forum.ge/?f=93&showtopic=33822900",S
C02,A,თემი / ფორუმი,forum.ge — ელექტრო და საყოფაცხოვრებო ტექნიკა,https://forum.ge/?showforum=58,"ექსპერტული პასუხები; ბმული მხოლოდ მაშინ, როცა პასუხს ავსებს",ბრენდირებული ანგარიშით; ჯგუფის წესების დაცვით,ugc / nofollow,უფასო,საშუალო,საშუალო,გზამკვლევები / კალკულატორები,#9 (წესები),ახალი,,,"ტელევიზორები, ტექნიკა, კონდიციონერები",S
C03,B,თემი / ფორუმი,forum.ge — კომპიუტერული ტექნიკა,https://forum.ge/?showforum=14,"ექსპერტული პასუხები; ბმული მხოლოდ მაშინ, როცა პასუხს ავსებს",ბრენდირებული ანგარიშით; ჯგუფის წესების დაცვით,ugc / nofollow,უფასო,საშუალო,საშუალო,გზამკვლევები / კალკულატორები,#9 (წესები),ახალი,,,"PC ნაწილები, გეიმინგი",S
C04,B,თემი / ფორუმი,forum.ge — Android Club,https://forum.ge/?showforum=103,"ექსპერტული პასუხები; ბმული მხოლოდ მაშინ, როცა პასუხს ავსებს",ბრენდირებული ანგარიშით; ჯგუფის წესების დაცვით,ugc / nofollow,უფასო,საშუალო,საშუალო,გზამკვლევები / კალკულატორები,#9 (წესები),ახალი,,,"„მირჩიე სმარტფონი“, 5 340+ პოსტი",S
C05,B,თემი / ფორუმი,forum.ge — Apple,https://forum.ge/?showforum=98,"ექსპერტული პასუხები; ბმული მხოლოდ მაშინ, როცა პასუხს ავსებს",ბრენდირებული ანგარიშით; ჯგუფის წესების დაცვით,ugc / nofollow,უფასო,საშუალო,საშუალო,გზამკვლევები / კალკულატორები,#9 (წესები),ახალი,,,"iPhone, iOS",S
C06,C,თემი / ფორუმი,forum.ge — მობილური ტელეფონები (ყიდვა-გაყიდვა),https://forum.ge/?act=SF&f=55,"ექსპერტული პასუხები; ბმული მხოლოდ მაშინ, როცა პასუხს ავსებს",ბრენდირებული ანგარიშით; ჯგუფის წესების დაცვით,ugc / nofollow,უფასო,დაბალი,საშუალო,გზამკვლევები / კალკულატორები,#9 (წესები),ახალი,,,Zoommer-ს აქ საკუთარი თემა აქვს,S
C07,C,თემი / ფორუმი,Reddit — r/Sakartvelo,https://www.reddit.com/r/Sakartvelo/,"ექსპერტული პასუხები; ბმული მხოლოდ მაშინ, როცა პასუხს ავსებს",ბრენდირებული ანგარიშით; ჯგუფის წესების დაცვით,ugc / nofollow,უფასო,დაბალი,საშუალო,გზამკვლევები / კალკულატორები,#9 (წესები),ახალი,,,~72 ათასი (ძველი მონაცემით); მხოლოდ მონაცემებზე დაფუძნებული პოსტები,S
C08,C,თემი / ფორუმი,Reddit — r/tbilisi,https://www.reddit.com/r/tbilisi/,"ექსპერტული პასუხები; ბმული მხოლოდ მაშინ, როცა პასუხს ავსებს",ბრენდირებული ანგარიშით; ჯგუფის წესების დაცვით,ugc / nofollow,უფასო,დაბალი,საშუალო,გზამკვლევები / კალკულატორები,#9 (წესები),ახალი,,,,S
C09,C,თემი / ფორუმი,Reddit — r/TbilisiStudentLife,https://www.reddit.com/r/TbilisiStudentLife/,"ექსპერტული პასუხები; ბმული მხოლოდ მაშინ, როცა პასუხს ავსებს",ბრენდირებული ანგარიშით; ჯგუფის წესების დაცვით,ugc / nofollow,უფასო,დაბალი,საშუალო,გზამკვლევები / კალკულატორები,#9 (წესები),ახალი,,,სკოლისთვის მზადების სეზონი,S
C10,C,თემი / ფორუმი,Facebook — Expats in Tbilisi,https://www.facebook.com/ExpatsinTbilisi/,"ექსპერტული პასუხები; ბმული მხოლოდ მაშინ, როცა პასუხს ავსებს",ბრენდირებული ანგარიშით; ჯგუფის წესების დაცვით,ugc / nofollow,უფასო,დაბალი,საშუალო,გზამკვლევები / კალკულატორები,#9 (წესები),ახალი,,,ინგლისურენოვანი აუდიტორია,S
K01,A,კრეატორი,Tech House Geo,https://www.youtube.com/@techhousegeo,მიმოხილვა / unboxing; აღწერაში UTM-იანი ბმული,პროდუქტი ან ჰონორარი; თანამშრომლობის აღნიშვნა (#რეკლამა),sponsored / nofollow,ფასიანი / პროდუქტი,საშუალო,საშუალო,პროდუქტი / კატეგორია,#5,ახალი,,,"ქართული ტექ-არხი: მიმოხილვები, შედარებები, ტესტები",S
K02,B,კრეატორი,Slender BM (ბექა მნათობიშვილი),https://www.favikon.com/blog/top-youtubers-georgia,მიმოხილვა / unboxing; აღწერაში UTM-იანი ბმული,პროდუქტი ან ჰონორარი; თანამშრომლობის აღნიშვნა (#რეკლამა),sponsored / nofollow,ფასიანი / პროდუქტი,საშუალო,საშუალო,პროდუქტი / კატეგორია,#5,ახალი,,,გეიმინგი + პროდუქტის მიმოხილვები; პროფილის ბმული დასაზუსტებელია,S
K03,B,კრეატორი,Marselini (ნათია მარმარაშვილი),https://www.favikon.com/blog/top-youtubers-georgia,მიმოხილვა / unboxing; აღწერაში UTM-იანი ბმული,პროდუქტი ან ჰონორარი; თანამშრომლობის აღნიშვნა (#რეკლამა),sponsored / nofollow,ფასიანი / პროდუქტი,საშუალო,საშუალო,პროდუქტი / კატეგორია,#5,ახალი,,,"ბავშვები, სათამაშოები, unboxing; პროფილის ბმული დასაზუსტებელია",S
K04,C,კრეატორი,QIMERA,https://www.favikon.com/blog/top-youtubers-georgia,მიმოხილვა / unboxing; აღწერაში UTM-იანი ბმული,პროდუქტი ან ჰონორარი; თანამშრომლობის აღნიშვნა (#რეკლამა),sponsored / nofollow,ფასიანი / პროდუქტი,საშუალო,საშუალო,პროდუქტი / კატეგორია,#5,ახალი,,,"გეიმინგი, კონსოლები; YouTube ~191K, TikTok ~100K (ძველი მონაცემით)",S
K05,C,კრეატორი,Channel LC (რევაზ ნაჭყებია),https://www.favikon.com/blog/top-youtubers-georgia,მიმოხილვა / unboxing; აღწერაში UTM-იანი ბმული,პროდუქტი ან ჰონორარი; თანამშრომლობის აღნიშვნა (#რეკლამა),sponsored / nofollow,ფასიანი / პროდუქტი,საშუალო,საშუალო,პროდუქტი / კატეგორია,#5,ახალი,,,"კიბერსპორტი, პერიფერია",S
K06,B,კრეატორი,Fennec Tech Studio,https://www.entrepreneur.com/ka/siakhleebi-da-tendentsiebi/sakartvelos-bankis/416796,მიმოხილვა / unboxing; აღწერაში UTM-იანი ბმული,პროდუქტი ან ჰონორარი; თანამშრომლობის აღნიშვნა (#რეკლამა),sponsored / nofollow,ფასიანი / პროდუქტი,საშუალო,საშუალო,პროდუქტი / კატეგორია,#5,ახალი,,,"სტუდენტები, ტექ-კარიერა; საქართველოს ბანკის მხარდაჭერილი",S
K07,B,კრეატორი,სმარტლაბი,https://www.youtube.com/watch?v=aj6LuPSBfw4,მიმოხილვა / unboxing; აღწერაში UTM-იანი ბმული,პროდუქტი ან ჰონორარი; თანამშრომლობის აღნიშვნა (#რეკლამა),sponsored / nofollow,ფასიანი / პროდუქტი,საშუალო,საშუალო,პროდუქტი / კატეგორია,#5,ახალი,,,ბიუჯეტური ტელეფონები; არხის ბმული დასაზუსტებელია,S
K08,B,კრეატორი,PC-build არხები (ფასები ლარებში),https://www.youtube.com/watch?v=AR2gpK8hVaY,მიმოხილვა / unboxing; აღწერაში UTM-იანი ბმული,პროდუქტი ან ჰონორარი; თანამშრომლობის აღნიშვნა (#რეკლამა),sponsored / nofollow,ფასიანი / პროდუქტი,საშუალო,საშუალო,პროდუქტი / კატეგორია,#5,ახალი,,,„PC 3000 ლარად“ ინდექსი; არხები დასაზუსტებელია,S
K09,C,კრეატორი,კრეატორების დირექტორია — Favikon (საქართველო),https://www.favikon.com/blog/top-georgia-tiktokers,მიმოხილვა / unboxing; აღწერაში UTM-იანი ბმული,პროდუქტი ან ჰონორარი; თანამშრომლობის აღნიშვნა (#რეკლამა),sponsored / nofollow,ფასიანი / პროდუქტი,საშუალო,საშუალო,პროდუქტი / კატეგორია,#5,ახალი,,,კრეატორების მოსაძებნად; Georgia-ს ფილტრი გადაამოწმეთ,S
K10,C,კრეატორი,კრეატორების დირექტორია — Social Blade (GE),https://socialblade.com/youtube/top/country/ge,მიმოხილვა / unboxing; აღწერაში UTM-იანი ბმული,პროდუქტი ან ჰონორარი; თანამშრომლობის აღნიშვნა (#რეკლამა),sponsored / nofollow,ფასიანი / პროდუქტი,საშუალო,საშუალო,პროდუქტი / კატეგორია,#5,ახალი,,,კრეატორების მოსაძებნად,S
X01,B,პარტნიორობა,უნივერსიტეტები — სტუდენტური ბენეფიტების გვერდები,,სტუდენტური ფასდაკლება ბმულის სანაცვლოდ,შეთავაზება უნივერსიტეტის სტუდენტურ სერვისს,უცნობია,ფასდაკლება,საშუალო–მაღალი,საშუალო,https://superi.ge/noutbuqebi/,#7,ახალი,,,სეზონი: აგვისტო–სექტემბერი,U
X02,B,სპონსორობა,კიბერსპორტის / გეიმინგის ტურნირები,,ლოგო და ბმული სპონსორების გვერდზე,"პრიზები (Razer, HyperX, MSI, Playseat, Xbox…)",უცნობია,ფასიანი / პროდუქტი,საშუალო,საშუალო,https://superi.ge/gaming/,#6,ახალი,,,,U
X03,C,ასოციაცია,AmCham Georgia,https://amcham.ge/members_01.php,წევრების დირექტორია,ფასიანი წევრობა,უცნობია,წევრობა,საშუალო,დაბალი,https://superi.ge/,—,ახალი,,,წევრობის საფასური გადასამოწმებელია,S
X04,C,CSR,e-waste პარტნიორი (ლიცენზირებული შემგროვებელი) + CENN,https://cenn.org/,trade-in / ძველი ტექნიკის ჩაბარება; შეგროვების წერტილების სია,პარტნიორობა,უცნობია,პარტნიორობა,საშუალო,მაღალი,/dzveli-teqnikis-chabareba/ (შემოთავაზებული),#6,ახალი,,,EPR-ის კანონმდებლობა და შემგროვებლები გადასამოწმებელია,U
X05,C,CSR,"საქველმოქმედო პროექტი (სკოლები, სათემო ცენტრები)",,"მედიაში გაშუქება, პარტნიორის გვერდი",ტექნიკის შემოწირულობა,უცნობია,ფასიანი / პროდუქტი,საშუალო,საშუალო,https://superi.ge/,#6,ახალი,,,,U
Q01,C,მარკეტპლეისი / არხი,extra.ge,https://extra.ge/,ბრენდის ხილვადობა და გაყიდვები (SEO-ში ნაკლებად),გამყიდველის ან პარტნიორის ანგარიში,უცნობია,საკომისიო,დაბალი,საშუალო,—,—,ახალი,,,გამყიდველის მაღაზია; ფასები Superi.ge-სთან შეთანხმებული უნდა იყოს,S
Q02,C,მარკეტპლეისი / არხი,mymarket.ge,https://mymarket.ge/,ბრენდის ხილვადობა და გაყიდვები (SEO-ში ნაკლებად),გამყიდველის ან პარტნიორის ანგარიში,უცნობია,საკომისიო,დაბალი,საშუალო,—,—,ახალი,,,მაღაზიის პროფილი; ფასები Superi.ge-სთან შეთანხმებული უნდა იყოს,S
Q03,C,მარკეტპლეისი / არხი,VELI.store,https://veli.store/,ბრენდის ხილვადობა და გაყიდვები (SEO-ში ნაკლებად),გამყიდველის ან პარტნიორის ანგარიში,უცნობია,საკომისიო,დაბალი,საშუალო,—,—,ახალი,,,გამყიდველის პროფილი; ფასები Superi.ge-სთან შეთანხმებული უნდა იყოს,R
Q04,C,მარკეტპლეისი / არხი,Vendoo,https://vendoo.ge/,ბრენდის ხილვადობა და გაყიდვები (SEO-ში ნაკლებად),გამყიდველის ან პარტნიორის ანგარიში,უცნობია,საკომისიო,დაბალი,საშუალო,—,—,ახალი,,,გამყიდველის პროფილი; ფასები Superi.ge-სთან შეთანხმებული უნდა იყოს,R
Q05,C,მარკეტპლეისი / არხი,Wolt (თბილისი),https://wolt.com/ka/geo/tbilisi,ბრენდის ხილვადობა და გაყიდვები (SEO-ში ნაკლებად),გამყიდველის ან პარტნიორის ანგარიში,უცნობია,საკომისიო,დაბალი,საშუალო,—,—,ახალი,,,მცირე ტექნიკის სწრაფი მიწოდება; Alta იქ არის; ფასები Superi.ge-სთან შეთანხმებული უნდა იყოს,S
Q06,C,მარკეტპლეისი / არხი,Glovo,https://glovoapp.com/,ბრენდის ხილვადობა და გაყიდვები (SEO-ში ნაკლებად),გამყიდველის ან პარტნიორის ანგარიში,უცნობია,საკომისიო,დაბალი,საშუალო,—,—,ახალი,,,მცირე ტექნიკის სწრაფი მიწოდება; Elit იქ არის; ფასები Superi.ge-სთან შეთანხმებული უნდა იყოს,U
Q07,C,მარკეტპლეისი / არხი,Swoop.ge,https://swoop.ge/,ბრენდის ხილვადობა და გაყიდვები (SEO-ში ნაკლებად),გამყიდველის ან პარტნიორის ანგარიში,უცნობია,საკომისიო,დაბალი,საშუალო,—,—,ახალი,,,ვაუჩერული შეთავაზება; საიტის ბმული არ ჩანს; ფასები Superi.ge-სთან შეთანხმებული უნდა იყოს,S
