url,H1,title,meta_description,ტექსტი_სიტყვები,პროდუქტები_1_გვერდზე,შაბლონური_title
https://superi.ge/hosseven/,HOSSEVEN,HOSSEVEN — საუკეთესო ფასები | Superi.ge,HOSSEVEN-ის პროდუქცია Superi.ge-ზე: ✓ ნაწილ-ნაწილ გადახდა ✓ უფასო მიწოდება თბილისში 100₾-დან ✓ მიწოდება მთელ საქართველოში.,0,8,კი
https://superi.ge/philips/,PHILIPS,PHILIPS — საუკეთესო ფასები | Superi.ge,PHILIPS-ის პროდუქცია Superi.ge-ზე: ✓ ნაწილ-ნაწილ გადახდა ✓ უფასო მიწოდება თბილისში 100₾-დან ✓ მიწოდება მთელ საქართველოში.,0,20,კი
https://superi.ge/shark/,SHARK,SHARK — საუკეთესო ფასები | Superi.ge,SHARK-ის პროდუქცია Superi.ge-ზე: ✓ ნაწილ-ნაწილ გადახდა ✓ უფასო მიწოდება თბილისში 100₾-დან ✓ მიწოდება მთელ საქართველოში.,0,10,კი
https://superi.ge/vivitek/,Vivitek,Vivitek — საუკეთესო ფასები | Superi.ge,Vivitek-ის პროდუქცია Superi.ge-ზე: ✓ ნაწილ-ნაწილ გადახდა ✓ უფასო მიწოდება თბილისში 100₾-დან ✓ მიწოდება მთელ საქართველოში.,0,9,კი
https://superi.ge/ilife/,ILIFE,ILIFE — საუკეთესო ფასები | Superi.ge,ILIFE-ს პროდუქცია Superi.ge-ზე: ✓ ნაწილ-ნაწილ გადახდა ✓ უფასო მიწოდება თბილისში 100₾-დან ✓ მიწოდება მთელ საქართველოში.,0,1,კი
https://superi.ge/oz/,OZ,OZ — საუკეთესო ფასები | Superi.ge,OZ-ის პროდუქცია Superi.ge-ზე: ✓ ნაწილ-ნაწილ გადახდა ✓ უფასო მიწოდება თბილისში 100₾-დან ✓ მიწოდება მთელ საქართველოში.,0,10,კი
https://superi.ge/dell/,DELL,DELL — საუკეთესო ფასები | Superi.ge,DELL-ის პროდუქცია Superi.ge-ზე: ✓ ნაწილ-ნაწილ გადახდა ✓ უფასო მიწოდება თბილისში 100₾-დან ✓ მიწოდება მთელ საქართველოში.,0,23,კი
https://superi.ge/oukitel/,OUKITEL,OUKITEL — საუკეთესო ფასები | Superi.ge,OUKITEL-ის პროდუქცია Superi.ge-ზე: ✓ ნაწილ-ნაწილ გადახდა ✓ უფასო მიწოდება თბილისში 100₾-დან ✓ მიწოდება მთელ საქართველოში.,0,16,კი
https://superi.ge/ariston/,ARISTON,ARISTON — საუკეთესო ფასები | Superi.ge,ARISTON-ის პროდუქცია Superi.ge-ზე: ✓ ნაწილ-ნაწილ გადახდა ✓ უფასო მიწოდება თბილისში 100₾-დან ✓ მიწოდება მთელ საქართველოში.,0,1,კი
https://superi.ge/toshiba/,TOSHIBA,TOSHIBA — საუკეთესო ფასები | Superi.ge,TOSHIBA-ს პროდუქცია Superi.ge-ზე: ✓ ნაწილ-ნაწილ გადახდა ✓ უფასო მიწოდება თბილისში 100₾-დან ✓ მიწოდება მთელ საქართველოში.,0,28,კი
https://superi.ge/evii/,EVII,EVII — საუკეთესო ფასები | Superi.ge,EVII-ს პროდუქცია Superi.ge-ზე: ✓ ნაწილ-ნაწილ გადახდა ✓ უფასო მიწოდება თბილისში 100₾-დან ✓ მიწოდება მთელ საქართველოში.,0,1,კი
https://superi.ge/choetech/,CHOETECH,CHOETECH (ჩოუტეკი) - პორტატული დამტენები და დამტენი აქსესუარები | Superi.ge,შეიძინეთ CHOETECH-ის პორტატული დამტენები და დამტენი აქსესუარები Superi.ge-ზე. ნაწილ-ნაწილ გადახდა და მიწოდება მთელ საქართველოში.,0,1,არა
https://superi.ge/jbl/,JBL,JBL (ჯეიბიელი) - ყურსასმენები და აუდიო ტექნიკა | Superi.ge,შეიძინეთ JBL-ის ყურსასმენები და აუდიო ტექნიკა Superi.ge-ზე. ნაწილ-ნაწილ გადახდა და მიწოდება მთელ საქართველოში.,0,10,არა
https://superi.ge/hagen/,HAGEN,HAGEN — საუკეთესო ფასები | Superi.ge,HAGEN-ის პროდუქცია Superi.ge-ზე: ✓ ნაწილ-ნაწილ გადახდა ✓ უფასო მიწოდება თბილისში 100₾-დან ✓ მიწოდება მთელ საქართველოში.,0,8,კი
https://superi.ge/vestel/,VESTEL,VESTEL — საუკეთესო ფასები | Superi.ge,VESTEL-ის პროდუქცია Superi.ge-ზე: ✓ ნაწილ-ნაწილ გადახდა ✓ უფასო მიწოდება თბილისში 100₾-დან ✓ მიწოდება მთელ საქართველოში.,0,28,კი
https://superi.ge/ronix/,RONIX,RONIX — საუკეთესო ფასები | Superi.ge,RONIX-ის პროდუქცია Superi.ge-ზე: ✓ ნაწილ-ნაწილ გადახდა ✓ უფასო მიწოდება თბილისში 100₾-დან ✓ მიწოდება მთელ საქართველოში.,0,4,კი
https://superi.ge/sencor/,SENCOR,SENCOR — საუკეთესო ფასები | Superi.ge,SENCOR-ის პროდუქცია Superi.ge-ზე: ✓ ნაწილ-ნაწილ გადახდა ✓ უფასო მიწოდება თბილისში 100₾-დან ✓ მიწოდება მთელ საქართველოში.,0,28,კი
https://superi.ge/koopman/,Koopman,Koopman — საუკეთესო ფასები | Superi.ge,Koopman-ის პროდუქცია Superi.ge-ზე: ✓ ნაწილ-ნაწილ გადახდა ✓ უფასო მიწოდება თბილისში 100₾-დან ✓ მიწოდება მთელ საქართველოში.,0,1,კი
https://superi.ge/allibert/,Allibert,Allibert — საუკეთესო ფასები | Superi.ge,Allibert-ის პროდუქცია Superi.ge-ზე: ✓ ნაწილ-ნაწილ გადახდა ✓ უფასო მიწოდება თბილისში 100₾-დან ✓ მიწოდება მთელ საქართველოში.,0,2,კი
https://superi.ge/midea/,MIDEA,Midea (მიდეა) — საუკეთესო ფასები | Superi.ge,MIDEA-ს პროდუქცია Superi.ge-ზე: ✓ ნაწილ-ნაწილ გადახდა ✓ უფასო მიწოდება თბილისში 100₾-დან ✓ მიწოდება მთელ საქართველოში.,0,28,კი
https://superi.ge/oneplus/,ONEPLUS,ONEPLUS — საუკეთესო ფასები | Superi.ge,ONEPLUS-ის პროდუქცია Superi.ge-ზე: ✓ ნაწილ-ნაწილ გადახდა ✓ უფასო მიწოდება თბილისში 100₾-დან ✓ მიწოდება მთელ საქართველოში.,0,10,კი
https://superi.ge/hitachi/,HITACHI,HITACHI — საუკეთესო ფასები | Superi.ge,HITACHI-ს პროდუქცია Superi.ge-ზე: ✓ ნაწილ-ნაწილ გადახდა ✓ უფასო მიწოდება თბილისში 100₾-დან ✓ მიწოდება მთელ საქართველოში.,0,17,კი
https://superi.ge/toorx/,TOORX,TOORX — საუკეთესო ფასები | Superi.ge,TOORX-ის პროდუქცია Superi.ge-ზე: ✓ ნაწილ-ნაწილ გადახდა ✓ უფასო მიწოდება თბილისში 100₾-დან ✓ მიწოდება მთელ საქართველოში.,0,1,კი
https://superi.ge/gree/,GREE,GREE — საუკეთესო ფასები | Superi.ge,GREE-ს პროდუქცია Superi.ge-ზე: ✓ ნაწილ-ნაწილ გადახდა ✓ უფასო მიწოდება თბილისში 100₾-დან ✓ მიწოდება მთელ საქართველოში.,0,18,კი
https://superi.ge/gravastar/,GravaStar,GravaStar (გრავასტარი) - გეიმინგ მაუსები და აქსესუარები | Superi.ge,შეიძინეთ GravaStar-ის გეიმინგ მაუსები და აქსესუარები Superi.ge-ზე. ნაწილ-ნაწილ გადახდა და მიწოდება მთელ საქართველოში.,0,1,არა
https://superi.ge/llorens/,LLORENS,LLORENS — საუკეთესო ფასები | Superi.ge,LLORENS-ის პროდუქცია Superi.ge-ზე: ✓ ნაწილ-ნაწილ გადახდა ✓ უფასო მიწოდება თბილისში 100₾-დან ✓ მიწოდება მთელ საქართველოში.,0,3,კი
https://superi.ge/fujifilm/,FUJIFILM,FUJIFILM — საუკეთესო ფასები | Superi.ge,FUJIFILM-ის პროდუქცია Superi.ge-ზე: ✓ ნაწილ-ნაწილ გადახდა ✓ უფასო მიწოდება თბილისში 100₾-დან ✓ მიწოდება მთელ საქართველოში.,0,3,კი
https://superi.ge/thomson/,Thomson,Thomson — საუკეთესო ფასები | Superi.ge,Thomson-ის პროდუქცია Superi.ge-ზე: ✓ ნაწილ-ნაწილ გადახდა ✓ უფასო მიწოდება თბილისში 100₾-დან ✓ მიწოდება მთელ საქართველოში.,0,3,კი
https://superi.ge/nordictrack/,NordicTrack,NordicTrack — საუკეთესო ფასები | Superi.ge,NordicTrack-ის პროდუქცია Superi.ge-ზე: ✓ ნაწილ-ნაწილ გადახდა ✓ უფასო მიწოდება თბილისში 100₾-დან ✓ მიწოდება მთელ საქართველოში.,0,5,კი
https://superi.ge/kettler/,Kettler,Kettler — საუკეთესო ფასები | Superi.ge,Kettler-ის პროდუქცია Superi.ge-ზე: ✓ ნაწილ-ნაწილ გადახდა ✓ უფასო მიწოდება თბილისში 100₾-დან ✓ მიწოდება მთელ საქართველოში.,0,5,კი
https://superi.ge/marvo/,Marvo,Marvo (მარვო) - გეიმინგ ყურსასმენები და აქსესუარები | Superi.ge,შეიძინეთ Marvo-ს გეიმინგ ყურსასმენები და აქსესუარები Superi.ge-ზე. ნაწილ-ნაწილ გადახდა და მიწოდება მთელ საქართველოში.,0,18,არა
https://superi.ge/ninja/,NINJA,NINJA — საუკეთესო ფასები | Superi.ge,NINJA-ს პროდუქცია Superi.ge-ზე: ✓ ნაწილ-ნაწილ გადახდა ✓ უფასო მიწოდება თბილისში 100₾-დან ✓ მიწოდება მთელ საქართველოში.,0,28,კი
https://superi.ge/zilan/,ZILAN,ZILAN — საუკეთესო ფასები | Superi.ge,ZILAN-ის პროდუქცია Superi.ge-ზე: ✓ ნაწილ-ნაწილ გადახდა ✓ უფასო მიწოდება თბილისში 100₾-დან ✓ მიწოდება მთელ საქართველოში.,0,28,კი
https://superi.ge/segway/,SEGWAY,SEGWAY — საუკეთესო ფასები | Superi.ge,SEGWAY-ის პროდუქცია Superi.ge-ზე: ✓ ნაწილ-ნაწილ გადახდა ✓ უფასო მიწოდება თბილისში 100₾-დან ✓ მიწოდება მთელ საქართველოში.,0,4,კი
https://superi.ge/konner-and-sohnen/,KONNER&SOHNEN,KONNER&SOHNEN — საუკეთესო ფასები | Superi.ge,KONNER&SOHNEN-ის პროდუქცია Superi.ge-ზე: ✓ ნაწილ-ნაწილ გადახდა ✓ უფასო მიწოდება თბილისში 100₾-დან ✓ მიწოდება მთელ საქართველოში.,0,11,კი
https://superi.ge/lego/,LEGO,LEGO — საუკეთესო ფასები | Superi.ge,LEGO-ს პროდუქცია Superi.ge-ზე: ✓ ნაწილ-ნაწილ გადახდა ✓ უფასო მიწოდება თბილისში 100₾-დან ✓ მიწოდება მთელ საქართველოში.,0,16,კი
https://superi.ge/marazzi/,MARAZZI,MARAZZI — საუკეთესო ფასები | Superi.ge,MARAZZI-ს პროდუქცია Superi.ge-ზე: ✓ ნაწილ-ნაწილ გადახდა ✓ უფასო მიწოდება თბილისში 100₾-დან ✓ მიწოდება მთელ საქართველოში.,0,12,კი
https://superi.ge/keter/,Keter,Keter — საუკეთესო ფასები | Superi.ge,Keter-ის პროდუქცია Superi.ge-ზე: ✓ ნაწილ-ნაწილ გადახდა ✓ უფასო მიწოდება თბილისში 100₾-დან ✓ მიწოდება მთელ საქართველოში.,0,4,კი
https://superi.ge/kingsmith/,KingSmith,KingSmith — საუკეთესო ფასები | Superi.ge,KingSmith-ის პროდუქცია Superi.ge-ზე: ✓ ნაწილ-ნაწილ გადახდა ✓ უფასო მიწოდება თბილისში 100₾-დან ✓ მიწოდება მთელ საქართველოში.,0,9,კი
https://superi.ge/inno3d/,INNO3D,INNO3D — საუკეთესო ფასები | Superi.ge,INNO3D-ის პროდუქცია Superi.ge-ზე: ✓ ნაწილ-ნაწილ გადახდა ✓ უფასო მიწოდება თბილისში 100₾-დან ✓ მიწოდება მთელ საქართველოში.,0,1,კი
