url,H1,title,title_სიგრძე,meta_description,ტექსტი_სიტყვები,პროდუქტები_1_გვერდზე,ბმულები_ტექსტში,პრობლემები,პრიორიტეტი
https://superi.ge/telefonebi-tabletebi/,"ტელეფონები, ტაბლეტები, ელექტრონული წიგნები","ტელეფონები, ტაბლეტები, ელექტრონული წიგნები — საუკეთესო ფასები | Superi.ge",73,"ტელეფონები, ტაბლეტები, ელექტრონული წიგნები Superi.ge-ზე: ✓ ნაწილ-ნაწილ გადახდა ✓ უფასო მიწოდება თბილისში 100₾-დან ✓ მიწოდება მთელ საქართველოში.",0,28,0,ტექსტი არ აქვს; შაბლონური title; შაბლონური description,P1
https://superi.ge/teqnika/,ტექნიკა,ტექნიკა — საუკეთესო ფასები | Superi.ge,38,ტექნიკა Superi.ge-ზე: ✓ ნაწილ-ნაწილ გადახდა ✓ უფასო მიწოდება თბილისში 100₾-დან ✓ მიწოდება მთელ საქართველოში.,0,28,0,ტექსტი არ აქვს; შაბლონური title; შაბლონური description; მთავარი გვერდიდან ბმული არ აქვს,P1
https://superi.ge/tv/,TV-ფოტო-ვიდეო,TV-ფოტო-ვიდეო — საუკეთესო ფასები | Superi.ge,44,TV-ფოტო-ვიდეო Superi.ge-ზე: ✓ ნაწილ-ნაწილ გადახდა ✓ უფასო მიწოდება თბილისში 100₾-დან ✓ მიწოდება მთელ საქართველოში.,0,28,0,ტექსტი არ აქვს; შაბლონური title; შაბლონური description,P1
https://superi.ge/sakhli-da-dekori/,სახლი და დეკორი,სახლი და დეკორი — საუკეთესო ფასები | Superi.ge,46,სახლი და დეკორი Superi.ge-ზე: ✓ ნაწილ-ნაწილ გადახდა ✓ უფასო მიწოდება თბილისში 100₾-დან ✓ მიწოდება მთელ საქართველოში.,0,28,0,ტექსტი არ აქვს; შაბლონური title; შაბლონური description; მთავარი გვერდიდან ბმული არ აქვს,P1
https://superi.ge/samsheneblo-khelsatskoebi/,სამშენებლო ხელსაწყოები,სამშენებლო ხელსაწყოები — საუკეთესო ფასები | Superi.ge,53,სამშენებლო ხელსაწყოები Superi.ge-ზე: ✓ ნაწილ-ნაწილ გადახდა ✓ უფასო მიწოდება თბილისში 100₾-დან ✓ მიწოდება მთელ საქართველოში.,0,29,0,ტექსტი არ აქვს; შაბლონური title; შაბლონური description; მთავარი გვერდიდან ბმული არ აქვს,P1
https://superi.ge/portatuli-damtenebi/,პორტატული დამტენები,პორტატული დამტენები — საუკეთესო ფასები | Superi.ge,50,პორტატული დამტენები Superi.ge-ზე: ✓ ნაწილ-ნაწილ გადახდა ✓ უფასო მიწოდება თბილისში 100₾-დან ✓ მიწოდება მთელ საქართველოში.,0,28,0,ტექსტი არ აქვს; შაბლონური title; შაბლონური description; მთავარი გვერდიდან ბმული არ აქვს,P1
https://superi.ge/konsolebi-da-aqsesuarebi/,კონსოლები და აქსესუარები,კონსოლები და აქსესუარები — საუკეთესო ფასები | Superi.ge,55,კონსოლები და აქსესუარები Superi.ge-ზე: ✓ ნაწილ-ნაწილ გადახდა ✓ უფასო მიწოდება თბილისში 100₾-დან ✓ მიწოდება მთელ საქართველოში.,0,28,0,ტექსტი არ აქვს; შაბლონური title; შაბლონური description,P1
https://superi.ge/aveji/,ავეჯი,ავეჯი — საუკეთესო ფასები | Superi.ge,36,ავეჯი Superi.ge-ზე: ✓ ნაწილ-ნაწილ გადახდა ✓ უფასო მიწოდება თბილისში 100₾-დან ✓ მიწოდება მთელ საქართველოში.,0,28,0,ტექსტი არ აქვს; შაბლონური title; შაბლონური description,P1
https://superi.ge/tsvensatsurebi/,წვენსაწურები,წვენსაწურები — საუკეთესო ფასები | Superi.ge,43,წვენსაწურები Superi.ge-ზე: ✓ ნაწილ-ნაწილ გადახდა ✓ უფასო მიწოდება თბილისში 100₾-დან ✓ მიწოდება მთელ საქართველოში.,0,23,0,ტექსტი არ აქვს; შაბლონური title; შაბლონური description,P1
https://superi.ge/samzarelos-teqnika/,სამზარეულოს ტექნიკა,სამზარეულოს ტექნიკა — საუკეთესო ფასები | Superi.ge,50,სამზარეულოს ტექნიკა Superi.ge-ზე: ✓ ნაწილ-ნაწილ გადახდა ✓ უფასო მიწოდება თბილისში 100₾-დან ✓ მიწოდება მთელ საქართველოში.,0,28,0,ტექსტი არ აქვს; შაბლონური title; შაბლონური description,P1
https://superi.ge/kartrijebi-saghebavebi-qaghaldi/,"კარტრიჯები, საღებავები, ქაღალდი","კარტრიჯები, საღებავები, ქაღალდი — საუკეთესო ფასები | Superi.ge",62,"კარტრიჯები, საღებავები, ქაღალდი Superi.ge-ზე: ✓ ნაწილ-ნაწილ გადახდა ✓ უფასო მიწოდება თბილისში 100₾-დან ✓ მიწოდება მთელ საქართველოში.",0,28,0,ტექსტი არ აქვს; შაბლონური title; შაბლონური description,P1
https://superi.ge/tosteri/,ტოსტერი,ტოსტერი — საუკეთესო ფასები | Superi.ge,38,ტოსტერი Superi.ge-ზე: ✓ ნაწილ-ნაწილ გადახდა ✓ უფასო მიწოდება თბილისში 100₾-დან ✓ მიწოდება მთელ საქართველოში.,6,28,0,ტექსტი <50 სიტყვა; შაბლონური title; შაბლონური description,P1
https://superi.ge/kondicionerebi/,კონდიციონერები,კონდიციონერები — საუკეთესო ფასები | Superi.ge,45,კონდიციონერები Superi.ge-ზე: ✓ ნაწილ-ნაწილ გადახდა ✓ უფასო მიწოდება თბილისში 100₾-დან ✓ მიწოდება მთელ საქართველოში.,7,31,0,ტექსტი <50 სიტყვა; შაბლონური title; შაბლონური description,P1
https://superi.ge/bagis-aveji/,ბაღის ავეჯის კომპლექტი,ბაღის ავეჯის კომპლექტი — საუკეთესო ფასები | Superi.ge,53,ბაღის ავეჯის კომპლექტი Superi.ge-ზე: ✓ ნაწილ-ნაწილ გადახდა ✓ უფასო მიწოდება თბილისში 100₾-დან ✓ მიწოდება მთელ საქართველოში.,7,29,0,ტექსტი <50 სიტყვა; შაბლონური title; შაბლონური description,P1
https://superi.ge/noutbuqebi-kompiuterebi-monitorebi/,"ნოუთბუქები, კომპიუტერები, მონიტორები","ნოუთბუქები, კომპიუტერები, მონიტორები — საუკეთესო ფასები | Superi.ge",67,"ნოუთბუქები, კომპიუტერები, მონიტორები Superi.ge-ზე: ✓ ნაწილ-ნაწილ გადახდა ✓ უფასო მიწოდება თბილისში 100₾-დან ✓ მიწოდება მთელ საქართველოში.",7,28,0,ტექსტი <50 სიტყვა; შაბლონური title; შაბლონური description,P1
https://superi.ge/avtosamkaro/,ავტოსამყარო,ავტოსამყარო — საუკეთესო ფასები | Superi.ge,42,ავტოსამყარო Superi.ge-ზე: ✓ ნაწილ-ნაწილ გადახდა ✓ უფასო მიწოდება თბილისში 100₾-დან ✓ მიწოდება მთელ საქართველოში.,7,21,0,ტექსტი <50 სიტყვა; შაბლონური title; შაბლონური description; მთავარი გვერდიდან ბმული არ აქვს,P1
https://superi.ge/printerebi/,პრინტერები და მრავალფუნქციური მოწყობილობები,პრინტერები და მრავალფუნქციური მოწყობილობები — საუკეთესო ფასები | Superi.ge,74,პრინტერები და მრავალფუნქციური მოწყობილობები Superi.ge-ზე: ✓ ნაწილ-ნაწილ გადახდა ✓ უფასო მიწოდება თბილისში 100₾-დან ✓ მიწოდება მთელ საქართველოში.,7,28,0,ტექსტი <50 სიტყვა; შაბლონური title; შაბლონური description,P1
https://superi.ge/saopise-da-qseluri-motskobilobebi/,საოფისე და ქსელური მოწყობილობები,საოფისე და ქსელური მოწყობილობები — საუკეთესო ფასები | Superi.ge,63,საოფისე და ქსელური მოწყობილობები Superi.ge-ზე: ✓ ნაწილ-ნაწილ გადახდა ✓ უფასო მიწოდება თბილისში 100₾-დან ✓ მიწოდება მთელ საქართველოში.,7,28,0,ტექსტი <50 სიტყვა; შაბლონური title; შაბლონური description,P1
https://superi.ge/proeqtori/,პროექტორი,პროექტორი — საუკეთესო ფასები | Superi.ge,40,პროექტორი Superi.ge-ზე: ✓ ნაწილ-ნაწილ გადახდა ✓ უფასო მიწოდება თბილისში 100₾-დან ✓ მიწოდება მთელ საქართველოში.,7,28,0,ტექსტი <50 სიტყვა; შაბლონური title; შაბლონური description; მთავარი გვერდიდან ბმული არ აქვს,P1
https://superi.ge/samzareulos-aqsesuarebi/,სამზარეულოს აქსესუარები,სამზარეულოს აქსესუარები — საუკეთესო ფასები | Superi.ge,54,სამზარეულოს აქსესუარები Superi.ge-ზე: ✓ ნაწილ-ნაწილ გადახდა ✓ უფასო მიწოდება თბილისში 100₾-დან ✓ მიწოდება მთელ საქართველოში.,8,28,0,ტექსტი <50 სიტყვა; შაბლონური title; შაბლონური description,P1
https://superi.ge/sakinule/,საყინულეები,საყინულეები — საუკეთესო ფასები | Superi.ge,42,საყინულეები Superi.ge-ზე: ✓ ნაწილ-ნაწილ გადახდა ✓ უფასო მიწოდება თბილისში 100₾-დან ✓ მიწოდება მთელ საქართველოში.,8,30,0,ტექსტი <50 სიტყვა; შაბლონური title; შაბლონური description,P1
https://superi.ge/chasashenebeli-ghumelebi/,ჩასაშენებელი ღუმელები,ჩასაშენებელი ღუმელები — საუკეთესო ფასები | Superi.ge,52,ჩასაშენებელი ღუმელები Superi.ge-ზე: ✓ ნაწილ-ნაწილ გადახდა ✓ უფასო მიწოდება თბილისში 100₾-დან ✓ მიწოდება მთელ საქართველოში.,8,29,0,ტექსტი <50 სიტყვა; შაბლონური title; შაბლონური description,P1
https://superi.ge/tabletebi/,ტაბლეტები,ტაბლეტები — საუკეთესო ფასები | Superi.ge,40,ტაბლეტები Superi.ge-ზე: ✓ ნაწილ-ნაწილ გადახდა ✓ უფასო მიწოდება თბილისში 100₾-დან ✓ მიწოდება მთელ საქართველოში.,9,28,0,ტექსტი <50 სიტყვა; შაბლონური title; შაბლონური description; ბეჭდვითი შეცდომა: შეიძნე,P1
https://superi.ge/televizoris-aqsesuarebi/,ტელევიზორის აქსესუარები,ტელევიზორის აქსესუარები — საუკეთესო ფასები | Superi.ge,54,ტელევიზორის აქსესუარები Superi.ge-ზე: ✓ ნაწილ-ნაწილ გადახდა ✓ უფასო მიწოდება თბილისში 100₾-დან ✓ მიწოდება მთელ საქართველოში.,9,24,0,ტექსტი <50 სიტყვა; შაბლონური title; შაბლონური description,P1
https://superi.ge/yursasmenebi/,ყურსასმენები,ყურსასმენები — საუკეთესო ფასები | Superi.ge,43,ყურსასმენები Superi.ge-ზე: ✓ ნაწილ-ნაწილ გადახდა ✓ უფასო მიწოდება თბილისში 100₾-დან ✓ მიწოდება მთელ საქართველოში.,9,28,0,ტექსტი <50 სიტყვა; შაბლონური title; შაბლონური description,P1
https://superi.ge/kompiuteris-aqsesuarebi/,კომპიუტერის აქსესუარები,კომპიუტერის აქსესუარები — საუკეთესო ფასები | Superi.ge,54,კომპიუტერის აქსესუარები Superi.ge-ზე: ✓ ნაწილ-ნაწილ გადახდა ✓ უფასო მიწოდება თბილისში 100₾-დან ✓ მიწოდება მთელ საქართველოში.,9,28,0,ტექსტი <50 სიტყვა; შაბლონური title; შაბლონური description,P1
https://superi.ge/klimaturi-teqnika/,კლიმატური ტექნიკა,კლიმატური ტექნიკა — საუკეთესო ფასები | Superi.ge,48,კლიმატური ტექნიკა Superi.ge-ზე: ✓ ნაწილ-ნაწილ გადახდა ✓ უფასო მიწოდება თბილისში 100₾-დან ✓ მიწოდება მთელ საქართველოში.,10,28,0,ტექსტი <50 სიტყვა; შაბლონური title; შაბლონური description,P1
https://superi.ge/smart-watches/,SMART WATCHES,SMART WATCHES — საუკეთესო ფასები | Superi.ge,44,SMART WATCHES Superi.ge-ზე: ✓ ნაწილ-ნაწილ გადახდა ✓ უფასო მიწოდება თბილისში 100₾-დან ✓ მიწოდება მთელ საქართველოში.,10,28,0,ტექსტი <50 სიტყვა; შაბლონური title; შაბლონური description,P1
https://superi.ge/mobiluri-aqsesuarebi/,მობილური აქსესუარები,მობილური აქსესუარები — საუკეთესო ფასები | Superi.ge,51,მობილური აქსესუარები Superi.ge-ზე: ✓ ნაწილ-ნაწილ გადახდა ✓ უფასო მიწოდება თბილისში 100₾-დან ✓ მიწოდება მთელ საქართველოში.,10,28,0,ტექსტი <50 სიტყვა; შაბლონური title; შაბლონური description,P1
https://superi.ge/baghi-da-ezo/,ბაღი და ეზო,ბაღი და ეზო — საუკეთესო ფასები | Superi.ge,42,ბაღი და ეზო Superi.ge-ზე: ✓ ნაწილ-ნაწილ გადახდა ✓ უფასო მიწოდება თბილისში 100₾-დან ✓ მიწოდება მთელ საქართველოში.,11,28,0,ტექსტი <50 სიტყვა; შაბლონური title; შაბლონური description; მთავარი გვერდიდან ბმული არ აქვს,P1
https://superi.ge/satamashoebi/,სათამაშოები,სათამაშოები — საუკეთესო ფასები | Superi.ge,42,სათამაშოები Superi.ge-ზე: ✓ ნაწილ-ნაწილ გადახდა ✓ უფასო მიწოდება თბილისში 100₾-დან ✓ მიწოდება მთელ საქართველოში.,12,20,0,ტექსტი <50 სიტყვა; შაბლონური title; შაბლონური description,P1
https://superi.ge/proeqtoris-ekranebi/,პროექტორის ეკრანები,პროექტორის ეკრანები — საუკეთესო ფასები | Superi.ge,50,პროექტორის ეკრანები Superi.ge-ზე: ✓ ნაწილ-ნაწილ გადახდა ✓ უფასო მიწოდება თბილისში 100₾-დან ✓ მიწოდება მთელ საქართველოში.,13,28,0,ტექსტი <50 სიტყვა; შაბლონური title; შაბლონური description; მთავარი გვერდიდან ბმული არ აქვს,P1
https://superi.ge/protsesorebi/,პროცესორები,პროცესორები — საუკეთესო ფასები | Superi.ge,42,პროცესორები Superi.ge-ზე: ✓ ნაწილ-ნაწილ გადახდა ✓ უფასო მიწოდება თბილისში 100₾-დან ✓ მიწოდება მთელ საქართველოში.,20,28,0,ტექსტი <50 სიტყვა; შაბლონური title; შაბლონური description; მთავარი გვერდიდან ბმული არ აქვს,P1
https://superi.ge/motherboard/,დედა დაფები (motherboard),დედა დაფები (motherboard) — საუკეთესო ფასები | Superi.ge,56,დედა დაფები (motherboard) Superi.ge-ზე: ✓ ნაწილ-ნაწილ გადახდა ✓ უფასო მიწოდება თბილისში 100₾-დან ✓ მიწოდება მთელ საქართველოში.,34,28,0,ტექსტი <50 სიტყვა; შაბლონური title; შაბლონური description; მთავარი გვერდიდან ბმული არ აქვს,P1
https://superi.ge/samzareulos-kombainebi/,სამზარეულოს კომბაინები,სამზარეულოს კომბაინები — საუკეთესო ფასები | Superi.ge,53,სამზარეულოს კომბაინები Superi.ge-ზე: ✓ ნაწილ-ნაწილ გადახდა ✓ უფასო მიწოდება თბილისში 100₾-დან ✓ მიწოდება მთელ საქართველოში.,40,20,0,ტექსტი <50 სიტყვა; შაბლონური title; შაბლონური description,P1
https://superi.ge/yavis-aparatebi/,ყავის აპარატები,ყავის აპარატები — საუკეთესო ფასები | Superi.ge,46,ყავის აპარატები Superi.ge-ზე: ✓ ნაწილ-ნაწილ გადახდა ✓ უფასო მიწოდება თბილისში 100₾-დან ✓ მიწოდება მთელ საქართველოში.,42,28,0,ტექსტი <50 სიტყვა; შაბლონური title; შაბლონური description,P1
https://superi.ge/sporti/,სპორტი და დასვენება,სპორტი და დასვენება — საუკეთესო ფასები | Superi.ge,50,სპორტი და დასვენება Superi.ge-ზე: ✓ ნაწილ-ნაწილ გადახდა ✓ უფასო მიწოდება თბილისში 100₾-დან ✓ მიწოდება მთელ საქართველოში.,46,28,6,ტექსტი <50 სიტყვა; შაბლონური title; შაბლონური description,P1
https://superi.ge/churchelis-sarecxhi-manqanebi/,ჭურჭლის სარეცხი მანქანები,ჭურჭლის სარეცხი მანქანები — საუკეთესო ფასები | Superi.ge,56,ჭურჭლის სარეცხი მანქანები Superi.ge-ზე: ✓ ნაწილ-ნაწილ გადახდა ✓ უფასო მიწოდება თბილისში 100₾-დან ✓ მიწოდება მთელ საქართველოში.,49,29,0,ტექსტი <50 სიტყვა; შაბლონური title; შაბლონური description,P1
https://superi.ge/tskhovelta-samkaro/,ცხოველთა სამყარო,ცხოველთა სამყარო — საუკეთესო ფასები | Superi.ge,47,ცხოველთა სამყარო Superi.ge-ზე: ✓ ნაწილ-ნაწილ გადახდა ✓ უფასო მიწოდება თბილისში 100₾-დან ✓ მიწოდება მთელ საქართველოში.,0,5,0,ტექსტი არ აქვს; შაბლონური title; შაბლონური description; მთავარი გვერდიდან ბმული არ აქვს,P2
https://superi.ge/droni/,დრონი,დრონი — საუკეთესო ფასები | Superi.ge,36,დრონი Superi.ge-ზე: ✓ ნაწილ-ნაწილ გადახდა ✓ უფასო მიწოდება თბილისში 100₾-დან ✓ მიწოდება მთელ საქართველოში.,0,6,0,ტექსტი არ აქვს; შაბლონური title; შაბლონური description,P2
https://superi.ge/tmis-uto-staileri/,თმის უთო/სტაილერი,თმის უთო/სტაილერი — საუკეთესო ფასები | Superi.ge,48,თმის უთო/სტაილერი Superi.ge-ზე: ✓ ნაწილ-ნაწილ გადახდა ✓ უფასო მიწოდება თბილისში 100₾-დან ✓ მიწოდება მთელ საქართველოში.,0,18,0,ტექსტი არ აქვს; შაბლონური title; შაბლონური description,P2
https://superi.ge/gasaberi-aveji/,გასაბერი ავეჯი,გასაბერი ავეჯი — საუკეთესო ფასები | Superi.ge,45,გასაბერი ავეჯი Superi.ge-ზე: ✓ ნაწილ-ნაწილ გადახდა ✓ უფასო მიწოდება თბილისში 100₾-დან ✓ მიწოდება მთელ საქართველოში.,0,1,0,ტექსტი არ აქვს; შაბლონური title; შაბლონური description; მხოლოდ 1 პროდუქტი,P2
https://superi.ge/kutkhsakhekhi/,კუთხსახეხი,კუთხსახეხი — საუკეთესო ფასები | Superi.ge,41,კუთხსახეხი Superi.ge-ზე: ✓ ნაწილ-ნაწილ გადახდა ✓ უფასო მიწოდება თბილისში 100₾-დან ✓ მიწოდება მთელ საქართველოში.,0,1,0,ტექსტი არ აქვს; შაბლონური title; შაბლონური description; მხოლოდ 1 პროდუქტი,P2
https://superi.ge/velosipedebi/,ველოსიპედები,ველოსიპედები — საუკეთესო ფასები | Superi.ge,43,ველოსიპედები Superi.ge-ზე: ✓ ნაწილ-ნაწილ გადახდა ✓ უფასო მიწოდება თბილისში 100₾-დან ✓ მიწოდება მთელ საქართველოში.,6,12,0,ტექსტი <50 სიტყვა; შაბლონური title; შაბლონური description,P2
https://superi.ge/churcheli/,ჭურჭელი,ჭურჭელი — საუკეთესო ფასები | Superi.ge,38,ჭურჭელი Superi.ge-ზე: ✓ ნაწილ-ნაწილ გადახდა ✓ უფასო მიწოდება თბილისში 100₾-დან ✓ მიწოდება მთელ საქართველოში.,6,6,0,ტექსტი <50 სიტყვა; შაბლონური title; შაბლონური description; ბეჭდვითი შეცდომა: შეიძნე,P2
https://superi.ge/tsnevit-saretskhi-aparatebi/,წნევით სარეცხი აპარატები,წნევით სარეცხი აპარატები — საუკეთესო ფასები | Superi.ge,55,წნევით სარეცხი აპარატები Superi.ge-ზე: ✓ ნაწილ-ნაწილ გადახდა ✓ უფასო მიწოდება თბილისში 100₾-დან ✓ მიწოდება მთელ საქართველოში.,6,3,0,ტექსტი <50 სიტყვა; შაბლონური title; შაბლონური description; მხოლოდ 3 პროდუქტი,P2
https://superi.ge/tsentraluri-gatbobis-qvabi/,ცენტრალური გათბობის ქვაბი,ცენტრალური გათბობის ქვაბი — საუკეთესო ფასები | Superi.ge,56,ცენტრალური გათბობის ქვაბი Superi.ge-ზე: ✓ ნაწილ-ნაწილ გადახდა ✓ უფასო მიწოდება თბილისში 100₾-დან ✓ მიწოდება მთელ საქართველოში.,6,8,0,ტექსტი <50 სიტყვა; შაბლონური title; შაბლონური description; ბეჭდვითი შეცდომა: შეიძნე,P2
https://superi.ge/gaming/,GAMING მაგიდა-სავარძლები,GAMING მაგიდა-სავარძლები — საუკეთესო ფასები | Superi.ge,55,GAMING მაგიდა-სავარძლები Superi.ge-ზე: ✓ ნაწილ-ნაწილ გადახდა ✓ უფასო მიწოდება თბილისში 100₾-დან ✓ მიწოდება მთელ საქართველოში.,6,9,0,ტექსტი <50 სიტყვა; შაბლონური title; შაბლონური description,P2
https://superi.ge/fotoaparatebi/,ფოტოაპარატები,ფოტოაპარატები — საუკეთესო ფასები | Superi.ge,44,ფოტოაპარატები Superi.ge-ზე: ✓ ნაწილ-ნაწილ გადახდა ✓ უფასო მიწოდება თბილისში 100₾-დან ✓ მიწოდება მთელ საქართველოში.,7,13,0,ტექსტი <50 სიტყვა; შაბლონური title; შაბლონური description,P2
https://superi.ge/tsklis-gamatskheleblebi/,წყლის გამაცხელებლები,წყლის გამაცხელებლები — საუკეთესო ფასები | Superi.ge,51,წყლის გამაცხელებლები Superi.ge-ზე: ✓ ნაწილ-ნაწილ გადახდა ✓ უფასო მიწოდება თბილისში 100₾-დან ✓ მიწოდება მთელ საქართველოში.,7,17,0,ტექსტი <50 სიტყვა; შაბლონური title; შაბლონური description,P2
https://superi.ge/saretskh-satsmendi-sashualebebi/,სარეცხ-საწმენდი საშუალებები,სარეცხ-საწმენდი საშუალებები — საუკეთესო ფასები | Superi.ge,58,სარეცხ-საწმენდი საშუალებები Superi.ge-ზე: ✓ ნაწილ-ნაწილ გადახდა ✓ უფასო მიწოდება თბილისში 100₾-დან ✓ მიწოდება მთელ საქართველოში.,7,2,0,ტექსტი <50 სიტყვა; შაბლონური title; შაბლონური description; მხოლოდ 2 პროდუქტი,P2
https://superi.ge/mogzauroba/,მოგზაურობა,მოგზაურობა — საუკეთესო ფასები | Superi.ge,41,მოგზაურობა Superi.ge-ზე: ✓ ნაწილ-ნაწილ გადახდა ✓ უფასო მიწოდება თბილისში 100₾-დან ✓ მიწოდება მთელ საქართველოში.,8,1,0,ტექსტი <50 სიტყვა; შაბლონური title; შაბლონური description; მხოლოდ 1 პროდუქტი,P2
https://superi.ge/khelis-instrumentebi/,ხელის ინსტრუმენტები,ხელის ინსტრუმენტები — საუკეთესო ფასები | Superi.ge,50,ხელის ინსტრუმენტები Superi.ge-ზე: ✓ ნაწილ-ნაწილ გადახდა ✓ უფასო მიწოდება თბილისში 100₾-დან ✓ მიწოდება მთელ საქართველოში.,9,4,0,ტექსტი <50 სიტყვა; შაბლონური title; შაბლონური description,P2
https://superi.ge/teqstili/,ტექსტილი,ტექსტილი — საუკეთესო ფასები | Superi.ge,39,ტექსტილი Superi.ge-ზე: ✓ ნაწილ-ნაწილ გადახდა ✓ უფასო მიწოდება თბილისში 100₾-დან ✓ მიწოდება მთელ საქართველოში.,9,1,0,ტექსტი <50 სიტყვა; შაბლონური title; შაბლონური description; მხოლოდ 1 პროდუქტი,P2
https://superi.ge/saburavebi/,საბურავები,საბურავები — საუკეთესო ფასები | Superi.ge,41,საბურავები Superi.ge-ზე: ✓ ნაწილ-ნაწილ გადახდა ✓ უფასო მიწოდება თბილისში 100₾-დან ✓ მიწოდება მთელ საქართველოში.,10,3,0,ტექსტი <50 სიტყვა; შაბლონური title; შაბლონური description; მხოლოდ 3 პროდუქტი; მთავარი გვერდიდან ბმული არ აქვს,P2
https://superi.ge/tskhovelta-da-prinvelta-kveba/,ცხოველთა და ფრინველთა კვება,ცხოველთა და ფრინველთა კვება — საუკეთესო ფასები | Superi.ge,58,ცხოველთა და ფრინველთა კვება Superi.ge-ზე: ✓ ნაწილ-ნაწილ გადახდა ✓ უფასო მიწოდება თბილისში 100₾-დან ✓ მიწოდება მთელ საქართველოში.,10,5,0,ტექსტი <50 სიტყვა; შაბლონური title; შაბლონური description,P2
https://superi.ge/eleqtro-manqanebi/,ელექტრო მანქანები,ელექტრო მანქანები — საუკეთესო ფასები | Superi.ge,48,ელექტრო მანქანები Superi.ge-ზე: ✓ ნაწილ-ნაწილ გადახდა ✓ უფასო მიწოდება თბილისში 100₾-დან ✓ მიწოდება მთელ საქართველოში.,12,2,0,ტექსტი <50 სიტყვა; შაბლონური title; შაბლონური description; მხოლოდ 2 პროდუქტი; ბეჭდვითი შეცდომა: შეიძნე,P2
https://superi.ge/magida-da-skamebi/,მაგიდა და სკამები,მაგიდა და სკამები — საუკეთესო ფასები | Superi.ge,48,მაგიდა და სკამები Superi.ge-ზე: ✓ ნაწილ-ნაწილ გადახდა ✓ უფასო მიწოდება თბილისში 100₾-დან ✓ მიწოდება მთელ საქართველოში.,14,4,0,ტექსტი <50 სიტყვა; შაბლონური title; შაბლონური description,P2
https://superi.ge/satibebi/,სათიბები,სათიბები — საუკეთესო ფასები | Superi.ge,39,სათიბები Superi.ge-ზე: ✓ ნაწილ-ნაწილ გადახდა ✓ უფასო მიწოდება თბილისში 100₾-დან ✓ მიწოდება მთელ საქართველოში.,21,6,0,ტექსტი <50 სიტყვა; შაბლონური title; შაბლონური description,P2
https://superi.ge/shesawamli-aparatebi/,შესაწამლი აპარატები,შესაწამლი აპარატები — საუკეთესო ფასები | Superi.ge,50,შესაწამლი აპარატები Superi.ge-ზე: ✓ ნაწილ-ნაწილ გადახდა ✓ უფასო მიწოდება თბილისში 100₾-დან ✓ მიწოდება მთელ საქართველოში.,32,11,0,ტექსტი <50 სიტყვა; შაბლონური title; შაბლონური description,P2
https://superi.ge/choferebi/,ჩოფერები,ჩოფერები — საუკეთესო ფასები | Superi.ge,39,ჩოფერები Superi.ge-ზე: ✓ ნაწილ-ნაწილ გადახდა ✓ უფასო მიწოდება თბილისში 100₾-დან ✓ მიწოდება მთელ საქართველოში.,42,8,0,ტექსტი <50 სიტყვა; შაბლონური title; შაბლონური description,P2
https://superi.ge/gazonis-sakrechi-manqanebi/,გაზონის საკრეჭი მანქანები,გაზონის საკრეჭი მანქანები — საუკეთესო ფასები | Superi.ge,56,გაზონის საკრეჭი მანქანები Superi.ge-ზე: ✓ ნაწილ-ნაწილ გადახდა ✓ უფასო მიწოდება თბილისში 100₾-დან ✓ მიწოდება მთელ საქართველოში.,52,28,0,შაბლონური title; შაბლონური description,P2
https://superi.ge/eleqtro-gumelebi/,ელექტრო ღუმელები,ელექტრო ღუმელები — საუკეთესო ფასები | Superi.ge,47,ელექტრო ღუმელები Superi.ge-ზე: ✓ ნაწილ-ნაწილ გადახდა ✓ უფასო მიწოდება თბილისში 100₾-დან ✓ მიწოდება მთელ საქართველოში.,57,17,0,შაბლონური title; შაბლონური description,P2
https://superi.ge/gazqurebi/,გაზქურები,გაზქურები — საუკეთესო ფასები | Superi.ge,40,გაზქურები Superi.ge-ზე: ✓ ნაწილ-ნაწილ გადახდა ✓ უფასო მიწოდება თბილისში 100₾-დან ✓ მიწოდება მთელ საქართველოში.,66,29,0,შაბლონური title; შაბლონური description,P2
https://superi.ge/saakhaltslo/,საახალწლო,საახალწლო — საუკეთესო ფასები | Superi.ge,40,საახალწლო ნაძვის ხეები Superi.ge-ზე: ხელოვნური მწვანე და დათოვლილი მოდელები 150–300 სმ. ✓ ნაწილ-ნაწილ გადახდა ✓ უფასო მიწოდება თბილისში 100₾-დან.,75,25,6,შაბლონური title,P2
https://superi.ge/tsvrili-sakopatskhovrebo-teqnika/,წვრილი საყოფაცხოვრებო ტექნიკა,წვრილი საყოფაცხოვრებო ტექნიკა — საუკეთესო ფასები | Superi.ge,60,წვრილი საყოფაცხოვრებო ტექნიკა Superi.ge-ზე: ✓ ნაწილ-ნაწილ გადახდა ✓ უფასო მიწოდება თბილისში 100₾-დან ✓ მიწოდება მთელ საქართველოში.,76,28,14,შაბლონური title; შაბლონური description,P2
https://superi.ge/kompiuteris-natsilebi/,კომპიუტერის ნაწილები,კომპიუტერის ნაწილები — საუკეთესო ფასები | Superi.ge,51,კომპიუტერის ნაწილები Superi.ge-ზე: ✓ ნაწილ-ნაწილ გადახდა ✓ უფასო მიწოდება თბილისში 100₾-დან ✓ მიწოდება მთელ საქართველოში.,77,28,0,შაბლონური title; შაბლონური description,P2
https://superi.ge/sakopatskhovrebo-teqnika/,საყოფაცხოვრებო ტექნიკა,საყოფაცხოვრებო ტექნიკა — საუკეთესო ფასები | Superi.ge,53,საყოფაცხოვრებო ტექნიკა Superi.ge-ზე: ✓ ნაწილ-ნაწილ გადახდა ✓ უფასო მიწოდება თბილისში 100₾-დან ✓ მიწოდება მთელ საქართველოში.,84,28,16,შაბლონური title; შაბლონური description,P2
https://superi.ge/noutbuqebi/,ნოუთბუქები,ნოუთბუქები — საუკეთესო ფასები | Superi.ge,41,ნოუთბუქები Superi.ge-ზე: ✓ ნაწილ-ნაწილ გადახდა ✓ უფასო მიწოდება თბილისში 100₾-დან ✓ მიწოდება მთელ საქართველოში.,89,30,1,შაბლონური title; შაბლონური description,P2
https://superi.ge/skuterebi/,სკუტერები,სკუტერები — საუკეთესო ფასები | Superi.ge,40,სკუტერები Superi.ge-ზე: ✓ ნაწილ-ნაწილ გადახდა ✓ უფასო მიწოდება თბილისში 100₾-დან ✓ მიწოდება მთელ საქართველოში.,89,11,0,შაბლონური title; შაბლონური description,P2
https://superi.ge/sabavshvo-produqtsia/,საბავშვო პროდუქცია,საბავშვო პროდუქცია — საუკეთესო ფასები | Superi.ge,49,საბავშვო პროდუქცია Superi.ge-ზე: ✓ ნაწილ-ნაწილ გადახდა ✓ უფასო მიწოდება თბილისში 100₾-დან ✓ მიწოდება მთელ საქართველოში.,98,22,5,შაბლონური title; შაბლონური description; მთავარი გვერდიდან ბმული არ აქვს,P2
https://superi.ge/statsionaluri-teleponebi/,სტაციონალური ტელეფონები,სტაციონალური ტელეფონები — საუკეთესო ფასები | Superi.ge,54,სტაციონალური ტელეფონები Superi.ge-ზე: ✓ ნაწილ-ნაწილ გადახდა ✓ უფასო მიწოდება თბილისში 100₾-დან ✓ მიწოდება მთელ საქართველოში.,106,9,3,შაბლონური title; შაბლონური description,P2
https://superi.ge/batutebi/,ბატუტები,ბატუტები — საუკეთესო ფასები | Superi.ge,39,ბატუტები Superi.ge-ზე: ✓ ნაწილ-ნაწილ გადახდა ✓ უფასო მიწოდება თბილისში 100₾-დან ✓ მიწოდება მთელ საქართველოში.,109,3,3,შაბლონური title; შაბლონური description; მხოლოდ 3 პროდუქტი,P2
https://superi.ge/hamakebi-da-saqanelebi/,ჰამაკები და საქანელები,ჰამაკები და საქანელები — საუკეთესო ფასები | Superi.ge,53,ჰამაკები და საქანელები Superi.ge-ზე: ✓ ნაწილ-ნაწილ გადახდა ✓ უფასო მიწოდება თბილისში 100₾-დან ✓ მიწოდება მთელ საქართველოში.,113,10,2,შაბლონური title; შაბლონური description,P2
https://superi.ge/haeris-gamtsmendi-da-damatenianeblebi/,ჰაერის გამწმენდი და დამატენიანებლები,ჰაერის გამწმენდი და დამატენიანებლები — საუკეთესო ფასები | Superi.ge,67,ჰაერის გამწმენდი და დამატენიანებლები Superi.ge-ზე: ✓ ნაწილ-ნაწილ გადახდა ✓ უფასო მიწოდება თბილისში 100₾-დან ✓ მიწოდება მთელ საქართველოში.,116,9,1,შაბლონური title; შაბლონური description,P2
https://superi.ge/mikrotalghuri-ghumelebi/,მიკროტალღური ღუმელები,მიკროტალღური ღუმელები — საუკეთესო ფასები | Superi.ge,52,მიკროტალღური ღუმელები Superi.ge-ზე: ✓ ნაწილ-ნაწილ გადახდა ✓ უფასო მიწოდება თბილისში 100₾-დან ✓ მიწოდება მთელ საქართველოში.,119,29,2,შაბლონური title; შაბლონური description,P2
https://superi.ge/ventilatorebi/,ვენტილატორები,ვენტილატორები — საუკეთესო ფასები | Superi.ge,44,ვენტილატორები Superi.ge-ზე: ✓ ნაწილ-ნაწილ გადახდა ✓ უფასო მიწოდება თბილისში 100₾-დან ✓ მიწოდება მთელ საქართველოში.,121,28,0,შაბლონური title; შაბლონური description,P2
https://superi.ge/hoverbordebi/,ჰოვერბორდები,ჰოვერბორდები — საუკეთესო ფასები | Superi.ge,43,ჰოვერბორდები Superi.ge-ზე: ✓ ნაწილ-ნაწილ გადახდა ✓ უფასო მიწოდება თბილისში 100₾-დან ✓ მიწოდება მთელ საქართველოში.,124,23,3,შაბლონური title; შაბლონური description,P2
https://superi.ge/xorcis-sakepi-manqanebi/,ხორცსაკეპი მანქანები,ხორცსაკეპი მანქანები — საუკეთესო ფასები | Superi.ge,51,ხორცსაკეპი მანქანები Superi.ge-ზე: ✓ ნაწილ-ნაწილ გადახდა ✓ უფასო მიწოდება თბილისში 100₾-დან ✓ მიწოდება მთელ საქართველოში.,125,22,8,შაბლონური title; შაბლონური description,P2
https://superi.ge/samzareulos-danebi/,სამზარეულოს დანები,სამზარეულოს დანები — საუკეთესო ფასები | Superi.ge,49,სამზარეულოს დანები Superi.ge-ზე: ✓ ნაწილ-ნაწილ გადახდა ✓ უფასო მიწოდება თბილისში 100₾-დან ✓ მიწოდება მთელ საქართველოში.,128,7,9,შაბლონური title; შაბლონური description,P2
https://superi.ge/proeqtorebi-da-aqsesuarebi/,პროექტორები და აქსესუარები,პროექტორები და აქსესუარები — საუკეთესო ფასები | Superi.ge,57,პროექტორები და აქსესუარები Superi.ge-ზე: ✓ ნაწილ-ნაწილ გადახდა ✓ უფასო მიწოდება თბილისში 100₾-დან ✓ მიწოდება მთელ საქართველოში.,129,28,4,შაბლონური title; შაბლონური description,P2
https://superi.ge/dispenserebi/,დისპენსერები,დისპენსერები — საუკეთესო ფასები | Superi.ge,43,დისპენსერები Superi.ge-ზე: ✓ ნაწილ-ნაწილ გადახდა ✓ უფასო მიწოდება თბილისში 100₾-დან ✓ მიწოდება მთელ საქართველოში.,129,27,11,შაბლონური title; შაბლონური description,P2
https://superi.ge/miqserebi/,მიქსერები,მიქსერები — საუკეთესო ფასები | Superi.ge,40,მიქსერები Superi.ge-ზე: ✓ ნაწილ-ნაწილ გადახდა ✓ უფასო მიწოდება თბილისში 100₾-დან ✓ მიწოდება მთელ საქართველოში.,132,28,10,შაბლონური title; შაბლონური description,P2
https://superi.ge/auzebi/,აუზები და აქსესუარები,აუზები და აქსესუარები — საუკეთესო ფასები | Superi.ge,52,აუზები და აქსესუარები Superi.ge-ზე: ✓ ნაწილ-ნაწილ გადახდა ✓ უფასო მიწოდება თბილისში 100₾-დან ✓ მიწოდება მთელ საქართველოში.,134,30,2,შაბლონური title; შაბლონური description,P2
https://superi.ge/eleqtro-chaidnebi/,ელექტრო ჩაიდნები,ელექტრო ჩაიდნები — საუკეთესო ფასები | Superi.ge,47,ელექტრო ჩაიდნები Superi.ge-ზე: ✓ ნაწილ-ნაწილ გადახდა ✓ უფასო მიწოდება თბილისში 100₾-დან ✓ მიწოდება მთელ საქართველოში.,135,29,11,შაბლონური title; შაბლონური description,P2
https://superi.ge/all-in-one/,მონობლოკები All in One,მონობლოკები All in One — საუკეთესო ფასები | Superi.ge,53,მონობლოკები All in One Superi.ge-ზე: ✓ ნაწილ-ნაწილ გადახდა ✓ უფასო მიწოდება თბილისში 100₾-დან ✓ მიწოდება მთელ საქართველოში.,137,18,8,შაბლონური title; შაბლონური description,P2
https://superi.ge/sarbeni-bilikebi/,სარბენი ბილიკები,სარბენი ბილიკები — საუკეთესო ფასები | Superi.ge,47,სარბენი ბილიკები Superi.ge-ზე: ✓ ნაწილ-ნაწილ გადახდა ✓ უფასო მიწოდება თბილისში 100₾-დან ✓ მიწოდება მთელ საქართველოში.,137,28,1,შაბლონური title; შაბლონური description,P2
https://superi.ge/uto/,უთო,უთო — საუკეთესო ფასები | Superi.ge,34,უთო Superi.ge-ზე: ✓ ნაწილ-ნაწილ გადახდა ✓ უფასო მიწოდება თბილისში 100₾-დან ✓ მიწოდება მთელ საქართველოში.,138,28,9,შაბლონური title; შაბლონური description,P2
https://superi.ge/xelis-traqtorebi/,ხელის ტრაქტორები,ხელის ტრაქტორები — საუკეთესო ფასები | Superi.ge,47,ხელის ტრაქტორები Superi.ge-ზე: ✓ ნაწილ-ნაწილ გადახდა ✓ უფასო მიწოდება თბილისში 100₾-დან ✓ მიწოდება მთელ საქართველოში.,143,28,9,შაბლონური title; შაბლონური description,P2
https://superi.ge/tenis-amomshrobebi/,ნესტის შემწოვი აპარატები,ნესტის შემწოვი აპარატები — საუკეთესო ფასები | Superi.ge,55,ნესტის შემწოვი აპარატები Superi.ge-ზე: ✓ ნაწილ-ნაწილ გადახდა ✓ უფასო მიწოდება თბილისში 100₾-დან ✓ მიწოდება მთელ საქართველოში.,143,4,0,შაბლონური title; შაბლონური description,P2
https://superi.ge/trenazhorebi/,ტრენაჟორები,ტრენაჟორები — საუკეთესო ფასები | Superi.ge,42,ტრენაჟორები Superi.ge-ზე: ✓ ნაწილ-ნაწილ გადახდა ✓ უფასო მიწოდება თბილისში 100₾-დან ✓ მიწოდება მთელ საქართველოში.,145,28,10,შაბლონური title; შაბლონური description,P2
https://superi.ge/akumulatorebi/,აკუმულატორები,აკუმულატორები — საუკეთესო ფასები | Superi.ge,44,აკუმულატორები Superi.ge-ზე: ✓ ნაწილ-ნაწილ გადახდა ✓ უფასო მიწოდება თბილისში 100₾-დან ✓ მიწოდება მთელ საქართველოში.,146,18,7,შაბლონური title; შაბლონური description; მთავარი გვერდიდან ბმული არ აქვს,P2
https://superi.ge/blenderebi/,ბლენდერები,ბლენდერები — საუკეთესო ფასები | Superi.ge,41,ბლენდერები Superi.ge-ზე: ✓ ნაწილ-ნაწილ გადახდა ✓ უფასო მიწოდება თბილისში 100₾-დან ✓ მიწოდება მთელ საქართველოში.,146,30,10,შაბლონური title; შაბლონური description,P2
https://superi.ge/macivrebi/,მაცივრები,მაცივრები — საუკეთესო ფასები | Superi.ge,40,მაცივრები Superi.ge-ზე: ✓ ნაწილ-ნაწილ გადახდა ✓ უფასო მიწოდება თბილისში 100₾-დან ✓ მიწოდება მთელ საქართველოში.,147,31,11,შაბლონური title; შაბლონური description,P2
https://superi.ge/qvabebisa-da-tapebis-nakrebebi/,ქვაბებისა და ტაფების ნაკრებები,ქვაბებისა და ტაფების ნაკრებები — საუკეთესო ფასები | Superi.ge,61,ქვაბებისა და ტაფების ნაკრებები Superi.ge-ზე: ✓ ნაწილ-ნაწილ გადახდა ✓ უფასო მიწოდება თბილისში 100₾-დან ✓ მიწოდება მთელ საქართველოში.,149,18,10,შაბლონური title; შაბლონური description,P2
https://superi.ge/mobiluri-teleponebi/,მობილური ტელეფონები,მობილური ტელეფონები — საუკეთესო ფასები | Superi.ge,50,მობილური ტელეფონები Superi.ge-ზე: ✓ ნაწილ-ნაწილ გადახდა ✓ უფასო მიწოდება თბილისში 100₾-დან ✓ მიწოდება მთელ საქართველოში.,153,30,12,შაბლონური title; შაბლონური description,P3
https://superi.ge/chasashenebeli-saretskhi-manqanebi/,ჩასაშენებელი სარეცხი მანქანები,ჩასაშენებელი სარეცხი მანქანები — საუკეთესო ფასები | Superi.ge,61,ჩასაშენებელი სარეცხი მანქანები Superi.ge-ზე: ✓ ნაწილ-ნაწილ გადახდა ✓ უფასო მიწოდება თბილისში 100₾-დან ✓ მიწოდება მთელ საქართველოში.,154,2,8,შაბლონური title; შაბლონური description; მხოლოდ 2 პროდუქტი,P3
https://superi.ge/gamtsovi/,გამწოვი,გამწოვი — საუკეთესო ფასები | Superi.ge,38,გამწოვი Superi.ge-ზე: ✓ ნაწილ-ნაწილ გადახდა ✓ უფასო მიწოდება თბილისში 100₾-დან ✓ მიწოდება მთელ საქართველოში.,155,30,10,შაბლონური title; შაბლონური description,P3
https://superi.ge/kompresorebi/,კომპრესორები,კომპრესორები — საუკეთესო ფასები | Superi.ge,43,კომპრესორები Superi.ge-ზე: ✓ ნაწილ-ნაწილ გადახდა ✓ უფასო მიწოდება თბილისში 100₾-დან ✓ მიწოდება მთელ საქართველოში.,157,28,11,შაბლონური title; შაბლონური description,P3
https://superi.ge/aerogrilebi/,აეროგრილი,აეროგრილი — საუკეთესო ფასები | Superi.ge,40,აეროგრილი Superi.ge-ზე: ✓ ნაწილ-ნაწილ გადახდა ✓ უფასო მიწოდება თბილისში 100₾-დან ✓ მიწოდება მთელ საქართველოში.,162,30,11,შაბლონური title; შაბლონური description,P3
https://superi.ge/mtversasrutebi/,მტვერსასრუტები,მტვერსასრუტები — საუკეთესო ფასები | Superi.ge,45,მტვერსასრუტები Superi.ge-ზე: ✓ ნაწილ-ნაწილ გადახდა ✓ უფასო მიწოდება თბილისში 100₾-დან ✓ მიწოდება მთელ საქართველოში.,164,30,12,შაბლონური title; შაბლონური description,P3
https://superi.ge/mausebi/,მაუსები,"მაუსები — უსადენო, Bluetooth და გეიმინგ მაუსები | Superi.ge",59,"შეიძინე მაუსი Superi.ge-ზე: უსადენო, Bluetooth, სადენიანი და გეიმინგ მაუსები Logitech, Lenovo, Marvo და HyperX ბრენდებისგან, ნაწილ-ნაწილ გადახდით.",164,28,9,მთავარი გვერდიდან ბმული არ აქვს,P3
https://superi.ge/televizorebi/,ტელევიზორები,ტელევიზორები — საუკეთესო ფასები | Superi.ge,43,ტელევიზორები Superi.ge-ზე: ✓ ნაწილ-ნაწილ გადახდა ✓ უფასო მიწოდება თბილისში 100₾-დან ✓ მიწოდება მთელ საქართველოში.,171,31,12,შაბლონური title; შაბლონური description,P3
https://superi.ge/routers/,როუტერები,როუტერები — საუკეთესო ფასები | Superi.ge,40,როუტერები Superi.ge-ზე: ✓ ნაწილ-ნაწილ გადახდა ✓ უფასო მიწოდება თბილისში 100₾-დან ✓ მიწოდება მთელ საქართველოში.,174,28,7,შაბლონური title; შაბლონური description,P3
https://superi.ge/sashrobebi/,საშრობი მანქანები,საშრობი მანქანები — საუკეთესო ფასები | Superi.ge,48,საშრობი მანქანები Superi.ge-ზე: ✓ ნაწილ-ნაწილ გადახდა ✓ უფასო მიწოდება თბილისში 100₾-დან ✓ მიწოდება მთელ საქართველოში.,174,28,12,შაბლონური title; შაბლონური description,P3
https://superi.ge/saretskhi-manqanebi/,სარეცხი მანქანები,სარეცხი მანქანები — საუკეთესო ფასები | Superi.ge,48,სარეცხი მანქანები Superi.ge-ზე: ✓ ნაწილ-ნაწილ გადახდა ✓ უფასო მიწოდება თბილისში 100₾-დან ✓ მიწოდება მთელ საქართველოში.,179,30,12,შაბლონური title; შაბლონური description,P3
https://superi.ge/eleqtro-gamatboblebi/,ელექტრო გამათბობლები,ელექტრო გამათბობლები — საუკეთესო ფასები | Superi.ge,51,ელექტრო გამათბობლები Superi.ge-ზე: ✓ ნაწილ-ნაწილ გადახდა ✓ უფასო მიწოდება თბილისში 100₾-დან ✓ მიწოდება მთელ საქართველოში.,196,28,10,შაბლონური title; შაბლონური description,P3
https://superi.ge/nadzvisxe/,ნაძვის ხეები,ნაძვის ხეები — საუკეთესო ფასები | Superi.ge,43,"ხელოვნური ნაძვის ხეები 150-დან 300 სმ-მდე: მწვანე, დათოვლილი და გირჩებით გაფორმებული, ადვილად ასაწყობი მოდელები. ✓ ნაწილ-ნაწილ გადახდა ✓ მიწოდება მთელ საქართველოში.",224,25,4,შაბლონური title,P3
https://superi.ge/generatorebi/,გენერატორები,გენერატორები — საუკეთესო ფასები | Superi.ge,43,"გენერატორები 0.5-დან 100 კვტ-მდე: ბენზინის, დიზელის და ინვერტორული, 3 და 5 კვტ-იანი მოდელები და EcoFlow ელექტროსადგურები. ✓ ნაწილ-ნაწილ გადახდა ✓ მიწოდება მთელ საქართველოში.",271,28,19,შაბლონური title,P3
https://superi.ge/gazis-gamatboblebi/,გაზის გამათბობლები,გაზის გამათბობლები — საუკეთესო ფასები | Superi.ge,49,გაზის გამათბობლები Superi.ge-ზე: ✓ ნაწილ-ნაწილ გადახდა ✓ უფასო მიწოდება თბილისში 100₾-დან ✓ მიწოდება მთელ საქართველოში.,293,29,28,შაბლონური title; შაბლონური description,P3
https://superi.ge/sakeravi-teqnika/,საკერავი მანქანები,საკერავი მანქანები — საუკეთესო ფასები | Superi.ge,49,"საკერავი მანქანები Janome, Brother, Singer და Bernette — 50+ მოდელი დამწყებისთვის და პროფესიონალისთვის, ოვერლოკები. ✓ ნაწილ-ნაწილ გადახდა ✓ მიწოდება",398,28,27,შაბლონური title,P3
https://superi.ge/quris-zedapiri/,ქურის ზედაპირი,ქურის ზედაპირი — საუკეთესო ფასები | Superi.ge,45,"ქურის ზედაპირი: გაზის, ინდუქციური, ელექტრო და კომბინირებული, 30–90 სმ — Bosch, Gorenje, Beko, Midea და სხვა. ✓ ნაწილ-ნაწილ გადახდა ✓ მიწოდება",451,30,35,შაბლონური title,P3
https://superi.ge/monitor/,მონიტორები,მონიტორები — საუკეთესო ფასები | Superi.ge,41,"მონიტორები 22–57"": გეიმინგ 144–360 Hz, 2K და 4K, OLED და მოხრილი — Samsung, LG, Dell, ASUS, Lenovo. ✓ ნაწილ-ნაწილ გადახდა ✓ მიწოდება",581,28,38,შაბლონური title,P3
