url,სახელი,პრობლემა
https://superi.ge/xiaomi-robot-vasuum-5-white/,Xiaomi Robot Vaсuum 5 White,კირილიცის ასო(ები) ლათინურის ნაცვლად: с
https://superi.ge/remeza-sb4-f-500-lt100/,კომპრესორი REMEZA SB4/F-500.LТ100,კირილიცის ასო(ები) ლათინურის ნაცვლად: Т
https://superi.ge/remeza-sb4-f-500-lt100-11/,კომპრესორი REMEZA SB4/F-500.LТ100/11,კირილიცის ასო(ები) ლათინურის ნაცვლად: Т
https://superi.ge/remeza-sb4-s-100-lb30/,კომპრესორი REMEZA SB4/С-100.LB30,კირილიცის ასო(ები) ლათინურის ნაცვლად: С
https://superi.ge/remeza-sb4-s-100-lb30-a/,კომპრესორი REMEZA SB4/С-100.LB30 (A),კირილიცის ასო(ები) ლათინურის ნაცვლად: С
https://superi.ge/remeza-sb4-s-100-lb40/,კომპრესორი REMEZA SB4/С-100.LB40,კირილიცის ასო(ები) ლათინურის ნაცვლად: С
https://superi.ge/remeza-sb4-s-100-av360-a/,კომპრესორი REMEZA SB4/С-100.АВ360 (A),კირილიცის ასო(ები) ლათინურის ნაცვლად: АВС
https://superi.ge/remeza-sb4-s-200-av515/,კომპრესორი REMEZA SB4/С-200.АВ515,კირილიცის ასო(ები) ლათინურის ნაცვლად: АВС
https://superi.ge/remeza-sb4-s-270-av858/,კომპრესორი REMEZA SB4/С-270.АВ858,კირილიცის ასო(ები) ლათინურის ნაცვლად: АВС
https://superi.ge/remeza-sb4-s-50-lb30-a/,კომპრესორი REMEZA SB4/С-50.LB30 (A),კირილიცის ასო(ები) ლათინურის ნაცვლად: С
https://superi.ge/blaupunkt-55msg8000-mini-led-4k-140/,ტელევიზორი BLAUPUNKT 55MСG8000 MINI-LED 4K (140სმ),კირილიცის ასო(ები) ლათინურის ნაცვლად: С
https://superi.ge/bestway-56574-360h120/,ფოლადის კარკასული აუზი BESTWAY (56574) 360х120სმ,კირილიცის ასო(ები) ლათინურის ნაცვლად: х
https://superi.ge/all-in-one-lenovo-thinkcentre-neo-50a-24-gen-5-luna-gray/,ALL IN ONE Lenovo ThinkCentre neo 50a 24 Gen 5 Luna Gray,"სახელში ქართული ტიპი არ არის (მაგ. „ყურსასმენი“, „მაუსი“)"
https://superi.ge/asus-tuf-gaming-ax3000-dual-band-wifi-6-gaming-router-90ig0790-mu9b00/,ASUS TUF Gaming AX3000 Dual Band WiFi 6 Gaming Router 90IG0790-MU9B00,"სახელში ქართული ტიპი არ არის (მაგ. „ყურსასმენი“, „მაუსი“)"
https://superi.ge/apple-airpods-5-mkfw4/,Apple AirPods 5 MKFW4,"სახელში ქართული ტიპი არ არის (მაგ. „ყურსასმენი“, „მაუსი“)"
https://superi.ge/apple-airpods-pro-3-mfhp4-white/,Apple AirPods Pro 3 MFHP4 White,"სახელში ქართული ტიპი არ არის (მაგ. „ყურსასმენი“, „მაუსი“)"
https://superi.ge/apple-watch-se-3-gps-40mm-midnight-aluminium-case-with-midnight-sport-band-meh94-s-m/,Apple Watch SE 3 GPS 40mm Midnight Aluminium Case With Midnight Sport Band MEH94 S/M,"სახელში ქართული ტიპი არ არის (მაგ. „ყურსასმენი“, „მაუსი“)"
https://superi.ge/apple-watch-se-3-gps-44mm-midnight-aluminium-case-with-midnight-sport-band-mehn4-s-m/,Apple Watch SE 3 GPS 44mm Midnight Aluminium Case With Midnight Sport Band MEHN4 S/M,"სახელში ქართული ტიპი არ არის (მაგ. „ყურსასმენი“, „მაუსი“)"
https://superi.ge/apple-watch-se-3-gps-44mm-midnight-aluminium-case-with-midnight-sport-band-mehq4-m-l/,Apple Watch SE 3 GPS 44mm Midnight Aluminium Case With Midnight Sport Band MEHQ4 M/L,"სახელში ქართული ტიპი არ არის (მაგ. „ყურსასმენი“, „მაუსი“)"
https://superi.ge/apple-watch-series-11-gps-42mm-jet-black-aluminium-case-with-black-sport-band-mequ4-m-l/,Apple Watch Series 11 GPS 42mm Jet Black Aluminium Case With Black Sport Band MEQU4 M/L,"სახელში ქართული ტიპი არ არის (მაგ. „ყურსასმენი“, „მაუსი“)"
https://superi.ge/asus-tuf-gaming-f16-16-fx608jm-rv057-jaeger-gray/,Asus TUF Gaming F16 16'' (FX608JM-RV057) - Jaeger Gray,"სახელში ქართული ტიპი არ არის (მაგ. „ყურსასმენი“, „მაუსი“)"
https://superi.ge/canon-i-sensys-mf3010-bundle-with-2-cartridges-5252b034aa-black/,Canon i-SENSYS MF3010 Bundle with 2 cartridges 5252B034AA - Black,"სახელში ქართული ტიპი არ არის (მაგ. „ყურსასმენი“, „მაუსი“)"
https://superi.ge/canyon-power-bank-onpower-505-slim-magnetic-5000-beige-cns-cpb505be/,Canyon power bank OnPower 505 slim Magnetic 5000 Beige (CNS-CPB505BE),"სახელში ქართული ტიპი არ არის (მაგ. „ყურსასმენი“, „მაუსი“)"
https://superi.ge/celly-minimag-pb-3000-black/,Celly MINIMAG PB 3000 BLACK,"სახელში ქართული ტიპი არ არის (მაგ. „ყურსასმენი“, „მაუსი“)"
https://superi.ge/celly-minimag-pb-3000-lilac/,Celly MINIMAG PB 3000 LILAC,"სახელში ქართული ტიპი არ არის (მაგ. „ყურსასმენი“, „მაუსი“)"
https://superi.ge/celly-minimag-pb-3000-orange/,Celly MINIMAG PB 3000 ORANGE,"სახელში ქართული ტიპი არ არის (მაგ. „ყურსასმენი“, „მაუსი“)"
https://superi.ge/celly-minimag-pb-3000-white/,Celly MINIMAG PB 3000 WHITE,"სახელში ქართული ტიპი არ არის (მაგ. „ყურსასმენი“, „მაუსი“)"
https://superi.ge/celly-magsafe-pb-match-5000mah-blue/,Celly MagSafe PB MATCH 5000MAH BLUE,"სახელში ქართული ტიპი არ არის (მაგ. „ყურსასმენი“, „მაუსი“)"
https://superi.ge/celly-magsafe-pb-match-5000mah-orange/,Celly MagSafe PB MATCH 5000MAH ORANGE,"სახელში ქართული ტიპი არ არის (მაგ. „ყურსასმენი“, „მაუსი“)"
https://superi.ge/celly-magsafe-pb-match-5000mah-white/,Celly MagSafe PB MATCH 5000MAH WHITE,"სახელში ქართული ტიპი არ არის (მაგ. „ყურსასმენი“, „მაუსი“)"
https://superi.ge/celly-magsafe-powerbank-5000mah-bk/,Celly MagSafe POWERBANK 5000MAH BK,"სახელში ქართული ტიპი არ არის (მაგ. „ყურსასმენი“, „მაუსი“)"
https://superi.ge/celly-powerbank-energy-5000mah-evo-bk/,Celly POWERBANK ENERGY 5000MAH EVO BK,"სახელში ქართული ტიპი არ არის (მაგ. „ყურსასმენი“, „მაუსი“)"
https://superi.ge/celly-powerbank-energy-5000mah-evo-blue/,Celly POWERBANK ENERGY 5000MAH EVO BLUE,"სახელში ქართული ტიპი არ არის (მაგ. „ყურსასმენი“, „მაუსი“)"
https://superi.ge/celly-usb-c-power-bank-5000mah-white/,Celly USB-C Power Bank (5000mAh) White,"სახელში ქართული ტიპი არ არის (მაგ. „ყურსასმენი“, „მაუსი“)"
https://superi.ge/dell-16-dc16251-16-fhd-touch-core-7-150u-16gb-1tb-backlit-fingerprint-ubuntu-platinum-silver-note/,"DELL 16 DC16251 16"" FHD+ Touch Core 7 150U 16GB 1TB Backlit Fingerprint, Platinum Silver Notebook DC16251","სახელში ქართული ტიპი არ არის (მაგ. „ყურსასმენი“, „მაუსი“)"
https://superi.ge/dell-16-dc16251-16-2-5k-core-7-150u-16gb-512gb-backlit-fingerprint-platinum-silver-notebook/,"DELL 16 DC16251, 16"" 2.5K Core 7 150U 16GB 512GB Backlit Fingerprint, Platinum Silver Notebook","სახელში ქართული ტიპი არ არის (მაგ. „ყურსასმენი“, „მაუსი“)"
https://superi.ge/dell-pro-15-essential-15-6-fhd-120hz-i5-1334u-16gb-1tb-fingerprint-ubuntu-platinum-silver-notebook/,"DELL Pro 15 Essential 15.6"" (PV15250_RPLU_003_M_UBUNTU) Platinum Silver","სახელში ქართული ტიპი არ არის (მაგ. „ყურსასმენი“, „მაუსი“)"
https://superi.ge/dji-air-3s-fly-more-combo-dji-rc-2-grey/,DJI Air 3S FLY More Combo DJI RC 2 Grey,"სახელში ქართული ტიპი არ არის (მაგ. „ყურსასმენი“, „მაუსი“)"
https://superi.ge/dji-mini-5-pro-combo-plus-with-rc-2-grey/,DJI Mini 5 Pro Combo Plus With RC 2 Grey,"სახელში ქართული ტიპი არ არის (მაგ. „ყურსასმენი“, „მაუსი“)"
https://superi.ge/dyson-sv25-v8-absolute-silver/,DYSON SV25 V8 ABSOLUTE SILVER,"სახელში ქართული ტიპი არ არის (მაგ. „ყურსასმენი“, „მაუსი“)"
https://superi.ge/dark-project-alu-celestial-mechanical-gaming-keyboard-ansi/,Dark Project ALU Celestial - Mechanical Gaming Keyboard (ANSI),"სახელში ქართული ტიპი არ არის (მაგ. „ყურსასმენი“, „მაუსი“)"
https://superi.ge/dell-15-dc15250-15-6-120hz-i5-1334u-1x16gb-512gb-ssd-silver-aluminum/,"Dell 15 DC15250 15.6"" 120Hz/ i5 (DC15250_RPLU_003_M_UBU_GE) Silver","სახელში ქართული ტიპი არ არის (მაგ. „ყურსასმენი“, „მაუსი“)"
https://superi.ge/dyson-airstrait-ht01-straightener-prussian-blue/,Dyson Airstrait™ HT01 straightener Prussian Blue,"სახელში ქართული ტიპი არ არის (მაგ. „ყურსასმენი“, „მაუსი“)"
https://superi.ge/dyson-airwrap-coanda2x-hs09-multi-styler-and-dryer-ceramic-pink-rose-gold-eu-plug/,Dyson Airwrap Coanda2x™ HS09 Multi Styler & Dryer (Ceramic Pink/Rose Gold) - EU PLUG,"სახელში ქართული ტიპი არ არის (მაგ. „ყურსასმენი“, „მაუსი“)"
https://superi.ge/dyson-airwrap-hs09-co-anda-jasper-plum-598775-01/,Dyson Airwrap HS09 Co-anda Jasper Plum 598775-01,"სახელში ქართული ტიპი არ არის (მაგ. „ყურსასმენი“, „მაუსი“)"
https://superi.ge/dyson-airwrap-i-d-hs08-multi-styler-and-dryer-curlycoily-vinca-blue-topaz/,Dyson Airwrap i.d.™ HS08 multi-styler and dryer - Curly+Coily (Vinca Blue/Topaz),"სახელში ქართული ტიპი არ არის (მაგ. „ყურსასმენი“, „მაუსი“)"
https://superi.ge/dyson-airwrap-i-d-hs08-multi-styler-and-dryer-straightwavy-ceramic-patina-topaz/,Dyson Airwrap i.d.™ HS08 multi-styler and dryer - Straight+Wavy (Ceramic Patina/Topaz),"სახელში ქართული ტიპი არ არის (მაგ. „ყურსასმენი“, „მაუსი“)"
https://superi.ge/dyson-airwrap-i-d-hs08-multi-styler-and-dryer-straightwavy-ceramic-pink/,Dyson Airwrap i.d.™ HS08 multi-styler and dryer - Straight+Wavy (Ceramic Pink),"სახელში ქართული ტიპი არ არის (მაგ. „ყურსასმენი“, „მაუსი“)"
https://superi.ge/dyson-sv47-v15-detect-absolute-yellow-iron/,Dyson SV47 V15 Detect Absolute - Yellow/Iron,"სახელში ქართული ტიპი არ არის (მაგ. „ყურსასმენი“, „მაუსი“)"
https://superi.ge/gsc-gr500-thermaltake-racing-simulator-cockpit-steelaluminumblack-gsc-r50-cpasbb-01/,"GSC GR500, ThermalTake, racing simulator cockpit, Steel+AluminumBlack, GSC-R50-CPASBB-01","სახელში ქართული ტიპი არ არის (მაგ. „ყურსასმენი“, „მაუსი“)"
https://superi.ge/genius-km-8200-wireless-combo-black/,Genius KM-8200 Wireless Combo Black,"სახელში ქართული ტიპი არ არის (მაგ. „ყურსასმენი“, „მაუსი“)"
https://superi.ge/gravastar-gaming-mouse-mercury-x-pro-wireless-8k-dongle-galaxy-black/,GravaStar Gaming Mouse Mercury X Pro Wireless 8K Dongle Galaxy Black,"სახელში ქართული ტიპი არ არის (მაგ. „ყურსასმენი“, „მაუსი“)"
https://superi.ge/hoco-des03-original-series-white/,Hoco DES03 Original Series White,"სახელში ქართული ტიპი არ არის (მაგ. „ყურსასმენი“, „მაუსი“)"
https://superi.ge/hoco-j153-stability-power-bank-10000mah-black/,Hoco J153 Stability power bank(10000mAh) black,"სახელში ქართული ტიპი არ არის (მაგ. „ყურსასმენი“, „მაუსი“)"
https://superi.ge/hoco-j153-stability-power-bank-10000mah-white/,Hoco J153 Stability power bank(10000mAh) white,"სახელში ქართული ტიპი არ არის (მაგ. „ყურსასმენი“, „მაუსი“)"
https://superi.ge/hoco-j87-tacker-pd20wqc3-0-power-bank-10000mah-black/,Hoco J87 Tacker PD20W+QC3.0 Power Bank (10000mAh) Black,"სახელში ქართული ტიპი არ არის (მაგ. „ყურსასმენი“, „მაუსი“)"
https://superi.ge/honor-x8c-8gb-256gb-dual-sim-green/,Honor X8c 8GB/256GB Dual Sim Green,"სახელში ქართული ტიპი არ არის (მაგ. „ყურსასმენი“, „მაუსი“)"
https://superi.ge/honor-x8c-8gb-256gb-dual-sim-midnight-black/,Honor X8c 8GB/256GB Dual Sim Midnight Black,"სახელში ქართული ტიპი არ არის (მაგ. „ყურსასმენი“, „მაუსი“)"
https://superi.ge/honor-x9c-12gb-256gb-titanium-purple/,Honor X9c 12GB/256GB - Titanium Purple,"სახელში ქართული ტიპი არ არის (მაგ. „ყურსასმენი“, „მაუსი“)"
https://superi.ge/honor-x9c-8gb-256gb-titanium-purple/,Honor X9c 8GB/256GB - Titanium Purple,"სახელში ქართული ტიპი არ არის (მაგ. „ყურსასმენი“, „მაუსი“)"
https://superi.ge/hyperx-pulsefire-core-gaming-mouse-black/,HyperX Pulsefire Core Gaming Mouse Black,"სახელში ქართული ტიპი არ არის (მაგ. „ყურსასმენი“, „მაუსი“)"
https://superi.ge/infinix-smart-9-3gb-64gb-black/,Infinix Smart 9 3GB/64GB Black,"სახელში ქართული ტიპი არ არის (მაგ. „ყურსასმენი“, „მაუსი“)"
https://superi.ge/jbl-tune-t530-bt-wireless-on-ear-headphones-blue/,JBL Tune T530 BT Wireless On-Ear Headphones Blue,"სახელში ქართული ტიპი არ არის (მაგ. „ყურსასმენი“, „მაუსი“)"
https://superi.ge/jbl-tune-t530-bt-wireless-on-ear-headphones-white/,JBL Tune T530 BT Wireless On-Ear Headphones White,"სახელში ქართული ტიპი არ არის (მაგ. „ყურსასმენი“, „მაუსი“)"
https://superi.ge/jbl-tune-t780-nc-wireless-on-ear-headphones-black/,JBL Tune T780 NC Wireless On-Ear Headphones Black,"სახელში ქართული ტიპი არ არის (მაგ. „ყურსასმენი“, „მაუსი“)"
https://superi.ge/jbl-tune-t780-nc-wireless-on-ear-headphones-blue/,JBL Tune T780 NC Wireless On-Ear Headphones Blue,"სახელში ქართული ტიპი არ არის (მაგ. „ყურსასმენი“, „მაუსი“)"
https://superi.ge/jbl-vibe-flex-2-black/,JBL Vibe Flex 2 Black,"სახელში ქართული ტიპი არ არის (მაგ. „ყურსასმენი“, „მაუსი“)"
https://superi.ge/jbl-vibe-flex-2-white/,JBL Vibe Flex 2 White,"სახელში ქართული ტიპი არ არის (მაგ. „ყურსასმენი“, „მაუსი“)"
https://superi.ge/jbl-wave-beam-2-white/,JBL Wave Beam 2 White,"სახელში ქართული ტიპი არ არის (მაგ. „ყურსასმენი“, „მაუსი“)"
https://superi.ge/jbl-wave-flex-2-black/,JBL Wave Flex 2 Black,"სახელში ქართული ტიპი არ არის (მაგ. „ყურსასმენი“, „მაუსი“)"
https://superi.ge/jbl-wave-flex-2-blue/,JBL Wave Flex 2 Blue,"სახელში ქართული ტიპი არ არის (მაგ. „ყურსასმენი“, „მაუსი“)"
https://superi.ge/jbl-wave-flex-2-white/,JBL Wave Flex 2 White,"სახელში ქართული ტიპი არ არის (მაგ. „ყურსასმენი“, „მაუსი“)"
https://superi.ge/kitchen-machine-kenwood-khc30-070gy-kitchen-machine/,Kitchen Machine/ KENWOOD KHC30.070GY Kitchen Machine,"სახელში ქართული ტიპი არ არის (მაგ. „ყურსასმენი“, „მაუსი“)"
https://superi.ge/lego-chrysanthemum-10368/,LEGO Chrysanthemum #10368,"სახელში ქართული ტიპი არ არის (მაგ. „ყურსასმენი“, „მაუსი“)"
https://superi.ge/lego-constructor-botanicals-lucky-bamboo-10344/,LEGO Constructor Botanicals Lucky Bamboo #10344,"სახელში ქართული ტიპი არ არის (მაგ. „ყურსასმენი“, „მაუსი“)"
https://superi.ge/lego-constructor-botanicals-mini-orchid-10343/,LEGO Constructor Botanicals Mini Orchid #10343,"სახელში ქართული ტიპი არ არის (მაგ. „ყურსასმენი“, „მაუსი“)"
https://superi.ge/lego-constructor-minecraft-steves-desert-expedition-21251/,LEGO Constructor MINECRAFT STEVE'S DESERT EXPEDITION #21251,"სახელში ქართული ტიპი არ არის (მაგ. „ყურსასმენი“, „მაუსი“)"
https://superi.ge/lego-constructor-super-heroes-iron-man-mk4-bust-76327/,LEGO Constructor Super Heroes Iron Man MK4 Bust #76327,"სახელში ქართული ტიპი არ არის (მაგ. „ყურსასმენი“, „მაუსი“)"
https://superi.ge/lego-constructor-wild-animal-families-penguins-and-lions-10442/,LEGO Constructor Wild Animal Families: Penguins & Lions #10442,"სახელში ქართული ტიპი არ არის (მაგ. „ყურსასმენი“, „მაუსი“)"
https://superi.ge/lagenio-kids-watch-k10-black/,Lagenio Kids Watch K10 Black,"სახელში ქართული ტიპი არ არის (მაგ. „ყურსასმენი“, „მაუსი“)"
https://superi.ge/lagenio-kids-watch-k10-blue/,Lagenio Kids Watch K10 Blue,"სახელში ქართული ტიპი არ არის (მაგ. „ყურსასმენი“, „მაუსი“)"
https://superi.ge/lagenio-kids-watch-k10-pink/,Lagenio Kids Watch K10 Pink,"სახელში ქართული ტიპი არ არის (მაგ. „ყურსასმენი“, „მაუსი“)"
https://superi.ge/lagenio-kids-watch-k3-blue/,Lagenio Kids Watch K3 Blue,"სახელში ქართული ტიპი არ არის (მაგ. „ყურსასმენი“, „მაუსი“)"
https://superi.ge/lagenio-kids-watch-k3-pink/,Lagenio Kids Watch K3 Pink,"სახელში ქართული ტიპი არ არის (მაგ. „ყურსასმენი“, „მაუსი“)"
https://superi.ge/lagenio-kids-watch-k9-black/,Lagenio Kids Watch K9 Black,"სახელში ქართული ტიპი არ არის (მაგ. „ყურსასმენი“, „მაუსი“)"
https://superi.ge/lagenio-kids-watch-k9-purple/,Lagenio Kids Watch K9 Purple,"სახელში ქართული ტიპი არ არის (მაგ. „ყურსასმენი“, „მაუსი“)"
https://superi.ge/lenovo-150-wireless-mouse/,Lenovo 150 Wireless Mouse,"სახელში ქართული ტიპი არ არის (მაგ. „ყურსასმენი“, „მაუსი“)"
https://superi.ge/lenovo-300-wired-black/,Lenovo 300 Wired Black,"სახელში ქართული ტიპი არ არის (მაგ. „ყურსასმენი“, „მაუსი“)"
https://superi.ge/lenovo-300-wireless-gy51l15677-cloud-grey/,Lenovo 300 Wireless (GY51L15677) - Cloud Grey,"სახელში ქართული ტიპი არ არის (მაგ. „ყურსასმენი“, „მაუსი“)"
https://superi.ge/lenovo-300-wireless-gy51l15678-arctic-grey/,Lenovo 300 Wireless (GY51L15678) - Arctic Grey,"სახელში ქართული ტიპი არ არის (მაგ. „ყურსასმენი“, „მაუსი“)"
https://superi.ge/lenovo-400-usb-c-wireless-compact-mouse/,Lenovo 400 USB-C Wireless Compact Mouse,"სახელში ქართული ტიპი არ არის (მაგ. „ყურსასმენი“, „მაუსი“)"
https://superi.ge/lenovo-540-usb-c-wired-compact-mouse-cloud-grey/,Lenovo 540 USB-C Wired Compact Mouse - Cloud Grey,"სახელში ქართული ტიპი არ არის (მაგ. „ყურსასმენი“, „მაუსი“)"
https://superi.ge/lenovo-600-wireless-mouse-grey/,Lenovo 600 Wireless Mouse - Grey,"სახელში ქართული ტიპი არ არის (მაგ. „ყურსასმენი“, „მაუსი“)"
https://superi.ge/lenovo-go-usb-c-wireless-mouse-grey/,Lenovo Go USB-C Wireless Mouse - Grey,"სახელში ქართული ტიპი არ არის (მაგ. „ყურსასმენი“, „მაუსი“)"
https://superi.ge/lenovo-idea-tab-wi-fi-11-8gb-128gb-with-pen-and-folio-keyboard-luna-grey/,"Lenovo Idea Tab Wi-Fi 11"" 8GB/128GB with Pen & Folio Keyboard - Luna Grey","სახელში ქართული ტიპი არ არის (მაგ. „ყურსასმენი“, „მაუსი“)"
https://superi.ge/lenovo-legion-go-2-amd-ryzen-z2-extreme-32gb-1tb-8-8-1920x1200-1100-nits-120hz-windows-11-home/,"Lenovo Legion Go 2 AMD Ryzen Z2 Extreme 32GB 1TB 8.8"" 1920x1200 1100 nits 120Hz Windows 11 Home","სახელში ქართული ტიპი არ არის (მაგ. „ყურსასმენი“, „მაუსი“)"
https://superi.ge/lenovo-m210-rgb-gaming-mouse-black/,Lenovo M210 RGB Gaming Mouse - Black,"სახელში ქართული ტიპი არ არის (მაგ. „ყურსასმენი“, „მაუსი“)"
https://superi.ge/lenovo-professional-bluetooth-rechargeable-mouse/,Lenovo Professional Bluetooth Rechargeable Mouse,"სახელში ქართული ტიპი არ არის (მაგ. „ყურსასმენი“, „მაუსი“)"
https://superi.ge/lenovo-tab-11-8-128gb-5g-zafm0719uz-luna-grey/,Lenovo Tab 11 8/128GB 5G ZAFM0719UZ Luna Grey,"სახელში ქართული ტიპი არ არის (მაგ. „ყურსასმენი“, „მაუსი“)"
https://superi.ge/lenovo-thinkpad-wireless-mouse-4x30m56887/,Lenovo ThinkPad Wireless Mouse (4X30M56887),"სახელში ქართული ტიპი არ არის (მაგ. „ყურსასმენი“, „მაუსი“)"
https://superi.ge/lenovo-wl310-bluetooth-silent-mouse/,Lenovo WL310 Bluetooth Silent Mouse,"სახელში ქართული ტიპი არ არის (მაგ. „ყურსასმენი“, „მაუსი“)"
https://superi.ge/lenovo-yoga-bluetooth-silent-mouse-luna-grey/,Lenovo Yoga Bluetooth Silent Mouse - Luna Grey,"სახელში ქართული ტიპი არ არის (მაგ. „ყურსასმენი“, „მაუსი“)"
https://superi.ge/lenovo-yoga-bluetooth-silent-mouse-tidal-teal/,Lenovo Yoga Bluetooth Silent Mouse - Tidal Teal,"სახელში ქართული ტიპი არ არის (მაგ. „ყურსასმენი“, „მაუსი“)"
https://superi.ge/lenovo-yoga-pro-mouse-tidal-teal/,Lenovo Yoga Pro Mouse - Tidal Teal,"სახელში ქართული ტიპი არ არის (მაგ. „ყურსასმენი“, „მაუსი“)"
https://superi.ge/logitech-g102-lightsync-910-005823-black/,Logitech G102 LIGHTSYNC (910-005823) - Black,"სახელში ქართული ტიპი არ არის (მაგ. „ყურსასმენი“, „მაუსი“)"
https://superi.ge/logitech-g203-lightsync-gaming-mouse-black/,Logitech G203 LightSync Gaming Mouse - Black,"სახელში ქართული ტიპი არ არის (მაგ. „ყურსასმენი“, „მაუსი“)"
https://superi.ge/logitech-gaming-mouse-g-pro-x-superlight-2-lightspeed-wl-white/,Logitech Gaming Mouse G PRO X SUPERLIGHT 2 LIGHTSPEED WL White,"სახელში ქართული ტიპი არ არის (მაგ. „ყურსასმენი“, „მაუსი“)"
https://superi.ge/logitech-m170-wireless-mouse-910-004642-grey/,Logitech M170 Wireless Mouse (910-004642) - Grey,"სახელში ქართული ტიპი არ არის (მაგ. „ყურსასმენი“, „მაუსი“)"
https://superi.ge/logitech-m171-wireless-mouse-910-004424-black/,Logitech M171 Wireless Mouse (910-004424) - Black,"სახელში ქართული ტიპი არ არის (მაგ. „ყურსასმენი“, „მაუსი“)"
https://superi.ge/logitech-m171-wireless-mouse-910-004640-blue/,Logitech M171 Wireless Mouse (910-004640) - Blue,"სახელში ქართული ტიპი არ არის (მაგ. „ყურსასმენი“, „მაუსი“)"
https://superi.ge/logitech-m190-wireless-mouse-l910-005905/,Logitech M190 Wireless Mouse (L910-005905),"სახელში ქართული ტიპი არ არის (მაგ. „ყურსასმენი“, „მაუსი“)"
https://superi.ge/logitech-m190-wireless-mouse-red/,Logitech M190 Wireless Mouse - RED,"სახელში ქართული ტიპი არ არის (მაგ. „ყურსასმენი“, „მაუსი“)"
https://superi.ge/logitech-m196-bluetooth-mouse-graphite/,Logitech M196 Bluetooth Mouse - Graphite,"სახელში ქართული ტიპი არ არის (მაგ. „ყურსასმენი“, „მაუსი“)"
https://superi.ge/logitech-m196-bluetooth-mouse-white/,Logitech M196 Bluetooth Mouse - White,"სახელში ქართული ტიპი არ არის (მაგ. „ყურსასმენი“, „მაუსი“)"
https://superi.ge/logitech-m90-l910-001793-grey/,Logitech M90 (L910-001793) - Grey,"სახელში ქართული ტიპი არ არის (მაგ. „ყურსასმენი“, „მაუსი“)"
https://superi.ge/logitech-pebble-2-m350s-wireless-mouse-graphite/,Logitech Pebble 2 M350s Wireless Mouse Graphite,"სახელში ქართული ტიპი არ არის (მაგ. „ყურსასმენი“, „მაუსი“)"
https://superi.ge/logitech-signature-m650-l-bluetooth-mouse-graphite/,Logitech Signature M650 L Bluetooth Mouse - Graphite,"სახელში ქართული ტიპი არ არის (მაგ. „ყურსასმენი“, „მაუსი“)"
https://superi.ge/lydsto-window-cleaning-robot-wl07-max-white/,Lydsto Window Cleaning Robot WL07 MAX White,"სახელში ქართული ტიპი არ არის (მაგ. „ყურსასმენი“, „მაუსი“)"
https://superi.ge/marvo-quaz-wireless-in-ear-earbuds-be-889-black-red/,MARVO Quaz Wireless In-Ear Earbuds BE-889 - Black Red,"სახელში ქართული ტიპი არ არის (მაგ. „ყურსასმენი“, „მაუსი“)"
https://superi.ge/magic-mouse-usb-c-white-multi-touch-surface/,Magic Mouse (USB-C) - White Multi-Touch Surface,"სახელში ქართული ტიპი არ არის (მაგ. „ყურსასმენი“, „მაუსი“)"
https://superi.ge/marvo-g950-bk-wired-gaming-mouse-niro-40/,Marvo G950 BK Wired Gaming Mouse Niro 40,"სახელში ქართული ტიპი არ არის (მაგ. „ყურსასმენი“, „მაუსი“)"
https://superi.ge/marvo-g961-wired-gaming-mouse/,Marvo G961 Wired Gaming Mouse,"სახელში ქართული ტიპი არ არის (მაგ. „ყურსასმენი“, „მაუსი“)"
https://superi.ge/marvo-h8959-wired-headset-white/,Marvo H8959 Wired Headset - White,"სახელში ქართული ტიპი არ არის (მაგ. „ყურსასმენი“, „მაუსი“)"
https://superi.ge/marvo-hg9076w-tactic-x-pro-wireless-headset/,Marvo HG9076W Tactic X Pro wireless headset,"სახელში ქართული ტიპი არ არის (მაგ. „ყურსასმენი“, „მაუსი“)"
https://superi.ge/marvo-m292-bk-capo-20-black-wired-mouse/,Marvo M292 BK CAPO 20 Black Wired Mouse,"სახელში ქართული ტიპი არ არის (მაგ. „ყურსასმენი“, „მაუსი“)"
https://superi.ge/marvo-m358-wired-gaming-mouse-black/,Marvo M358 Wired Gaming Mouse - Black,"სახელში ქართული ტიპი არ არის (მაგ. „ყურსასმენი“, „მაუსი“)"
https://superi.ge/marvo-m411-black/,Marvo M411 - Black,"სახელში ქართული ტიპი არ არის (მაგ. „ყურსასმენი“, „მაუსი“)"
https://superi.ge/marvo-m413-wired-gaming-mouse/,Marvo M413 Wired Gaming Mouse,"სახელში ქართული ტიპი არ არის (მაგ. „ყურსასმენი“, „მაუსი“)"
https://superi.ge/marvo-m655/,Marvo M655,"სახელში ქართული ტიპი არ არის (მაგ. „ყურსასმენი“, „მაუსი“)"
https://superi.ge/marvo-m727-white/,Marvo M727 - White,"სახელში ქართული ტიპი არ არის (მაგ. „ყურსასმენი“, „მაუსი“)"
https://superi.ge/marvo-ms003/,Marvo MS003,"სახელში ქართული ტიპი არ არის (მაგ. „ყურსასმენი“, „მაუსი“)"
https://superi.ge/marvo-ms003-wired-mouse-black/,Marvo MS003 wired Mouse - Black,"სახელში ქართული ტიპი არ არის (მაგ. „ყურსასმენი“, „მაუსი“)"
https://superi.ge/marvo-niro-50-wireless-gaming-mouse-black/,Marvo Niro 50 Wireless Gaming Mouse Black,"სახელში ქართული ტიპი არ არის (მაგ. „ყურსასმენი“, „მაუსი“)"
https://superi.ge/marvo-niro-50-wireless-gaming-mouse-white/,Marvo Niro 50 Wireless Gaming Mouse White,"სახელში ქართული ტიპი არ არის (მაგ. „ყურსასმენი“, „მაუსი“)"
https://superi.ge/marvo-ws005-bk-wireless-combo-white/,Marvo WS005 BK wireless combo White,"სახელში ქართული ტიპი არ არის (მაგ. „ყურსასმენი“, „მაუსი“)"
https://superi.ge/marvo-z-fit-pro-g1w-wireless-mouse-black/,Marvo Z FIT PRO G1W Wireless Mouse - Black,"სახელში ქართული ტიპი არ არის (მაგ. „ყურსასმენი“, „მაუსი“)"
https://superi.ge/meta-quest-3-512gb-white/,Meta Quest 3 512GB White,"სახელში ქართული ტიპი არ არის (მაგ. „ყურსასმენი“, „მაუსი“)"
https://superi.ge/nothing-cmf-buds-2-green/,Nothing CMF Buds 2 Green,"სახელში ქართული ტიპი არ არის (მაგ. „ყურსასმენი“, „მაუსი“)"
https://superi.ge/nothing-cmf-buds-2-orange/,Nothing CMF Buds 2 Orange,"სახელში ქართული ტიპი არ არის (მაგ. „ყურსასმენი“, „მაუსი“)"
https://superi.ge/nothing-cmf-buds-pro-2-blue/,Nothing CMF Buds Pro 2 Blue,"სახელში ქართული ტიპი არ არის (მაგ. „ყურსასმენი“, „მაუსი“)"
https://superi.ge/nothing-cmf-buds-pro-2-dark-grey/,Nothing CMF Buds Pro 2 Dark Grey,"სახელში ქართული ტიპი არ არის (მაგ. „ყურსასმენი“, „მაუსი“)"
https://superi.ge/nothing-cmf-buds-pro-2-light-grey/,Nothing CMF Buds Pro 2 Light Grey,"სახელში ქართული ტიპი არ არის (მაგ. „ყურსასმენი“, „მაუსი“)"
https://superi.ge/nothing-ear-a-black/,Nothing EAR (a) Black,"სახელში ქართული ტიპი არ არის (მაგ. „ყურსასმენი“, „მაუსი“)"
https://superi.ge/oneplus-bullets-wireless-z3-black/,OnePlus Bullets Wireless Z3 Black,"სახელში ქართული ტიპი არ არის (მაგ. „ყურსასმენი“, „მაუსი“)"
https://superi.ge/oneplus-bullets-wireless-z3-red/,OnePlus Bullets Wireless Z3 Red,"სახელში ქართული ტიპი არ არის (მაგ. „ყურსასმენი“, „მაუსი“)"
https://superi.ge/oneplus-nord-buds-3r-blue/,OnePlus Nord Buds 3r Blue,"სახელში ქართული ტიპი არ არის (მაგ. „ყურსასმენი“, „მაუსი“)"
https://superi.ge/oneplus-nord-buds-4-e522a-astral-teal/,Oneplus Nord Buds 4 E522A Astral Teal,"სახელში ქართული ტიპი არ არის (მაგ. „ყურსასმენი“, „მაუსი“)"
https://superi.ge/oneplus-nord-buds-4-pro-e518a-black/,Oneplus Nord Buds 4 Pro E518A Black,"სახელში ქართული ტიპი არ არის (მაგ. „ყურსასმენი“, „მაუსი“)"
https://superi.ge/oneplus-nord-buds-4-pro-e518a-grey/,Oneplus Nord Buds 4 Pro E518A Grey,"სახელში ქართული ტიპი არ არის (მაგ. „ყურსასმენი“, „მაუსი“)"
https://superi.ge/realme-buds-t200-green/,Realme Buds T200 Green,"სახელში ქართული ტიპი არ არის (მაგ. „ყურსასმენი“, „მაუსი“)"
https://superi.ge/realme-buds-t200-grey/,Realme Buds T200 Grey,"სახელში ქართული ტიპი არ არის (მაგ. „ყურსასმენი“, „მაუსი“)"
https://superi.ge/realme-buds-t200-lite-black/,Realme Buds T200 Lite Black,"სახელში ქართული ტიპი არ არის (მაგ. „ყურსასმენი“, „მაუსი“)"
https://superi.ge/realme-buds-t200-purple/,Realme Buds T200 Purple,"სახელში ქართული ტიპი არ არის (მაგ. „ყურსასმენი“, „მაუსი“)"
https://superi.ge/realme-buds-t200-white/,Realme Buds T200 White,"სახელში ქართული ტიპი არ არის (მაგ. „ყურსასმენი“, „მაუსი“)"
https://superi.ge/realme-techlife-buds-black/,Realme TechLife Buds Black,"სახელში ქართული ტიპი არ არის (მაგ. „ყურსასმენი“, „მაუსი“)"
https://superi.ge/roborock-robot-vacuum-q10-vf-white/,Roborock Robot Vacuum Q10 VF White,"სახელში ქართული ტიპი არ არის (მაგ. „ყურსასმენი“, „მაუსი“)"
https://superi.ge/sony-playstation-5-slim-edition-disc-version-2023/,SONY PLAYSTATION 5 SLIM EDITION 1TB DISC VERSION,"სახელში ქართული ტიპი არ არის (მაგ. „ყურსასმენი“, „მაუსი“)"
https://superi.ge/samsung-buds-core-r410-black/,Samsung Buds Core R410 Black,"სახელში ქართული ტიპი არ არის (მაგ. „ყურსასმენი“, „მაუსი“)"
https://superi.ge/samsung-galaxy-buds-4-pro-black/,Samsung Galaxy Buds 4 Pro Black,"სახელში ქართული ტიპი არ არის (მაგ. „ყურსასმენი“, „მაუსი“)"
https://superi.ge/samsung-galaxy-fit-3-r390-pink-gold/,Samsung Galaxy Fit 3 R390 Pink Gold,"სახელში ქართული ტიპი არ არის (მაგ. „ყურსასმენი“, „მაუსი“)"
https://superi.ge/samsung-s938b-galaxy-s25-ultra-12gb-256gb-5g-titanium-black/,Samsung S938B Galaxy S25 Ultra 12GB/256GB 5G - Titanium Black,"სახელში ქართული ტიპი არ არის (მაგ. „ყურსასმენი“, „მაუსი“)"
https://superi.ge/segway-ninebot-kickscooter-max-g3-black/,Segway Ninebot KickScooter MAX G3 Black,"სახელში ქართული ტიპი არ არის (მაგ. „ყურსასმენი“, „მაუსი“)"
https://superi.ge/segway-ninebot-kickscooter-e3-black/,Segway Ninebot Kickscooter E3 Black,"სახელში ქართული ტიპი არ არის (მაგ. „ყურსასმენი“, „მაუსი“)"
https://superi.ge/segway-ninebot-kickscooter-e3-pro-black/,Segway Ninebot Kickscooter E3 Pro Black,"სახელში ქართული ტიპი არ არის (მაგ. „ყურსასმენი“, „მაუსი“)"
https://superi.ge/sony-wh-ch720-wireless-noise-cancelling-pink/,Sony WH-CH720 Wireless Noise Cancelling Pink,"სახელში ქართული ტიპი არ არის (მაგ. „ყურსასმენი“, „მაუსი“)"
https://superi.ge/tcl-50p7l-50-qled/,"TCL 50P7L 50"" QLED","სახელში ქართული ტიპი არ არის (მაგ. „ყურსასმენი“, „მაუსი“)"
https://superi.ge/tp-link-archer-ge230-be3600-dual-band-wi-fi-7-gaming-router/,TP-Link Archer GE230 BE3600 Dual-Band Wi-Fi 7 Gaming Router,"სახელში ქართული ტიპი არ არის (მაგ. „ყურსასმენი“, „მაუსი“)"
https://superi.ge/network-active-router-tp-link-tp-link-deco-xe75-pro-3-pack-axe5400-whole-home-mesh-wi-fi-6e-syst/,TP-Link Deco XE75 Pro AXE5400 Whole Home Mesh Wi-Fi 6E System,"სახელში ქართული ტიპი არ არის (მაგ. „ყურსასმენი“, „მაუსი“)"
https://superi.ge/thinkpad-usb-c-wireless-compact-mouse/,ThinkPad USB-C Wireless Compact Mouse,"სახელში ქართული ტიპი არ არის (მაგ. „ყურსასმენი“, „მაუსი“)"
https://superi.ge/xiaomi-165w-power-bank-10000mah-integrated-cable-gray/,Xiaomi 165W Power Bank 10000mAh Integrated Cable Gray,"სახელში ქართული ტიპი არ არის (მაგ. „ყურსასმენი“, „მაუსი“)"
https://superi.ge/xiaomi-33w-integrated-cable-power-bank-20000mah-white/,Xiaomi 33W Integrated Cable Power Bank 20000mAh White,"სახელში ქართული ტიპი არ არის (მაგ. „ყურსასმენი“, „მაუსი“)"
https://superi.ge/xiaomi-amazfit-balance-2-black/,Xiaomi Amazfit Balance 2 Black,"სახელში ქართული ტიპი არ არის (მაგ. „ყურსასმენი“, „მაუსი“)"
https://superi.ge/xiaomi-amazfit-pop-3s-black/,Xiaomi Amazfit Pop 3S Black,"სახელში ქართული ტიპი არ არის (მაგ. „ყურსასმენი“, „მაუსი“)"
https://superi.ge/xiaomi-electric-scooter-6-lite-eu-black/,Xiaomi Electric Scooter 6 Lite EU Black,"სახელში ქართული ტიპი არ არის (მაგ. „ყურსასმენი“, „მაუსი“)"
https://superi.ge/xiaomi-electric-scooter-6-pro-eu-grey/,Xiaomi Electric Scooter 6 Pro EU Grey,"სახელში ქართული ტიპი არ არის (მაგ. „ყურსასმენი“, „მაუსი“)"
https://superi.ge/xiaomi-electric-scooter-6-pro-grey/,Xiaomi Electric Scooter 6 Pro Grey,"სახელში ქართული ტიპი არ არის (მაგ. „ყურსასმენი“, „მაუსი“)"
https://superi.ge/xiaomi-magnetic-power-bank-6000mah-bhr9074gl-white/,Xiaomi Magnetic Power Bank 6000mAh BHR9074GL White,"სახელში ქართული ტიპი არ არის (მაგ. „ყურსასმენი“, „მაუსი“)"
https://superi.ge/xiaomi-mibro-watch-gs-pro-2-dark-grey/,Xiaomi Mibro Watch GS Pro 2 Dark Grey,"სახელში ქართული ტიპი არ არის (მაგ. „ყურსასმენი“, „მაუსი“)"
https://superi.ge/xiaomi-mibro-watch-lite-3-dark-grey/,Xiaomi Mibro Watch Lite 3 Dark Grey,"სახელში ქართული ტიპი არ არის (მაგ. „ყურსასმენი“, „მაუსი“)"
https://superi.ge/xiaomi-mibro-watch-lite-3-pro-grey/,Xiaomi Mibro Watch Lite 3 Pro Grey,"სახელში ქართული ტიპი არ არის (მაგ. „ყურსასმენი“, „მაუსი“)"
https://superi.ge/xiaomi-power-bank-10000mah-bhr9072gl-blue/,Xiaomi Power Bank 10000mAh BHR9072GL Blue,"სახელში ქართული ტიპი არ არის (მაგ. „ყურსასმენი“, „მაუსი“)"
https://superi.ge/xiaomi-power-bank-10000mah-bhr9072gl-white/,Xiaomi Power Bank 10000mAh BHR9072GL White,"სახელში ქართული ტიპი არ არის (მაგ. „ყურსასმენი“, „მაუსი“)"
https://superi.ge/xiaomi-redmi-buds-6-play-pink/,Xiaomi Redmi Buds 6 Play Pink,"სახელში ქართული ტიპი არ არის (მაგ. „ყურსასმენი“, „მაუსი“)"
https://superi.ge/xiaomi-redmi-buds-6-play-star-blue/,Xiaomi Redmi Buds 6 Play Star Blue,"სახელში ქართული ტიპი არ არის (მაგ. „ყურსასმენი“, „მაუსი“)"
https://superi.ge/xiaomi-redmi-buds-6-play-white/,Xiaomi Redmi Buds 6 Play White,"სახელში ქართული ტიპი არ არის (მაგ. „ყურსასმენი“, „მაუსი“)"
https://superi.ge/xiaomi-redmi-fast-charge-power-bank-20000-mah-18w-pb200lzm-black/,Xiaomi Redmi Fast Charge Power Bank 20000 mAh 18W PB200LZM Black,"სახელში ქართული ტიპი არ არის (მაგ. „ყურსასმენი“, „მაუსი“)"
https://superi.ge/xiaomi-redmi-tv-soundbar-black/,Xiaomi Redmi TV SoundBar Black,"სახელში ქართული ტიპი არ არის (მაგ. „ყურსასმენი“, „მაუსი“)"
https://superi.ge/xiaomi-redmi-watch-6-blue/,Xiaomi Redmi Watch 6 Blue,"სახელში ქართული ტიპი არ არის (მაგ. „ყურსასმენი“, „მაუსი“)"
https://superi.ge/xiaomi-robot-vasuum-5-white/,Xiaomi Robot Vaсuum 5 White,"სახელში ქართული ტიპი არ არის (მაგ. „ყურსასმენი“, „მაუსი“)"
https://superi.ge/xiaomi-smart-band-10-mystic-rose/,Xiaomi Smart Band 10 Mystic Rose,"სახელში ქართული ტიპი არ არის (მაგ. „ყურსასმენი“, „მაუსი“)"
https://superi.ge/xiaomi-smart-projector-l1-black/,Xiaomi Smart Projector L1 Black,"სახელში ქართული ტიპი არ არის (მაგ. „ყურსასმენი“, „მაუსი“)"
https://superi.ge/xiaomi-super-slim-magnetic-power-bank-5000mah-blue/,Xiaomi Super Slim Magnetic Power Bank 5000mAh Blue,"სახელში ქართული ტიპი არ არის (მაგ. „ყურსასმენი“, „მაუსი“)"
https://superi.ge/xiaomi-tv-s-pro-mini-led-55-2026-black/,Xiaomi TV S Pro Mini led 55 2026 · black,"სახელში ქართული ტიპი არ არის (მაგ. „ყურსასმენი“, „მაუსი“)"
https://superi.ge/xtrike-me-gaming-mouse-gm-110/,Xtrike Me Gaming Mouse GM-110,"სახელში ქართული ტიპი არ არის (მაგ. „ყურსასმენი“, „მაუსი“)"
