url,H1,title,title_სიგრძე,title-ში_| Superi.ge,meta_description,description_სიგრძე,description_ტიპი,ქართული_სიტყვა_სახელში,კირილიცა
https://superi.ge/blackview-tab-60-wi-fi-10-1-4-128gb-sky-blue/,ტაბლეტი Blackview Tab 60 WI-FI 10.1'' 4/128GB Sky Blue,ტაბლეტი Blackview Tab 60 WI-FI 10.1'' 4/128GB Sky Blue | Superi.ge,66,კი,"აღმოაჩინეთ Blackview Tab 60 WI-FI ტაბლეტი 10.1 დიუმიანი ეკრანით, 4GB ოპერატიული და 128GB შიდა მეხსიერებით Sky Blue ფერში, რომელიც იდეალურია ყოველდღიური გამოყენებისთვის.",168,უნიკალური,კი,
https://superi.ge/samsung-dw70h73wcb0wt/,ჩასაშენებელი ჭურჭლის სარეცხი მანქანა SAMSUNG DW70H73WCB0WT,ჩასაშენებელი ჭურჭლის სარეცხი მანქანა SAMSUNG DW70H73WCB0WT | Superi.ge,70,კი,"Samsung DW70H73WCB0WT სრულად ჩასაშენებელი ჭურჭლის სარეცხი მანქანა 14 კომპლექტის ტევადობით, 8 პროგრამით, Wi-Fi და SmartThings მართვით, კარის ავტომატური გაღებითა და სრული გაჟონვისგან დაცვით.",188,უნიკალური,კი,
https://superi.ge/samsung-buds-core-r410-black/,Samsung Buds Core R410 Black,Samsung Buds Core R410 Black | Superi.ge,40,კი,"Samsung Buds Core R410 შავი უსადენო ყურსასმენი ხმაურის აქტიური ჩახშობით, Bluetooth 5.4-ით, 6.5 მმ დინამიკით, მიკროფონითა და 35 საათამდე მუშაობის დროით.",151,უნიკალური,არა,
https://superi.ge/bosch-wds28460me-8-5/,სარეცხის მანქანა საშრობით BOSCH WDS28460ME (8/5 კგ),სარეცხის მანქანა საშრობით BOSCH WDS28460ME (8/5 კგ),51,არა,სარეცხის მანქანა საშრობით BOSCH WDS28460ME (8/5 კგ) — ტევადობა 8 კგ და მაქსიმალური სიჩქარე 1400 ბრ/წთ. ფასი და ხელმისაწვდომობა იხილეთ Superi.ge-ზე.,147,შაბლონური,კი,
https://superi.ge/toshiba-gr-rb572wi-pmj-51-white/,მაცივარი Toshiba GR-RB572WI-PMJ(51) - White,მაცივარი Toshiba GR-RB572WI-PMJ(51) - White | Superi.ge,55,კი,"Toshiba GR-RB572WI-PMJ(51) ორკარიანი მაცივარი 455 ლ საერთო სასარგებლო მოცულობით, ინვერტორული კომპრესორით, A++ ენერგოეფექტურობის კლასით, Pure BIO ანტიბაქტერიული დაცვითა და 35 დბ ხმაურის დონით.",191,უნიკალური,კი,
https://superi.ge/konner-and-sohnen-ksb-6500c-5500w/,გენერატორი ბენზინის Konner&Sohnen KSB 6500C 5500W,გენერატორი ბენზინის Konner&Sohnen KSB 6500C 5500W | Superi.ge,61,კი,"გენერატორი ბენზინის Konner&Sohnen KSB 6500C 5500W — მახასიათებლები, ფასი და ხელმისაწვდომობა იხილეთ Superi.ge-ზე და შეარჩიეთ სასურველი მოდელი ონლაინ.",148,შაბლონური,კი,
https://superi.ge/remeza-sb4-c-200-lb40-200/,დგუშიანი კომპრესორი Remeza SB4/C-200.LB40 (200ლ),დგუშიანი კომპრესორი Remeza SB4/C-200.LB40 (200ლ) | Superi.ge,60,კი,"Remeza SB4/C-200.LB40 დგუშიანი კომპრესორი 200 ლ ავზით, 3 კვტ სიმძლავრით და 580 ლ/წთ წარმადობით უზრუნველყოფს ეფექტურ მუშაობას. იდეალურია პროფესიონალური და საწარმოო გამოყენებისთვის.",179,უნიკალური,კი,
https://superi.ge/panasonic-etherea-cs-z25ckew-25-30/,კონდიციონერი Panasonic Etherea CS-Z25CKEW (25-30 მ²),კონდიციონერი Panasonic Etherea CS-Z25CKEW (25-30 მ²) | Superi.ge,64,კი,"Panasonic Etherea CS-Z25CKEW კედლის სპლიტ-სისტემა 25–30 მ² ფართისთვის, 9000 BTU სიმძლავრით, ინვერტორული კომპრესორით, ჩაშენებული Wi-Fi-ითა და 39 დბ ხმაურით.",155,უნიკალური,კი,
https://superi.ge/gorenje-mercury21-20/,კონდიციონერი GORENJE MERCURY21 (20მ²),კონდიციონერი GORENJE MERCURY21 (20მ²) | Superi.ge,49,კი,"შეარჩიე Gorenje MERCURY21 — სპლიტ კონდიციონერი 7000 BTU გაგრილებით, 7500 BTU გათბობით, R32 ფრეონით, LED ეკრანითა და დისტანციური მართვით.",136,უნიკალური,კი,
https://superi.ge/ardesto-fn-r1608cb/,ვენტილატორი Ardesto FN-R1608CB დისტანციური მართვით,ვენტილატორი Ardesto FN-R1608CB დისტანციური მართვით | Superi.ge,62,კი,"შეარჩიე Ardesto FN-R1608CB იატაკის ვენტილატორი 45 W სიმძლავრით, დისტანციური მართვით, 3 სიჩქარით, ტაიმერით და ავტომატური ბრუნვის ფუნქციით.",137,უნიკალური,კი,
https://superi.ge/midea-msag-24hrn8-80-black/,კონდიციონერი Midea MSAG-24HRN8 (80მ²) BLACK,კონდიციონერი Midea MSAG-24HRN8 (80მ²) BLACK | Superi.ge,55,კი,"შეარჩიე Midea MSAG-24HRN8 სპლიტ კონდიციონერი 75–80 მ² სივრცისთვის. მოდელს აქვს 24000 BTU გაგრილება, 25000 BTU გათბობა, R410A ფრეონი და თვითწმენდის ფუნქცია.",155,უნიკალური,კი,
https://superi.ge/sony-wh-ch720-wireless-noise-cancelling-pink/,Sony WH-CH720 Wireless Noise Cancelling Pink,Sony WH-CH720 Wireless Noise Cancelling Pink | Superi.ge,56,კი,"Sony WH-CH720 Wireless Noise Cancelling ვარდისფერი ყურის გარშემო ყურსასმენი ხმაურის აქტიური ჩახშობით, 30 მმ დინამიკით, მიკროფონითა და 35 საათამდე მუშაობის დროით.",161,უნიკალური,არა,
https://superi.ge/apple-airpods-5-mkfw4/,Apple AirPods 5 MKFW4,Apple AirPods 5 MKFW4 | Superi.ge,33,კი,"Apple AirPods 5 MKFW4 თეთრი უსადენო ყურსასმენი ხმაურის აქტიური ჩახშობით, Bluetooth 5.3-ით, მიკროფონით, 20 საათამდე მუშაობის დროითა და IP57 დაცვით.",146,უნიკალური,არა,
https://superi.ge/asus-tuf-gaming-b850m-e-wifi-4ddr5-am5-90mb1ls0-m0eay0/,დედა დაფა: Asus TUF GAMING B850M-E WIFI 4DDR5 AM5 - 90MB1LS0-M0EAY0,დედა დაფა: Asus TUF GAMING B850M-E WIFI 4DDR5 AM5 - 90MB1LS0-M0EAY0 | Superi.ge,79,კი,"Asus TUF GAMING B850M-E WIFI 4DDR5 AM5 დედა დაფა გთავაზობთ მაღალ წარმადობას და სტაბილურობას თქვენი სათამაშო სისტემისთვის, ინტეგრირებული Wi-Fi-ით და DDR5 მხარდაჭერით.",165,უნიკალური,კი,
https://superi.ge/samsung-ww90t4041ce-lp/,სარეცხი მანქანა SAMSUNG WW90T4041CE/LP,სარეცხი მანქანა SAMSUNG WW90T4041CE/LP,38,არა,ჩატვირთვის ტიპი: ფრონტალური სარეცხის მაქსიმალური ჩატვირთვა: 9 კგ ბრუნვის მაქსიმალური სიჩქარე: 1400 ბრ/წთ ენერგომოხმარების კლასი: A+++ რეცხვის კლასი: A ზომა: 850 x 600 x 550 მმ / ფერი: თეთრი,189,სპეციფიკაციების ჩამონათვალი,კი,
https://superi.ge/thomson-50ug4s14-127-ka/,ტელევიზორი THOMSON 50UG4S14 (127 სმ),ტელევიზორი THOMSON 50UG4S14 (127 სმ) | Superi.ge,48,კი,"შეიძინეთ ტელევიზორი THOMSON 50UG4S14 (127 სმ) — მახასიათებლები, ფასი და ხელმისაწვდომობა იხილეთ Superi.ge-ზე და შეარჩიეთ სასურველი მოდელი ონლაინ.",144,შაბლონური,კი,
https://superi.ge/bosch-bcs611p4a/,ხელის მტვერსასრუტი BOSCH BCS611P4A,ხელის მტვერსასრუტი BOSCH BCS611P4A | Superi.ge,46,კი,"Bosch BCS611P4A უტომრო, კომპაქტური და ძლიერი დამუხტვადი მტვერსასრუტი გთავაზობთ 30 წუთამდე მუშაობის დროში მშრალ წმენდას ჰიგიენური ფილტრით და მოსახერხებელი კომპლექტაციით ნებისმიერი ზედაპირისთვის.",193,უნიკალური,კი,
https://superi.ge/alneo-ylr2-84a/,წყლის დისპენსერი ALNEO YLR2-84A,წყლის დისპენსერი ALNEO YLR2-84A,31,არა,"წყლის დისპენსერი ALNEO YLR2-84A — სიმძლავრე 150 Wცივი წყლის. დეტალური მახასიათებლები, ფასი და ხელმისაწვდომობა იხილეთ Superi.ge-ზე.",130,შაბლონური,კი,
https://superi.ge/bosch-kgn39xi30u/,მაცივარი BOSCH KGN39XI30U,მაცივარი BOSCH KGN39XI30U,25,არა,"მაცივარი BOSCH KGN39XI30U — საერთო მოცულობა 400 ლ და ელექტრონული მართვა. დეტალური მახასიათებლები, ფასი და ხელმისაწვდომობა იხილეთ Superi.ge-ზე.",142,შაბლონური,კი,
https://superi.ge/zilan-zln1085/,ვენტილატორი Zilan ZLN1085,ვენტილატორი Zilan ZLN1085 | Superi.ge,37,კი,"შეარჩიე Zilan ZLN1085 — უფრთო Tower Fan 50 W სიმძლავრით, BLDC ძრავით, 12 სიჩქარით, 15-საათიანი ტაიმერით, LED ეკრანითა და დისტანციური მართვით.",141,უნიკალური,კი,
https://superi.ge/midea-mscb-18hrfn8-55-60-inventer/,კონდიციონერი MIDEA MSCB-18HRFN8 (55-60მ²) INVENTER,კონდიციონერი MIDEA MSCB-18HRFN8 (55-60მ²) INVENTER,50,არა,კონდიციონერი MIDEA MSCB-18HRFN8 (55-60მ²) INVENTER — რეკომენდებული ფართი 55–60 მ²–მდე და ინვენტორული ძრავა. ფასი და ხელმისაწვდომობა იხილეთ Superi.ge-ზე.,152,შაბლონური,კი,
https://superi.ge/air-fryer-braun-hf5054ibk-fr-braun-black-int1/,აეროგრილი Braun HF5054IBK,აეროგრილი Braun HF5054IBK | Superi.ge,37,კი,"Braun MultiFry 5 HF5054IBK აეროგრილი 6 ლ მოცულობით, 2000 W სიმძლავრით, 15 პროგრამით, 80–220 °C ტემპერატურის რეგულირებითა და ავტომატური გამორთვის ფუნქციით.",154,უნიკალური,კი,
https://superi.ge/beko-wspd73612w-7/,სარეცხი მანქანა BEKO WSPD73612W (7კგ),სარეცხი მანქანა BEKO WSPD73612W (7კგ) | Superi.ge,49,კი,"WSPD73612W ცალკე მდგომი სარეცხი მანქანა 7 კგ ჩატვირთვით, 1200 ბრ/წთ დატრიალებით, 15 პროგრამით, ProSmart ინვერტორული ძრავით, SteamCure, StainExpert, Daily Xpress, AntiCrease და OptiSense ტექნოლოგიებით.",200,უნიკალური,კი,
https://superi.ge/remington-d5710/,თმის ფენი Remington D5710,თმის ფენი Remington D5710 | Superi.ge,37,კი,"Remington D5710 თმის ფენი 2200 W სიმძლავრით, იონიზაციითა და ცივი ჰაერის რეჟიმით.",80,უნიკალური,კი,
https://superi.ge/bosch-tis65621rw/,ყავის აპარატი BOSCH TIS65621RW,ყავის აპარატი BOSCH TIS65621RW | Superi.ge,42,კი,"Bosch სრულად ავტომატური ყავის აპარატი 19 bar წნევით, 12 სასმელის არჩევანით, კერამიკული საფქვავით, ინტეგრირებული რძის სისტემით, AromaDoubleShot და OneTouch DoubleCup ფუნქციებით.",176,უნიკალური,კი,
https://superi.ge/genius-hs-g560/,"გეიმინგ ყურსასმენი Genius HS-G560, შავი","გეიმინგ ყურსასმენი Genius HS-G560, შავი | Superi.ge",51,კი,Genius HS-G560 შავი გეიმინგ ყურსასმენი მიკროფონით.,50,უნიკალური,კი,
https://superi.ge/network-active-router-tp-link-tp-link-deco-px10-3-pack-ax1500-av1000-whole-home-powerline-mesh/,როუტერი TP-Link AX1500 + AV1000 Wi-Fi 6 DECO PX10(3-PACK) - White,როუტერი TP-Link AX1500 + AV1000 Wi-Fi 6 DECO PX10(3-PACK) - White | Superi.ge,77,კი,"TP-Link Deco PX10 DECO PX10(3-PACK) AX1500 + AV1000 Wi-Fi 6 Mesh სისტემა 3 მოწყობილობის კომპლექტით, 1201 Mbps-მდე Wi-Fi სიჩქარით, Gigabit Ethernet პორტებით, WPA3 და HomeShield Security მხარდაჭერით.",197,უნიკალური,კი,
https://superi.ge/notebook-lenovo-smb-lenovo-v15-g5-15-6-fhd-core-7-240h-16gb-512ssd-integrated-uhd-graphics-black/,"ნოუთბუქი Lenovo V15 G5 15.6"" FHD (83GW00KBGX) Graphics Black","ნოუთბუქი Lenovo V15 G5 15.6"" FHD (83GW00KBGX) Graphics Black | Superi.ge",72,კი,"Lenovo V15 G5 83GW00KBGX ბიზნეს ლეპტოპი 15.6"" Full HD IPS ეკრანით, Intel Core 7 240H პროცესორით, 16 GB DDR5 მეხსიერებით, 512 GB NVMe SSD-ითა და Wi-Fi 6 მხარდაჭერით.",164,უნიკალური,კი,
https://superi.ge/midea-msaf-24hrn8-w/,კონდიციონერი MIDEA MSAF-24HRN8-W,კონდიციონერი MIDEA MSAF-24HRN8-W,32,არა,"კონდიციონერი MIDEA MSAF-24HRN8-W — რეკომენდირებული ფართი 70-80 მ² მდე, სიჩქარეები 1180/1000/850, ჰაერის ნაკადის დაბერვა 80°/90°. ✓ ნაწილ-ნაწილ გადახდა",150,უნიკალური,კი,
https://superi.ge/samsung-qe55q7faauxru-qled-140/,ტელევიზორი SAMSUNG QE55Q7FAAUXRU QLED (140სმ),ტელევიზორი SAMSUNG QE55Q7FAAUXRU QLED (140სმ) | Superi.ge,57,კი,"Samsung QE55Q7FAAUXRU — 55 დიუმიანი QLED 4K ტელევიზორი Quantum HDR ტექნოლოგიით, UHD გაფართოებით და AI პროცესორით. იდეალურია მაღალი გამოსახულებისა და სმარტ ფუნქციების მოყვარულებისთვის.",183,უნიკალური,კი,
https://superi.ge/marvo-ws005-bk-wireless-combo-white/,Marvo WS005 BK wireless combo White,Marvo WS005 BK wireless combo White | Superi.ge,47,კი,Marvo WS005 თეთრი უსადენო კლავიატურა და მაუსი 2.4 GHz მიმღებითა და მემბრანული კლავიშებით.,89,უნიკალური,არა,
https://superi.ge/ingco-lm385/,გაზონის საკრეჭი მანქანა INGCO LM385,გაზონის საკრეჭი მანქანა INGCO LM385,35,არა,"გაზონის საკრეჭი მანქანა INGCO LM385 — სიმძლავრე 1600 W. დეტალური მახასიათებლები, ფასი და ხელმისაწვდომობა იხილეთ Superi.ge-ზე.",125,შაბლონური,კი,
https://superi.ge/bosch-wlz24210me-8kg/,სარეცხი მანქანა BOSCH WLZ24210ME (8kg),სარეცხი მანქანა BOSCH WLZ24210ME (8kg) | Superi.ge,50,კი,"Bosch WLZ24210ME თეთრი სარეცხი მანქანა 8 კგ ჩატვირთვით, 1200 ბრ/წთ გაწურვის სიჩქარით, EcoSilence Drive ინვერტორული ძრავით, AntiStain, VarioPerfect, HygienePlus და AntiVibration ფუნქციებით.",188,უნიკალური,კი,
https://superi.ge/midea-ag-24n8do-inverter-ioniser-black-75-80/,კონდიციონერი MIDEA AG-24N8DO INVERTER IONISER/BLACK (75-80 მ²),კონდიციონერი MIDEA AG-24N8DO INVERTER IONISER,45,არა,კონდიციონერი MIDEA AG-24N8DO INVERTER IONISER/BLACK (75-80 მ²) — რეკომენდებული ფართი 75–80 მ² მდე. ფასი და ხელმისაწვდომობა იხილეთ Superi.ge-ზე.,143,შაბლონური,კი,
https://superi.ge/celly-minimag-pb-3000-orange/,Celly MINIMAG PB 3000 ORANGE,Celly MINIMAG PB 3000 ORANGE | Superi.ge,40,კი,"Celly MINIMAG PB 3000 ნარინჯისფერი მაგნიტური პორტატული დამტენი 3000 mAh ტევადობით, 5 W სიმძლავრით, MagSafe მაგნიტური დამაგრებითა და USB-C გამოსასვლელით.",152,უნიკალური,არა,
https://superi.ge/panasonic-compact-premium-cs-tz25ckew-25-30/,კონდიციონერი Panasonic Compact Premium CS-TZ25CKEW (25-30 მ²),კონდიციონერი Panasonic Compact Premium CS-TZ25CKEW (25-30 მ²) | Superi.ge,73,კი,"Panasonic Compact Premium CS-TZ25CKEW კედლის სპლიტ-სისტემა 25–30 მ² ფართისთვის, 9000 BTU სიმძლავრით, ინვერტორული კომპრესორით, ჩაშენებული Wi-Fi-ითა და 20 დბ ხმაურით.",164,უნიკალური,კი,
https://superi.ge/brillop-hq30-300bsr-2209b/,"ჰაერის გამაგრილებელი BRILLOP HQ30-300BSR-2209B წყლის, პულტით თეთრი","ჰაერის გამაგრილებელი BRILLOP HQ30-300BSR-2209B წყლის, პულტით თეთრი | Superi.ge",78,კი,"შეარჩიე BRILLOP HQ30-300BSR-2209B თეთრი წყლის ჰაერის გამაგრილებელი დისტანციური მართვით, 3 სიჩქარით, ციფრული ეკრანითა და ჰაერის დატენიანების ფუნქციით.",149,უნიკალური,კი,
https://superi.ge/gorenje-w1d2a164ads-10-6/,სარეცხი მანქანა საშრობით GORENJE W1D2A164ADS (10/6კგ),სარეცხი მანქანა საშრობით GORENJE W1D2A164ADS (10/6კგ),53,არა,"სარეცხი მანქანა საშრობით GORENJE W1D2A164ADS (10/6კგ) — ტევადობა 10 კგ. დეტალური მახასიათებლები, ფასი და ხელმისაწვდომობა იხილეთ Superi.ge-ზე.",141,შაბლონური,კი,
https://superi.ge/bosch-bcs712xxl/,მტვერსასრუტი BOSCH BCS712XXL,მტვერსასრუტი BOSCH BCS712XXL|Superi.ge,38,არა,"მტვერსასრუტი BOSCH BCS712XXL — ხმაურის დონე 82 dB A re 1 pW და მტვრის კონტეინერის მოცულობა 0,3 ლ. ფასი და ხელმისაწვდომობა იხილეთ Superi.ge-ზე.",142,შაბლონური,კი,
https://superi.ge/lenovo-300-wireless-gy51l15677-cloud-grey/,Lenovo 300 Wireless (GY51L15677) - Cloud Grey,Lenovo 300 Wireless (GY51L15677) - Cloud Grey | Superi.ge,57,კი,"Lenovo 300 (GY51L15677) ნაცრისფერი უსადენო მაუსი 2.4 GHz მიმღებით, 1000 DPI სენსორითა და 3 ღილაკით.",99,უნიკალური,არა,
https://superi.ge/logitech-g432/,"გეიმინგ ყურსასმენი Logitech G432, შავი","გეიმინგ ყურსასმენი Logitech G432, შავი | Superi.ge",50,კი,Logitech G432 შავი გეიმინგ ყურსასმენი მიკროფონით.,49,უნიკალური,კი,
https://superi.ge/tablets-samsung-samsung-galaxy-tab-a11-lte-8-7-8gb-128gb-gray/,"Samsung Galaxy Tab A11 LTE 8.7"" 8GB 128GB Gray ტაბლეტი","Samsung Galaxy Tab A11 LTE 8.7"" 8GB 128GB Gray ტაბლეტი | Superi.ge",66,კი,"Samsung Galaxy Tab A11 SM-X135FZAECAU ტაბლეტი 8.7"" TFT 90 Hz ეკრანით, MediaTek Helio G99 პროცესორით, 8 GB RAM-ით, 128 GB მეხსიერებით, 4G LTE მხარდაჭერითა და 5100 mAh ელემენტით.",176,უნიკალური,კი,
https://superi.ge/tcl-f142cfw-142/,საყინულე მაცივარი TCL F142CFW (142ლ),საყინულე მაცივარი TCL F142CFW (142ლ) | Superi.ge,48,კი,"საყინულე მაცივარი TCL F142CFW (142ლ) — ენერგოეფექტურობის კლასი A, ენერგო მოხმარება წელიწადში 217 kW, ხმაურის დონე 42 dB(A). ✓ ნაწილ-ნაწილ გადახდა ✓ მიწოდება",156,უნიკალური,კი,
https://superi.ge/hoco-des03-original-series-white/,Hoco DES03 Original Series White,Hoco DES03 Original Series White | Superi.ge,44,კი,Hoco DES03 Original Series თეთრი უსადენო ყურსასმენი 2.5 საათამდე მუშაობის დროით.,80,უნიკალური,არა,
https://superi.ge/braun-wk1100wh/,ელექტრო ჩაიდანი BRAUN WK1100WH,ელექტრო ჩაიდანი BRAUN WK1100WH | Superi.ge,42,კი,"Braun WK1100WH ელექტრო ჩაიდანი 1.7 ლ მოცულობით და 2200W სიმძლავრით. სწრაფი ადუღება, უსაფრთხოების სისტემა და პრაქტიკული დიზაინი უზრუნველყოფს კომფორტულ ყოველდღიურ გამოყენებას.",173,უნიკალური,კი,
https://superi.ge/razer-huntsman-v3-pro-tkl-rgb/,"გეიმინგ კლავიატურა RAZER Huntsman V3 Pro TKL RGB, შავი","გეიმინგ კლავიატურა RAZER Huntsman V3 Pro TKL RGB, შავი | Superi.ge",66,კი,"RAZER Huntsman V3 Pro TKL RGB შავი გეიმინგ კლავიატურა სადენიანი კავშირით, ოპტიკური გადამრთველებით, RGB განათებითა და ინგლისური განლაგებით.",138,უნიკალური,კი,
https://superi.ge/samsung-ww90t4041cx-lp/,სარეცხი მანქანა SAMSUNG WW90T4041CX/LP,სარეცხი მანქანა SAMSUNG WW90T4041CX/LP,38,არა,"SAMSUNG WW90T4041CX/LP სარეცხი მანქანა, 9 კგ ჩატვირთვით, A+++ ენერგოეფექტურობით, 1400 ბრ/წთ სიჩქარით, მრავალფეროვანი რეცხვის რეჟიმებით და ინვერტორული ძრავით.",157,უნიკალური,კი,
https://superi.ge/genius-nx-7015-ka-3/,"უსადენო მაუსი Genius NX-7015, მუქი ყავისფერი","უსადენო მაუსი Genius NX-7015, მუქი ყავისფერი | Superi.ge",56,კი,Genius NX-7015 მუქი ყავისფერი უსადენო მაუსი 2.4 GHz მიმღებითა და 2000 DPI სენსორით.,83,უნიკალური,კი,
https://superi.ge/bosch-climate-3000i-inverter-9000-btu/,კონდიციონერი BOSCH CLIMATE 3000I INVERTER 9000 BTU,კონდიციონერი BOSCH CLIMATE 3000I INVERTER 9000 BTU,50,არა,კონდიციონერი BOSCH CLIMATE 3000I INVERTER 9000 BTU — რეკომენდებული ფართი 25 მ²–მდე და ხმაურის დონე 22 dB A. ფასი და ხელმისაწვდომობა იხილეთ Superi.ge-ზე.,152,შაბლონური,კი,
https://superi.ge/intel-core-i5-12400f-2-5ghz-turbo-boost-4-4ghz-18mb-lga1700/,პროცესორი: Intel Core I5-12400F 2.5GHz Turbo Boost 4.4GHz 18MB LGA1700,პროცესორი: Intel Core I5-12400F 2.5GHz Turbo Boost 4.4GHz 18MB LGA1700 | Superi.ge,82,კი,"შეიძინეთ Intel Core I5-12400F პროცესორი 2.5GHz ბაზური და 4.4GHz ტურბო სიხშირით, 18MB ქეშით და LGA1700 სოკეტით საუკეთესო ფასად.",126,უნიკალური,კი,
https://superi.ge/lenovo-150-wireless-mouse/,Lenovo 150 Wireless Mouse,Lenovo 150 Wireless Mouse | Superi.ge,37,კი,"Lenovo 150 შავი უსადენო მაუსი 2.4 GHz მიმღებით, 1000 DPI სენსორითა და 3 ღილაკით.",80,უნიკალური,არა,
https://superi.ge/fujiyama-9000kfc-black-80/,გაზის გამათბობელი FUJIYAMA 9000KFC BLACK (80მ²),გაზის გამათბობელი FUJIYAMA 9000KFC BLACK (80მ²) | Superi.ge,59,კი,"Fujiyama 9000KFC Black კედლის გაზის გამათბობელი 7.5 kW სიმძლავრით, რეკომენდირებული 80 მ² ფართობისთვის. ორმაგი წვა, უჟანგავი ფოლადის სანთურა და ავტომატური უსაფრთხოების სისტემა უზრუნველყოფს ეფექტურ და საიმედო გათბობას.",216,უნიკალური,კი,
https://superi.ge/epson-673-c13t67354a/,"მელანი Epson 673 (C13T67354A), ღია ცისფერი","მელანი Epson 673 (C13T67354A), ღია ცისფერი | Superi.ge",54,კი,"Epson 673 (C13T67354A) მელანი ღია ცისფერი ფერით, 2,000–3,000 გვერდის რესურსით, 70 მლ მოცულობითა და ორიგინალი.",109,უნიკალური,კი,
https://superi.ge/baghis-avejis-komplekti-keter/,ბაღის ავეჯის კომპლექტი Keter,ბაღის ავეჯის კომპლექტი Keter | Superi.ge,40,კი,"ბაღის ავეჯის კომპლექტი Keter — მაგიდა 39x56 სმ, სავარძელი 74x63x65 სმ 2 ც, ორ ადგილიანი დივანი 74x113x65 სმ, ფერი გრაფიტი. ✓ ნაწილ-ნაწილ გადახდა ✓ მიწოდება",155,უნიკალური,კი,
https://superi.ge/lenovo-idea-tab-wi-fi-11-8gb-128gb-with-pen-and-folio-keyboard-luna-grey/,"Lenovo Idea Tab Wi-Fi 11"" 8GB/128GB with Pen & Folio Keyboard - Luna Grey","Lenovo Idea Tab Wi-Fi 11"" 8GB/128GB with Pen & Folio Keyboard - Luna Grey | Superi.ge",85,კი,"Lenovo Idea Tab Wi-Fi 11"" ნაცრისფერი ტაბლეტი 11"" ეკრანით, 8/128 GB მეხსიერებითა და 7040 mAh ელემენტით.",102,უნიკალური,არა,
https://superi.ge/gorenje-svc252426ffca/,მტვერსასრუტი Gorenje SVC252426FFCA,მტვერსასრუტი Gorenje SVC252426FFCA | Superi.ge,46,კი,"Gorenje SVC252426FFCA ვერტიკალური მტვერსასრუტი გთავაზობთ ძლიერ შეწოვას, უსადენო მუშაობას და მოხსნად ხელის მოდულს. იდეალური არჩევანია სწრაფი და ეფექტური დასუფთავებისთვის ნებისმიერ სივრცეში.",188,უნიკალური,კი,
https://superi.ge/crown-fs-1630/,ვენტილატორი Crown FS-1630,Crown მძლავრი 6 ფრთიანი ვენტილატორი 16'' FS-1630,48,არა,"შეარჩიე Crown FS-1630 — მძლავრი 16"" სადგამი ვენტილატორი 50 W სიმძლავრით, 6 ფრთით, 3 სიჩქარით, 180° ბრუნით და სიმაღლის რეგულირებით.",130,უნიკალური,კი,
https://superi.ge/vestel-w9b12tb/,სარეცხი მანქანა VESTEL W9B12TB,სარეცხი მანქანა VESTEL W9B12TB,30,არა,"სარეცხი მანქანა VESTEL W9B12TB — დოლურის მოცულობა 59 ლ, ჩატვირთვის ტიპი ფრონტალური, ენერგომოხმარების კლასი A++. ✓ ნაწილ-ნაწილ გადახდა ✓ მიწოდება",144,უნიკალური,კი,
https://superi.ge/marvo-m413-wired-gaming-mouse/,Marvo M413 Wired Gaming Mouse,Marvo M413 Wired Gaming Mouse | Superi.ge,41,კი,"Marvo M413 გეიმინგ მაუსი სადენიანი კავშირით, 7200 DPI სენსორით, 6 ღილაკითა და RGB განათებით.",92,უნიკალური,არა,
https://superi.ge/sencor-smg-5400bk/,ხორცსაკეპი Sencor SMG 5400BK,ხორცსაკეპი Sencor SMG 5400BK | Superi.ge,40,კი,"Sencor SMG 5400BK ელექტრო ხორცსაკეპი 2100 W სიმძლავრით, 1.7 კგ/წთ წარმადობით, მეტალის საჭრელი დისკებით, თხილეულის საფქვავებითა და მოცურების საწინააღმდეგო რეზინის ფეხებით.",170,უნიკალური,კი,
https://superi.ge/al-ko-3500-c/,გენერატორი ბენზინის AL-KO 3500-C,გენერატორი ბენზინის AL-KO 3500-C | Superi.ge,44,კი,AL-KO 3500-C ბენზინის გენერატორი 2800 W სიმძლავრითა და 15 ლ საწვავის ავზით.,75,უნიკალური,კი,
https://superi.ge/samsung-mc32db7746kfbw/,მიკროტალღური ღუმელი Samsung MC32DB7746KFBW ბეჟი,მიკროტალღური ღუმელი Samsung MC32DB7746KFBW ბეჟი | Superi.ge,59,კი,"Samsung MC32DB7746KFBW 32 ლ მიკროტალღური ღუმელი ბიოკერამიკული ემალის კამერით, გრილის, კონვექციის, ორთქლით მომზადების, ავტომატური გალღობისა და ენერგიის დაზოგვის ფუნქციებით.",171,უნიკალური,კი,
https://superi.ge/tcl-75p7l-4k-qled-75/,"ტელევიზორი TCL 75P7L 4K QLED 75""","ტელევიზორი TCL 75P7L 75"" 4K QLED Google TV",42,არა,"შეარჩიე TCL 75P7L — 75"" QLED 4K Google TV HVA პანელით, Dolby Vision და HDR10+ მხარდაჭერით, ONKYO 2.0 Hi-Fi ხმითა და Google Assistant-ით.",136,უნიკალური,კი,
https://superi.ge/3-5-glm196201/,გაზონის სათიბი მანქანა ბენზინის ძრავით 3.5 კვტ (GLM196201),გაზონის სათიბი მანქანა ბენზინის ძრავით 3.5 კვტ (GLM196201) | Superi.ge,70,კი,INGCO GLM196201 ბენზინის გაზონის საკრეჭი 3.5 კვტ სიმძლავრით და 510 მმ ჭრის სიგანით იდეალურია დიდი გაზონისთვის. ძლიერი 4-ტაქტიანი ძრავი და რეგულირებადი ჭრის სიმაღლე უზრუნველყოფს ეფექტურ და სწრაფ მუშაობას,202,უნიკალური,კი,
https://superi.ge/mobile-and-smartphones-oppo-oppo-reno-15f-8gb-256gb-5g-twilight-blue/,OPPO Reno 15F 8GB/256GB 5G Twilight Blue მობილური ტელეფონი,OPPO Reno 15F 8GB/256GB 5G Twilight Blue მობილური ტელეფონი | Superi.ge,70,კი,"OPPO Reno 15F სმარტფონი 6.57"" AMOLED 120 Hz ეკრანით, Qualcomm Snapdragon 6 Gen 1 ჩიპსეტით, 8 GB RAM-ით, 256 GB მეხსიერებით, 50 MP კამერითა და 7000 mAh ელემენტით.",161,უნიკალური,კი,
https://superi.ge/dahua-a200y-23-8-fhd/,"მონიტორი Dahua A200Y 23.8"" FHD, შავი","მონიტორი Dahua A200Y 23.8"" FHD, შავი | Superi.ge",48,კი,"მონიტორი Dahua A200Y 23.8"" FHD — 1920×1080, VA, 100 Hz, სახლისა და ოფისისთვის. ✓ ნაწილ-ნაწილ გადახდა ✓ მიწოდება მთელ საქართველოში",129,უნიკალური,კი,
https://superi.ge/ardesto-ar2919ggc/,თეფში ARDESTO AR2919GGC,თეფში ARDESTO AR2919GGC|Superi.ge,33,არა,"თეფში ARDESTO AR2919GGC — დიამეტრი 19 სმ, ფორმა მრგვალი, თავსებადია ღუმელში, მასალა კერამიკა. ✓ ნაწილ-ნაწილ გადახდა ✓ მიწოდება მთელ საქართველოში",144,უნიკალური,კი,
https://superi.ge/electrolux-ew6s4r06bx/,სარეცხი მანქანა ELECTROLUX EW6S4R06BX,სარეცხი მანქანა ELECTROLUX EW6S4R06BX,37,არა,ELECTROLUX EW6S4R06BX სარეცხი მანქანა 6 კგ ჩატვირთვით და 1000 ბრ/წთ ბრუნვის სიჩქარით უზრუნველყოფს ეფექტურ რეცხვას და ენერგიის დაზოგვას.,135,უნიკალური,კი,
https://superi.ge/samsung-qe55s90hauxpy-55-139/,"ტელევიზორი Samsung QE55S90HAUXPY 55"" (139სმ)","ტელევიზორი Samsung QE55S90HAUXPY 55"" (139სმ) | Superi.ge",56,კი,"Samsung QE55S90HAUXPY Series 9 OLED Smart TV 55"" 4K UHD ეკრანით, 165 Hz განახლების სიხშირით, HDR მხარდაჭერით, Tizen ოპერაციული სისტემით, 40 W 2.1CH აუდიოსისტემით, Dolby Atmos-ით, Wi-Fi 5-ითა და 4 × HDMI 2.1 პორტით.",214,უნიკალური,კი,
https://superi.ge/electrolux-e4gk1-4gb/,ელექტრო ჩაიდანი Electrolux E4GK1-4GB,ელექტრო ჩაიდანი Electrolux E4GK1-4GB | Superi.ge,48,კი,"Electrolux E4GK1-4GB ელექტრო ჩაიდანი 2200 W სიმძლავრით, 1.7 ლ მოცულობით, მინის დოქით, დაფარული გამაცხელებელი ელემენტით, წყლის ფილტრით, 360°-იანი სადგამითა და ავტომატური გამორთვის ფუნქციით.",188,უნიკალური,კი,
https://superi.ge/bosch-dwk065g60t/,გამწოვი BOSCH DWK065G60T,გამწოვი BOSCH DWK65AD30R | Superi.ge,36,კი,"​Bosch Serie 4 DWK065G60T დახრილი გამწოვი, მაქსიმალური პროდუქტიულობით 593 მ3/სთ, წარმოდგენილია შავ ფერში. შეუძლია იმუშაოს გადინების და ცირკულაციის რეჟიმში. სენსორული მართვის პანელის გამოყენებით, შეგიძლიათ აირჩიოთ მოწყობილობის სამი ოპერაციული ძალადან ერთი.",255,უნიკალური,კი,
https://superi.ge/philips-27e2n1110-01-27-fhd/,"მონიტორი Philips 27E2N1110/01 27"" FHD, შავი","მონიტორი Philips 27E2N1110/01 27"" FHD, შავი | Superi.ge",55,კი,"მონიტორი Philips 27E2N1110/01 27"" FHD — 1920×1080, IPS, 120 Hz, სახლისა და ოფისისთვის. ✓ ნაწილ-ნაწილ გადახდა ✓ მიწოდება მთელ საქართველოში",137,უნიკალური,კი,
https://superi.ge/sencor-swk-0850gy/,ელექტრო ჩაიდანი Sencor SWK 0850GY,ელექტრო ჩაიდანი Sencor SWK 0850GY | Superi.ge,45,კი,"Sencor SWK 0850GY არის 1.7 ლიტრიანი ელექტრო ჩაიდანი უჟანგავი ფოლადის კორპუსით, 1800 W სიმძლავრით, ეკრანითა და 360°-იანი სადგამით.",129,უნიკალური,კი,
https://superi.ge/bluetooth-logitech-signature-m650-m-ka/,"Bluetooth მაუსი Logitech Signature M650 M, თეთრი","Bluetooth მაუსი Logitech Signature M650 M, თეთრი | Superi.ge",60,კი,"Bluetooth მაუსი Logitech Signature M650 M, თეთრი — სენსორის გარჩევადობა 2400 DPI – 4000 DPI, სენსორის ტიპი ოპტიკური. ✓ ნაწილ-ნაწილ გადახდა ✓ მიწოდება",149,უნიკალური,კი,
https://superi.ge/ninja-bn495eu/,ბლენდერი NINJA BN495EU,ბლენდერი NINJA BN495EU,22,არა,"ბლენდერი NINJA BN495EU — ჯამის მოცულობა 0.7 ლ, სიჩქარის რეჟიმი 1, სტაციონალური, კვების ტიპი ქსელის. ✓ ნაწილ-ნაწილ გადახდა ✓ მიწოდება მთელ საქართველოში",150,უნიკალური,კი,
https://superi.ge/bestway-56424/,კარკასული აუზი BESTWAY 56424 (5700 ლტ),კარკასული აუზი BESTWAY 56424 (5700 ლტ) | Superi.ge,50,კი,"კარკასული აუზი BESTWAY 56424 (5700 ლტ) — მოცულობა 5700 ლ დამატებითი მახ ასიათებლები. დეტალური მახასიათებლები, ფასი და ხელმისაწვდომობა იხილეთ Superi.ge-ზე.",154,შაბლონური,კი,
https://superi.ge/logitech-pebble-2-m350s-wireless-mouse-graphite/,Logitech Pebble 2 M350s Wireless Mouse Graphite,Logitech Pebble 2 M350s Wireless Mouse Graphite | Superi.ge,59,კი,"Logitech Pebble 2 M350s Wireless Mouse Graphite — სენსორის გარჩევადობა 4000 DPI-მდე, კავშირი Wireless, Bluetooth, Bluetooth მაუსი. ✓ ნაწილ-ნაწილ გადახდა",152,უნიკალური,არა,
https://superi.ge/dyson-sv47-v15-detect-absolute-yellow-iron/,Dyson SV47 V15 Detect Absolute - Yellow/Iron,Dyson SV47 V15 Detect Absolute - Yellow/Iron | Superi.ge,56,კი,"​Dyson SV47 V15​ მძლავრი ხელის მტვერსასრუტი მშრალი წმენდისთვის, 14 ციკლონის ტექნოლოგიით და HEPA ფილტრით, მუშაობის ხანგრძლივობით 60 წუთამდე და შესრუტვის სიმძლავრით 240 A.W​",171,უნიკალური,არა,
https://superi.ge/midea-mdrm632fgd46w-side-by-side/,მაცივარი Midea MDRM632FGD46W Side by Side,მაცივარი Midea MDRM632FGD46W Side by Side | Superi.ge,53,კი,"შეარჩიე Midea MDRM632FGD46W — No Frost მაცივარ-საყინულე 470 ლ მოცულობით, წყლის დისპენსერით, Wi-Fi-ით, Smart გაგრილებითა და კვადრო ინვერტორით.",141,უნიკალური,კი,
https://superi.ge/samsung-wd12tp34dsh-lp/,სარეცხი მანქანა SAMSUNG WD12TP34DSH/LP,სარეცხი მანქანა SAMSUNG WD12TP34DSH/LP,38,არა,"სარეცხი მანქანა SAMSUNG WD12TP34DSH/LP — ტევადობა 12 კგ, მაქსიმალური სიჩქარე 1400 ბრ/წთ და ინვენტორული ძრავა. ფასი და ხელმისაწვდომობა იხილეთ Superi.ge-ზე.",154,შაბლონური,კი,
https://superi.ge/ardesto-dnf-m378bi200/,მაცივარი ARDESTO DNF-M378BI200,მაცივარი ARDESTO DNF-M378BI200 | Superi.ge,42,კი,"Ardesto DNF-M378BI200 – ორკამერიანი მაცივარი 360 ლ მოცულობით, NoFrost სისტემით და A++ ენერგოეფექტურობით. თანამედროვე დიზაინი და პრაქტიკული ფუნქციები ყოველდღიური გამოყენებისთვის",176,უნიკალური,კი,
https://superi.ge/baghis-avejis-kompleqti-17051527/,"ბაღის ავეჯის კომპლექტი მაგიდა და 2 სკამი, დასაკეცი, შავი (17051527)","ბაღის ავეჯის კომპლექტი მაგიდა და 2 სკამი, დასაკეცი, შავი (17051527) | Superi.ge",79,კი,"ბაღის ავეჯის კომპლექტი: მაგიდა 58×58×71 სმ და 2 დასაკეცი სკამი, ლითონი და პლასტმასი, შავი. ✓ ნაწილ-ნაწილ გადახდა ✓ მიწოდება მთელ საქართველოში",141,უნიკალური,კი,
https://superi.ge/steamone-eufd80b/,ხელის ორთქლის უთო SteamOne EUFD80B,ხელის ორთქლის უთო SteamOne EUFD80B | Superi.ge,46,კი,SteamOne EUFD80B ხელის ორთქლის უთო 2000 W სიმძლავრითა და 35 გ/წთ ორთქლით.,73,უნიკალური,კი,
https://superi.ge/nadzvis-khe-himalai-180-sm-bc-180/,ნაძვის ხე ჰიმალაი 180სმ (BC-180),ნაძვის ხე ჰიმალაი 180სმ (BC-180),32,არა,"ნაძვის ხე ჰიმალაი 180სმ (BC-180) - ​​ბუნებრივის მსგავსი ნაძვის ხე, დრეკადი მეტალის ტოტებით და ჯანმრთელობისთვის უსაფრთხო მასალისგან დამზადებული შერეული ორი ფერის, სილიკონის და PVC წიწვით . მეტალის მყარი სადგამით და მთავარი ღერძით.​",230,უნიკალური,კი,
https://superi.ge/sencor-sfh-9014/,ელექტრო გამათბობელი Sencor SFH 9014,ელექტრო გამათბობელი Sencor SFH 9014 | Superi.ge,47,კი,Sencor SFH 9014 ელექტრო გამათბობელი 1300 W სიმძლავრით.,54,უნიკალური,კი,
https://superi.ge/smeg-tsf01bleu-black/,ტოსტერი SMEG TSF01BLEU BLACK,ტოსტერი SMEG TSF01BLEU BLACK,28,არა,ტოსტერი SMEG TSF01BLEU BLACK — სიმძლავრე 950 W და მართვის ტიპი ელექტრონული ღილაკებით ფუნქციები და მახა. ფასი და ხელმისაწვდომობა იხილეთ Superi.ge-ზე.,148,შაბლონური,კი,
https://superi.ge/panasonic-kx-ts2350uab/,სახლის ტელეფონი PANASONIC KX-TS2350UAB,სახლის ტელეფონი PANASONIC KX-TS2350UAB,38,არა,"სახლის ტელეფონი PANASONIC KX-TS2350UAB — ანალოგური კავშირი. დეტალური მახასიათებლები, ფასი და ხელმისაწვდომობა იხილეთ Superi.ge-ზე.",129,შაბლონური,კი,
https://superi.ge/segway-ninebot-kickscooter-max-g3-black/,Segway Ninebot KickScooter MAX G3 Black,Segway Ninebot KickScooter MAX G3 Black | Superi.ge,51,კი,"Segway Ninebot KickScooter MAX G3 ელექტრო სკუტერი 850–2000 W სიმძლავრით, 25 კმ/სთ-მდე მაქსიმალური სიჩქარით, 80 კმ-მდე სავალი მანძილით, IPX6 დაცვითა და Segway Mobility აპლიკაციის მხარდაჭერით.",190,უნიკალური,არა,
https://superi.ge/bestway-5614x-366-x-100/,კარკასული აუზი BESTWAY (5614X) 366 x 100 სმ,კარკასული აუზი BESTWAY (5614X) 366 x 100 სმ | Superi.ge,55,კი,"კარკასული მრგვალი აუზი BESTWAY (5614X) ზომით 366x100 სმ, ტევადობა 9150 ლიტრი (90%), კარტრიჯული ფილტრაციის სისტემით და ტუმბოთი (2,006 ლ/სთ). კომპლექტში შედის დამცავი კიბე 107 სმ",176,უნიკალური,კი,
https://superi.ge/genius-hs-610-ka/,"საოფისე ყურსასმენი Genius HS-610, წითელი","საოფისე ყურსასმენი Genius HS-610, წითელი | Superi.ge",52,კი,Genius HS-610 წითელი საოფისე ყურსასმენი მიკროფონით.,51,უნიკალური,კი,
https://superi.ge/tolsen-tol1764-79993-start-8kw/,TOLSEN TOL1764-79993 გენერატორი (START) 8kw,TOLSEN TOL1764-79993 გენერატორი (START) 8kw | Superi.ge,55,კი,"TOLSEN TOL1764-79993 ბენზინის გენერატორი 8.0 kW სიმძლავრით, 220–240 V გამომავალი ძაბვით, 27 ლ საწვავის ავზითა და ავტომატური და მექანიკური გაშვების სისტემებით.",158,უნიკალური,კი,
https://superi.ge/beko-bcna275e3s-b300/,ჩასაშენებელი მაცივარი BEKO BCNA275E3S b300,ჩასაშენებელი მაცივარი BEKO BCNA275E3S b300 | Superi.ge,54,კი,"Beko BCNA275E3S ჩასაშენებელი No Frost მაცივარი 254 ლ მოცულობით, ProSmart ინვერტორული კომპრესორით, Active Fresh Blue Light ტექნოლოგიით, ნულოვანი ზონით, LED განათებით და ენერგოეფექტურობით A++",189,უნიკალური,კი,
https://superi.ge/kenwood-fdp23-380gr/,ბლენდერი Kenwood FDP23.380GR,ბლენდერი Kenwood FDP23.380GR | Superi.ge,40,კი,"Kenwood FDP23.380GR სტაციონალური ბლენდერი 900 W სიმძლავრით, 1.3 ლ ჯამით, ჩოფერითა და პულსის რეჟიმით.",100,უნიკალური,კი,
https://superi.ge/bosch-hjg852yb0t/,ჩასაშენებელი ღუმელი BOSCH HJG852YB0T,ჩასაშენებელი ღუმელი BOSCH HJG852YB0T | Superi.ge,48,კი,"Bosch HJG852YB0T შავი ჩასაშენებელი ელექტრო ღუმელი 76 ლ მოცულობით, 30 ავტომატური პროგრამით, 3D Hotair, Air Fry, EcoClean Direct და სწრაფი წინასწარი გაცხელების ფუნქციებით.",169,უნიკალური,კი,
https://superi.ge/mitsubishi-msz-ef35ve3s-er2/,კონდიციონერი MITSUBISHI MSZ-EF35VE3S-ER2,კონდიციონერი MITSUBISHI MSZ-EF35VE3S-ER2 | Superi.ge,52,კი,"კონდიციონერი MITSUBISHI MSZ-EF35VE3S-ER2 — გაეცანით მახასიათებლებს, ფასსა და ხელმისაწვდომობას Superi.ge-ზე და შეუკვეთეთ სასურველი მოდელი ონლაინ.",144,უნიკალური,კი,
https://superi.ge/tcl-qe55s90fauxru-4k-oled-140/,ტელევიზორი SAMSUNG QE55S90FAUXRU 4K OLED (140სმ),ტელევიზორი SAMSUNG QE55S90FAUXRU 4K OLED (140სმ) | Superi.ge,60,კი,"Samsung QE55S90FAUXRU შავი OLED 55"" (140 სმ) სმარტ ტელევიზორი 4K გარჩევადობით, Dolby Atmos-ითა და AI Gen3 პროცესორით – იდეალური გამოსახულება და თანამედროვე შესაძლებლობები თქვენი სახლისთვის.",189,უნიკალური,კი,
https://superi.ge/samsung-rb34a7b4f35-wt/,მაცივარი SAMSUNG RB34A7B4F35/WT,მაცივარი SAMSUNG RB34A7B4F35/WT,31,არა,ტიპი: ორკამერიანი ძრავის ტიპი: ინვერტორული მაცივრის კამერის სასარგებლო მოცულობა: 228 ლ საყინულე კამერის სასარგებლო მოცულობა: 112 ლ ზომა (სიმაღლე/სიგანე/სიღრმე): 1853 x 595 x 658 მმ ფერი: თეთრი,192,სპეციფიკაციების ჩამონათვალი,კი,
https://superi.ge/indesit-its-4180-g/,მაცივარი INDESIT ITS 4180 G,მაცივარი INDESIT ITS 4180 G | Superi.ge,39,კი,"Indesit ITS 4180 G კომბინირებული მაცივარი 298 ლ სასარგებლო მოცულობით, No Frost სისტემით ორივე განყოფილებაში, 220 ლ მაცივრისა და 78 ლ საყინულის მოცულობით, 4 კგ/დღე გაყინვის წარმადობითა და A ენერგოეფექტურობის კლასით.",214,უნიკალური,კი,
https://superi.ge/kenwood-chp61-000wh/,ჩოფერი Kenwood CHP61.000WH,ჩოფერი Kenwood CHP61.000WH | Superi.ge,38,კი,"Kenwood CHP61.000WH ჩოფერი 500 W სიმძლავრით, 500 მლ მოცულობითა და 2 სიჩქარით.",77,უნიკალური,კი,
https://superi.ge/blackview-tab-a5-kids-lte-8-1-3gb-64gb-blue/,ტაბლეტი Blackview Tab A5 Kids LTE 8.1'' 3GB/64GB Blue,ტაბლეტი Blackview Tab A5 Kids LTE 8.1'' 3GB/64GB Blue | Superi.ge,65,კი,"Blackview Tab A5 Kids LTE ტაბლეტი, 8.1'' ეკრანით, 3GB ოპერატიული და 64GB შიდა მეხსიერებით, იდეალურია ბავშვებისთვის გართობისა და სწავლისთვის.",140,უნიკალური,კი,
https://superi.ge/gorenje-gs643e90w/,ჭურჭლის სარეცხი მანქანა GORENJE GS643E90W,ჭურჭლის სარეცხი მანქანა GORENJE GS643E90W | Superi.ge,53,კი,"Gorenje GS643E90W ცალკე მდგომი ჭურჭლის სარეცხი მანქანა 16 კომპლექტის ტევადობით, 3 კალათით, MultiClack რეგულირებით, SpeedWash 15-წუთიანი პროგრამით, AquaStop დაცვითა და 47 დბ ხმაურის დონით",186,უნიკალური,კი,
https://superi.ge/millen-ds6314gazb/,გაზქურა Millen DS6314GAZB,გაზქურა Millen DS6314GAZB | Superi.ge,37,კი,"Millen DS6314GAZB გაზქურა 4 გაზის კონფორით, თუჯის სადგამებით და გაზკონტროლის ფუნქციით. აღჭურვილია ელექტრონული კონტროლის ღუმელით, ზედა და ქვედა წვით, შიდა განათებითა და ტაიმერით, რაც უზრუნველყოფს პრაქტიკულ და უსაფრთხო გამოყენებას",228,უნიკალური,კი,
https://superi.ge/samsung-qe65s90haexpy-65-oled/,"ტელევიზორი Samsung QE65S90HAEXPY 65"" OLED","ტელევიზორი Samsung QE65S90HAEXPY 65"" OLED | Superi.ge",53,კი,"Samsung QE65S90HAEXPY 65"" Smart OLED ტელევიზორი 4K გარჩევადობით, 165 Hz-მდე VRR მხარდაჭერით, NQ4 AI Gen3 პროცესორით, OLED HDR+, Dolby Atmos, FreeSync Premium Pro, G-SYNC და Tizen Smart TV ფუნქციებით",198,უნიკალური,კი,
https://superi.ge/playstation-5-dualsense-edge-midnight-black/,უსადენო კონტროლერი PlayStation 5 DualSense Edge Midnight Black,უსადენო კონტროლერი PlayStation 5 DualSense Edge Midnight Black | Superi.ge,74,კი,PlayStation 5 DualSense Edge Midnight Black უსადენო კონტროლერი PlayStation 5-თან თავსებადი და 1560 mAh ელემენტით.,113,უნიკალური,კი,
https://superi.ge/zilan-zln2558/,Zilan ZLN2558 ვენტილატორი,Zilan ZLN2558 ვენტილატორი | Superi.ge,37,კი,"Zilan ZLN2558 მაღალი სიჩქარის ჰაერის ცირკულატორი ვენტილატორი 95 W სიმძლავრით, 3 სიჩქარის რეჟიმით, 7 ფრთით, 2615 მ³/სთ ჰაერის ნაკადით, 3-დონიანი სიმაღლის რეგულირებითა და რხევითი რეჟიმით",184,უნიკალური,კი,
https://superi.ge/millen-ff9503gazh/,გაზქურა Millen FF9503GAZH,გაზქურა Millen FF9503GAZH | Superi.ge,37,კი,"Millen FF9503GAZH Cast Iron გაზქურა 5 გაზის კონფორით და ელექტრო ღუმელით. თუჯის ცხაურა, ელექტრო ანთება, ზედა და ქვედა წვა და ღუმელის განათება უზრუნველყოფს კომფორტულ და ეფექტურ მომზადებას",185,უნიკალური,კი,
https://superi.ge/vc18m2130sr-ev/,მტვერსასრუტი Samsung VC18M2130SR/EV,მტვერსასრუტი Samsung VC18M2130SR/EV,35,არა,"Samsung SC18M2130SR კონტეინერიანი მტვერსასრუტი 1800 W სიმძლავრით, 380 W შეწოვის სიმძლავრით, 1.5 ლ მტვრის კონტეინერით, ციკლონური ფილტრაციის სისტემითა და 9 მ მოქმედების რადიუსით. [[FOTOMKREFI_DONE]]",196,უნიკალური,კი,
https://superi.ge/canon-gi-46-4427c001aa/,"ჭავლური კარტრიჯი Canon GI-46 (4427C001AA), ცისფერი","ჭავლური კარტრიჯი Canon GI-46 (4427C001AA), ცისფერი | Superi.ge",62,კი,"Canon GI-46 (4427C001AA) ჭავლური კარტრიჯი ცისფერი ფერით, 12000 გვერდამდე რესურსით, 130 მლ მოცულობითა და ორიგინალი.",114,უნიკალური,კი,
https://superi.ge/korkmaz-a2863-set-6pcs/,ქვაბების ნაკრები KORKMAZ A2863 SET 6PCS,ქვაბების ნაკრები KORKMAZ A2863 SET 6PCS,39,არა,"ქვაბების ნაკრები KORKMAZ A2863 SET 6PCS — მოცულობა 2 ლ. დეტალური მახასიათებლები, ფასი და ხელმისაწვდომობა იხილეთ Superi.ge-ზე.",125,შაბლონური,კი,
https://superi.ge/gorenje-h50w-20m/,"ჰაერის დამატენიანებელი GORENJE H50W, (20m²)","ჰაერის დამატენიანებელი GORENJE H50W, (20m²)",43,არა,"ჰაერის დამატენიანებელი GORENJE H50W, (20m²) — სიმძლავრე 26 W და სენსორული მართვა. დეტალური მახასიათებლები, ფასი და ხელმისაწვდომობა იხილეთ Superi.ge-ზე.",151,შაბლონური,კი,
https://superi.ge/honor-x8d-8gb-256gb-dual-sim-velvet-grey/,მობილური ტელეფონი Honor X8d 8GB/256GB Dual Sim Velvet Grey,მობილური ტელეფონი Honor X8d 8GB/256GB Dual Sim Velvet Grey | Superi.ge,70,კი,"Honor X8d 8GB/256GB Velvet Grey სმარტფონი გამოირჩევა AMOLED 120Hz ეკრანით, 108MP კამერით, ძლიერი 7000mAh ელემენტითა და Snapdragon 6s Gen 2 პროცესორით სწრაფი და კომფორტული გამოყენებისთვის.",187,უნიკალური,კი,
https://superi.ge/hitachi-r-wb710puc9-gbw/,მაცივარი HITACHI R-WB710PUC9 GBW,მაცივარი HITACHI R-WB710PUC9 GBW,32,არა,მაცივარი HITACHI R-WB710PUC9 GBW — საერთო მოცულობა 435 ლ და მაცივრის კამერის სასარგებლო მოცულობა 343 ლ. ფასი და ხელმისაწვდომობა იხილეთ Superi.ge-ზე.,148,შაბლონური,კი,
https://superi.ge/franko-fwd-1228b-grey/,წყლის დისპენსერი FRANKO FWD-1228B GREY,წყლის დისპენსერი FRANKO FWD-1228B GREY | Superi.ge,50,კი,"​FRANKO FWD-1228B წყლის დისპენსერი წარმოდგენილია ცივი, ცხელი და ნორმალური წყლის ფუნქციებით. მისი 16 ლიტრიანი მოცულობა და ძლიერი 590 ვატიანი სიმძლავრე უზრუნველყოფს სწრაფ და ეფექტურ გამოყენებას, ხოლო ბავშვის უსაფრთხოების საკეტი დამატებით უზრუნველყოფს უსაფრთ",255,უნიკალური,კი,
https://superi.ge/vestel-w710t2/,სარეცხი მანქანა VESTEL W710T2,სარეცხი მანქანა VESTEL W710T2|Superi.ge,39,არა,"Vestel W710T2 სარეცხი მანქანა: 7 კგ ჩატვირთვა, 1000 ბრ/წთ ბრუნვა, A+++ ენერგომოხმარება, 15 პროგრამა, LED დისპლეი, სწრაფი რეცხვა, მართვის ბლოკირება.597 x 845 x 497 მმ",165,უნიკალური,კი,
https://superi.ge/xtrike-me-gaming-mouse-gm-110/,Xtrike Me Gaming Mouse GM-110,Xtrike Me Gaming Mouse GM-110 | Superi.ge,41,კი,"Xtrike Me GM-110 გეიმინგ მაუსი სადენიანი კავშირით, 3600 DPI სენსორითა და 4 ღილაკით.",83,უნიკალური,არა,
https://superi.ge/nothing-cmf-buds-2-orange/,Nothing CMF Buds 2 Orange,Nothing CMF Buds 2 Orange | Superi.ge,37,კი,"Nothing CMF Buds 2 ნარინჯისფერი უსადენო ყურსასმენი ხმაურის აქტიური ჩახშობით, Bluetooth 5.4-ით, 11 მმ დინამიკით, მიკროფონითა და 55 საათამდე მუშაობის დროით.",154,უნიკალური,არა,
https://superi.ge/beko-rdse500m20s-superia/,მაცივარი BEKO RDSE500M20S SUPERIA,მაცივარი BEKO RDSE500M20S SUPERIA | Superi.ge,45,კი,ტიპი: ორკამერიანი მაცივრის კამერის სასარგებლო მოცულობა: 322 ლ საყინულე კამერის სასარგებლო მოცულობა: 115 ლ ენერგომოხმარების კლასი: A+ ხმაურის დონე: 39 dB ზომა: 185 x 70 х 65 სმ / ფერი: ვერცხლისფერი,196,სპეციფიკაციების ჩამონათვალი,კი,
https://superi.ge/toshiba-tw-bn90c4uz-sk-silver/,სარეცხი მანქანა Toshiba TW-BN90C4UZ(SK) - Silver,სარეცხი მანქანა Toshiba TW-BN90C4UZ(SK) - Silver | Superi.ge,60,კი,"Toshiba TW-BN90C4UZ(MK) ცალკე მდგომი სარეცხი მანქანა 8 kg ჩატვირთვით, 1400 Rpm დატრიალებით, ინვერტორული ძრავით, ორთქლით რეცხვით, უჟანგავი ფოლადის დოლურითა და სენსორული მართვით.",176,უნიკალური,კი,
https://superi.ge/gorenje-gw6d42cli/,გაზის ქურის ზედაპირი GORENJE GW6D42CLI,გაზის ქურის ზედაპირი GORENJE GW6D42CLI | Superi.ge,50,კი,"გაზის ქურის ზედაპირი GORENJE GW6D42CLI — 60 სმ, 4 კონფორი WOK-ით, თუჯის ცხაური, ერთი ხელით ანთება. ✓ ნაწილ-ნაწილ გადახდა ✓ მიწოდება მთელ საქართველოში",149,უნიკალური,კი,
https://superi.ge/blackview-mega-2-lte-11-97-ips-8gb-256gb-grey/,ტაბლეტი Blackview Mega 2 LTE 11.97' IPS 8GB 256GB Grey,ტაბლეტი Blackview Mega 2 LTE 11.97' IPS 8GB 256GB Grey | Superi.ge,66,კი,"Blackview Mega 2 LTE ტაბლეტი გთავაზობთ მაღალ წარმადობას და დიდ მეხსიერებას 11.97 დიუმიანი IPS ეკრანით, რაც იდეალურია როგორც სამუშაოსთვის, ასევე გართობისთვის.",157,უნიკალური,კი,
https://superi.ge/bosch-bgc05aaa1/,მტვერსასრუტი BOSCH BGC05AAA1,მტვერსასრუტი BOSCH BGC05AAA1|Superi.ge,38,არა,"მტვერსასრუტი BOSCH BGC05AAA1 — მაქსიმალური სიმძლავრე 700 W. დეტალური მახასიათებლები, ფასი და ხელმისაწვდომობა იხილეთ Superi.ge-ზე.",129,შაბლონური,კი,
https://superi.ge/honor-x6a-4gb-128gb-cyan-lake/,მობილური ტელეფონი HONOR X6A 4GB/128GB CYAN LAKE,მობილური ტელეფონი HONOR X6A 4GB/128GB CYAN LAKE,47,არა,"აღმოაჩინეთ HONOR X6A 4GB/128GB CYAN LAKE მობილური ტელეფონი, რომელიც აერთიანებს თანამედროვე დიზაინს და მაღალ წარმადობას ყოველდღიური გამოყენებისთვის. შეიძინეთ ახლავე.",164,უნიკალური,კი,
https://superi.ge/midea-mf200w80wb-t/,სარეცხი მანქანა MIDEA MF200W80WB/T,სარეცხი მანქანა MIDEA MF200W80WB/T,34,არა,MIDEA MF200W80WB/T ინვერტორული ფრონტალური სარეცხი მანქანა 8 კგ ჩატვირთვით უზრუნველყოფს ეფექტურ და ეკონომიურ რეცხვას თქვენს სახლში.,130,უნიკალური,კი,
https://superi.ge/beko-tbn-81808-bx/,ბლენდერი BEKO TBN 81808 BX,ბლენდერი BEKO TBN 81808 BX | Superi.ge,38,კი,"ბლენდერი BEKO TBN 81808 BX — მოცულობა 1,8 ლ, სიმძლავრე 800 W და მექანიკური მართვა. დეტალური მახასიათებლები, ფასი და ხელმისაწვდომობა იხილეთ Superi.ge-ზე.",152,შაბლონური,კი,
https://superi.ge/legion-5-15iax10-83f0000hrk-eclipse-black/,ნოუთბუქი Legion 5 15IAX10 (83F0000HRK) - Eclipse Black,ნოუთბუქი Legion 5 15IAX10 (83F0000HRK) - Eclipse Black | Superi.ge,66,კი,"Lenovo Legion 5 15IAX10 ნოუთბუქი, რომელიც აერთიანებს მაღალ წარმადობასა და ელეგანტურ დიზაინს, იდეალურია როგორც თამაშებისთვის, ასევე პროდუქტიული მუშაობისთვის.",156,უნიკალური,კი,
https://superi.ge/sencor-shb-5501ch/,ხელის ბლენდერი Sencor SHB 5501CH,ხელის ბლენდერი Sencor SHB 5501CH | Superi.ge,44,კი,"Sencor SHB 5501CH ხელის ბლენდერი 1000 W სიმძლავრით, 1.25 ლ ჯამით, 20 სიჩქარითა და ტურბო რეჟიმით.",96,უნიკალური,კი,
https://superi.ge/schpindel-hpt30-3000/,პალეტის ურიკა SCHPINDEL HPT30 (3000კგ),პალეტის ურიკა SCHPINDEL HPT30 (3000კგ) | Superi.ge,50,კი,"ჰიდრავლიკური ტვირთმზიდი SCHPINDEL 3000 კგ ტვირთამწეობით — გამძლე მეტალის კონსტრუქცია, სტანდარტული პლატფორმის ზომა 550x1150 მმ. იდეალურია მძიმე ტვირთის მარტივად გადაადგილებისთვის საწყობებსა და ინდუსტრიაში.",204,უნიკალური,კი,
https://superi.ge/bosch-mums2ew40/,სამზარეულოს კომბაინი BOSCH MUMS2EW40,სამზარეულოს კომბაინი BOSCH MUMS2EW40 | Superi.ge,48,კი,"Bosch MUMS2EW40 სამზარეულოს კომბაინი 700 W სიმძლავრით, 3.8 ლ უჟანგავი ფოლადის ჯამით, 4 სიჩქარით, 3D Planetary Mixing სისტემით და მრავალფეროვანი აქსესუარებით.",157,უნიკალური,კი,
https://superi.ge/varta-sil-agm-a6-80-ah/,მანქანის აკუმულატორი VARTA SIL AGM A6 80 AH,მანქანის აკუმულატორი VARTA SIL AGM A6 80 AH | Superi.ge,55,კი,"VARTA SIL AGM A6 80Ah 800A არის მაღალი ხარისხის AGM ტიპის აკუმულატორი Start-Stop სისტემიანი ავტომობილებისთვის. უზრუნველყოფს მაღალი სასტარტერო დენის მიწოდებას, სტაბილურ მუშაობას და ხანგრძლივ ექსპლუატაციას PowerFrame ტექნოლოგიის წყალობით",235,უნიკალური,კი,
https://superi.ge/logitech-g203-lightsync-gaming-mouse-black/,Logitech G203 LightSync Gaming Mouse - Black,Logitech G203 LightSync Gaming Mouse - Black | Superi.ge,56,კი,"Logitech G203 LightSync შავი გეიმინგ მაუსი სადენიანი კავშირით, 8000 DPI სენსორით, 6 ღილაკითა და განათებით.",106,უნიკალური,არა,
https://superi.ge/intel-core-i5-12400-2-5ghz-turbo-boost-4-4ghz-18mb-lga1700/,პროცესორი: Intel Core i5-12400 2.5GHz Turbo Boost 4.4GHz 18MB LGA1700,პროცესორი: Intel Core i5-12400 2.5GHz Turbo Boost 4.4GHz 18MB LGA1700 | Superi.ge,81,კი,"Intel Core i5-12400 პროცესორი, 2.5GHz ბაზური სიხშირით და 4.4GHz ტურბო ბუსტით, 18MB ქეშით და LGA1700 სოკეტით, იდეალურია მაღალი წარმადობის კომპიუტერებისთვის.",155,უნიკალური,კი,
https://superi.ge/llorens-nicole-doll-35-cm-girl-8426265535293/,თოჯინა LLORENS NICOLE DOLL 35 CM GIRL (8426265535293),თოჯინა LLORENS NICOLE DOLL 35 CM GIRL (8426265535293),53,არა,"თოჯინა LLORENS NICOLE DOLL 35 CM GIRL (8426265535293) — მახასიათებლები, ფასი და ხელმისაწვდომობა იხილეთ Superi.ge-ზე და შეარჩიეთ სასურველი მოდელი ონლაინ.",152,შაბლონური,კი,
https://superi.ge/marazzi-cf-110fs-sw/,საყინულე MARAZZI CF-110FS(SW),საყინულე MARAZZI CF-110FS(SW) | Superi.ge,41,კი,"MARAZZI CF-110FS(SW) ცალკე მდგომი საყინულე 92 ლ მოცულობით, ზედა ჩატვირთვით, ნახევრად მშრალი გალღობის სისტემით და მექანიკური მართვით.",132,უნიკალური,კი,
https://superi.ge/honor-pad-x9b-max-13-0-inch-wifi-4gb-ram-128gb-global-version-5301aulg-grey/,Honor Pad X9b Max 13 Wifi 4/128GB 5301AULG Grey ტაბი,Honor Pad X9b Max 13 Wifi 4/128GB 5301AULG Grey ტაბი | Superi.ge,64,კი,"Honor Pad X9b Max 5301AULG პლანშეტი 13-დუიმიანი 120 Hz ეკრანით, Snapdragon 6s Gen 2 ჩიპსეტით, 4 GB ოპერატიული და 128 GB შიდა მეხსიერებითა და 10 100 mAh ელემენტით.",162,უნიკალური,კი,
https://superi.ge/super-270-vc-270/,ნაძვის ხე SUPER ნორვეგია 270 სმ (VC-270),ნაძვის ხე SUPER ნორვეგია 270 სმ (VC-270),40,არა,"ნაძვის ხე SUPER ნორვეგია 270 სმ (VC-270) — გაეცანით მახასიათებლებს, ფასსა და ხელმისაწვდომობას Superi.ge-ზე და შეუკვეთეთ სასურველი მოდელი ონლაინ.",144,უნიკალური,კი,
https://superi.ge/epson-105-c13t00q140/,"მელანი Epson 105 (C13T00Q140), პიგმენტური შავი","მელანი Epson 105 (C13T00Q140), პიგმენტური შავი | Superi.ge",58,კი,"Epson 105 (C13T00Q140) მელანი პიგმენტური შავი ფერით, 5,000–10,000 გვერდის რესურსით, 140 მლ მოცულობითა და ორიგინალი.",115,უნიკალური,კი,
https://superi.ge/nokia-c21-ta-1352-2gb-32gb-cis-ua-blue/,მობილური ტელეფონი NOKIA C21 (TA-1352) 2GB/32GB CIS UA BLUE,მობილური ტელეფონი NOKIA C21 (TA-1352) 2GB/32GB CIS UA BLUE,58,არა,"Nokia C21 მობილური ტელეფონი 6.52 დიუმიანი IPS ეკრანით, 2GB ოპერატიული და 32GB შიდა მეხსიერებით, 8MP კამერით და 4G მხარდაჭერით, იდეალურია ყოველდღიური გამოყენებისთვის.",165,უნიკალური,კი,
https://superi.ge/gas-cooker-oz-oz-oe-6031-bl-3gas-1electric-electric-oven-60x60x85cm-ffd-mate-black/,კომბინირებული გაზქურა Oz OE 6031 BL,კომბინირებული გაზქურა Oz OE 6031 BL | Superi.ge,47,კი,"Oz OE 6031 BL კომბინირებული გაზქურა 3 გაზის სანთურით, 1 ელექტრო ქურით, 66 ლ ელექტრო ღუმელით, თერმოსტატით, ელექტრო ანთებითა და FFD უსაფრთხოების სისტემით.",152,უნიკალური,კი,
https://superi.ge/gorenje-mo20e1b/,მიკროტალღური ღუმელი GORENJE MO20E1B,მიკროტალღური ღუმელი GORENJE MO20E1B | Superi.ge,47,კი,"Gorenje MO20E1B მიკროტალღური ღუმელი 20 ლ მოცულობით, 800 W მიკროტალღური სიმძლავრით, 5 სიმძლავრის დონით, 270 მმ მბრუნავი მინის თეფშით, დროის მიხედვით გალღობისა და AquaClean წმენდის ფუნქციებით.",190,უნიკალური,კი,
https://superi.ge/bosch-hbj558yb3q/,ჩასაშენებელი ღუმელი BOSCH HBJ558YB3Q,ჩასაშენებელი ღუმელი BOSCH HBJ558YB3Q,36,არა,"ჩასაშენებელი ღუმელი BOSCH HBJ558YB3Q — მოცულობა 66ლ, ენერგოეფექტურობის კლასი A, ტემპერატურის დიაპაზონი 50-275ºC, ღუმელის ტიპი ელექტრო. ✓ ნაწილ-ნაწილ გადახდა",156,უნიკალური,კი,
https://superi.ge/apple-iphone-17-pro-256gb-silver/,Apple iPhone 17 Pro | 256GB Silver მობილური ტელეფონი,Apple iPhone 17 Pro | 256GB Silver მობილური ტელეფონი | Superi.ge,64,კი,"Apple iPhone 17 Pro Silver 5G სმარტფონი 256 GB შიდა მეხსიერებით, 6.3-დიუმიანი LTPO Super Retina XDR OLED ეკრანით, Apple A19 Pro პროცესორით, 48 MP სამმაგი კამერითა და 25 W უსადენო დამუხტვით.",189,უნიკალური,კი,
https://superi.ge/gorenje-rb491pw/,მაცივარი GORENJE RB491PW,მაცივარი GORENJE RB491PW|Superi.ge,34,არა,"მაცივარი GORENJE RB491PW — საერთო მოცულობა 120 ლ და საერთო მოცულობა 105 ლ. დეტალური მახასიათებლები, ფასი და ხელმისაწვდომობა იხილეთ Superi.ge-ზე.",144,შაბლონური,კი,
https://superi.ge/genius-hs-02b/,"ყურზე დასადები ყურსასმენი Genius HS-02B, ლურჯი","ყურზე დასადები ყურსასმენი Genius HS-02B, ლურჯი | Superi.ge",58,კი,Genius HS-02B ლურჯი ყურზე დასადები ყურსასმენი მიკროფონით.,57,უნიკალური,კი,
https://superi.ge/samsung-viewfinity-s6-27-2-5k-ls27d604uaixci-black/,"მონიტორი Samsung ViewFinity S6 27"" 2K (LS27D604UAIXCI), შავი","მონიტორი Samsung ViewFinity S6 27"" 2K (LS27D604UAIXCI), შავი | Superi.ge",72,კი,"მონიტორი Samsung ViewFinity S6 27"" 2K — 2560×1440, IPS, 100 Hz, USB-C, სახლისა და ოფისისთვის. ✓ ნაწილ-ნაწილ გადახდა ✓ მიწოდება მთელ საქართველოში",144,უნიკალური,კი,
https://superi.ge/reflecta-crystalline-tripod-200x200/,პროექტორის ეკრანი REFLECTA CRYSTALLINE TRIPOD 200x200,პროექტორის ეკრანი REFLECTA CRYSTALLINE TRIPOD 200x200,53,არა,"REFLECTA CRYSTALLINE TRIPOD 200x200 პროექტორის ეკრანი უზრუნველყოფს მაღალი ხარისხის გამოსახულებას და იდეალურია როგორც სახლის, ისე საოფისე გამოყენებისთვის, მარტივია დასამონტაჟებლად და გადასატანად.",194,უნიკალური,კი,
https://superi.ge/sony-k-65xr80m2-65-165/,"ტელევიზორი SONY K-65XR80M2 65"" (165სმ)","ტელევიზორი SONY K-65XR80M2 65"" (165სმ) | Superi.ge",50,კი,"Sony K-65XR80M2 65-დიუმიანი OLED Smart TV ტელევიზორი 4K UHD გარჩევადობით, 120 Hz ეკრანით, XR Processor პროცესორით, Google TV სისტემით, Dolby Vision, Dolby Atmos, HDMI 2.1 და Wi-Fi 6E მხარდაჭერით.",195,უნიკალური,კი,
https://superi.ge/allscreen-cwp-110110-manual-projection-screen-280x280cm-hd-fabric-diagonal-155-inch-393-cm/,პროექტორის ეკრანი ALLSCREEN CWP-110110 MANUAL PROJECTION SCREEN 280X280CM HD FABRIC Diagonal 155 inch / 393 CM,პროექტორის ეკრანი ALLSCREEN CWP-110110 MANUAL PROJECTION SCREEN 280X280CM HD FABRIC Diagonal 155 inch / 393 CM | Superi.ge,122,კი,"შეიძინეთ ALLSCREEN CWP-110110 მექანიკური პროექტორის ეკრანი 280x280 სმ ზომით, HD ქსოვილით და 155 ინჩიანი დიაგონალით, იდეალურია სახლის კინოთეატრისთვის ან პრეზენტაციებისთვის.",171,უნიკალური,კი,
https://superi.ge/bosch-dwk67jm60/,გამწოვი BOSCH DWK67JM60,გამწოვი BOSCH DWK67JM60 | Superi.ge,35,კი,"BOSCH DWK67JM60 – შავი გუმბათოვანი გამწოვი, კედელზე დასაკიდი. 3 სიჩქარე + ინტენსიური რეჟიმი, 436-722 მ³/სთ წარმადობა, A+ ენერგოეფექტურობის კლასი და 66-70 dB ხმაურის დონე. ელექტრონული სენსორული მართვა, 2 LED განათება, 60 სმ სიგანე, ზომა 590 x 499 x 928-125",255,უნიკალური,კი,
https://superi.ge/midea-xt-18n8d6-gold-55-60/,კონდიციონერი MIDEA XT-18N8D6 GOLD (55-60 მ²),კონდიციონერი MIDEA XT-18N8D6 GOLD (55-60 მ²),44,არა,კონდიციონერი MIDEA XT-18N8D6 GOLD (55-60 მ²) — რეკომენდებული ფართი 55–60 მ² მდე და ინვერტორული ძრავა. ფასი და ხელმისაწვდომობა იხილეთ Superi.ge-ზე.,146,შაბლონური,კი,
https://superi.ge/bosch-hbg536hb0r/,ჩასაშენებელი ღუმელები BOSCH HBG536HB0R,ჩასაშენებელი ღუმელები BOSCH HBG536HB0R,38,არა,"ჩასაშენებელი ღუმელები BOSCH HBG536HB0R — საერთო მოცულობა 71 ლ და მექანიკური მართვა. დეტალური მახასიათებლები, ფასი და ხელმისაწვდომობა იხილეთ Superi.ge-ზე.",153,შაბლონური,კი,
https://superi.ge/midea-msaf-12hrn8-w/,კონდიციონერი MIDEA MSAF-12HRN8-W,კონდიციონერი MIDEA MSAF-12HRN8-W,32,არა,კონდიციონერი MIDEA MSAF-12HRN8-W — რეკომენდებული ფართი 35–40 მ² მდე და სიმძლავრე გაგრილების რეჟიმშ. ფასი და ხელმისაწვდომობა იხილეთ Superi.ge-ზე.,144,შაბლონური,კი,
https://superi.ge/epson-108-c13t09c34a/,"მელანი Epson 108 (C13T09C34A), იასამნისფერი","მელანი Epson 108 (C13T09C34A), იასამნისფერი | Superi.ge",55,კი,"Epson 108 (C13T09C34A) მელანი იასამნისფერი ფერით, 5,000–10,000 გვერდის რესურსით, 70 მლ მოცულობითა და ორიგინალი.",111,უნიკალური,კი,
https://superi.ge/beko-bcse400e40sn-b300/,ჩასაშენებელი მაცივარი BEKO BCSE400E40SN B300,ჩასაშენებელი მაცივარი BEKO BCSE400E40SN B300 | Superi.ge,56,კი,"ჩასაშენებელი მაცივარი BEKO BCSE400E40SN - ულტრათანამედროვე ტექნოლოგიის HarvestFresh Technology - ის წყალობით, თქვენ პროდუქტს შეუნარჩუნებს პირვანდელ სახეს და ყველა იმ ვიტამინს რომელიც გააჩნია. სრული კომფორტს კი ინვენტორული ძრავი ProSmart™ Inverter Compress",255,უნიკალური,კი,
https://superi.ge/hisense-rd-43wrn-inox/,მაცივარი HISENSE RD-43WRN INOX,მაცივარი HISENSE RD-43WRN INOX | Superi.ge,42,კი,"მაცივარი HISENSE RD-43WRN INOX — საერთო მოცულობა 325 ლ და მექანიკური მართვა. დეტალური მახასიათებლები, ფასი და ხელმისაწვდომობა იხილეთ Superi.ge-ზე.",146,შაბლონური,კი,
https://superi.ge/genius-km-8200-wireless-combo-black/,Genius KM-8200 Wireless Combo Black,Genius KM-8200 Wireless Combo Black | Superi.ge,47,კი,Genius KM-8200 შავი უსადენო კლავიატურა და მაუსი 2.4 GHz მიმღებითა და ინგლისურ-რუსული განლაგებით.,96,უნიკალური,არა,
https://superi.ge/lydsto-window-cleaning-robot-wl07-max-white/,Lydsto Window Cleaning Robot WL07 MAX White,Lydsto Window Cleaning Robot WL07 MAX White | Superi.ge,55,კი,"Lydsto Window Cleaning Robot WL07 MAX თეთრი ფანჯრის საწმენდი რობოტი 72 W სიმძლავრით, 8000 Pa შეწოვის ძალითა და 30 წუთამდე მუშაობის დროით.",137,უნიკალური,არა,
https://superi.ge/gorenje-af1409db/,აეროგრილი gorenje AF1409DB,აეროგრილი gorenje AF1409DB | Superi.ge,38,კი,"Gorenje AF1409DB არის მრავალფუნქციური აეროგრილი 3.5 ლ მოცულობით, LED სენსორული მართვით და 9 პროგრამით. ამზადებს ჯანსაღ და ხრაშუნა კერძებს ნაკლები ზეთით. იოლად იწმინდება და იდეალურია ყოველდღიური სამზარეულოსთვის",209,უნიკალური,კი,
https://superi.ge/lenovo-tab-11-8-128gb-5g-zafm0719uz-luna-grey/,Lenovo Tab 11 8/128GB 5G ZAFM0719UZ Luna Grey,Lenovo Tab 11 8/128GB 5G ZAFM0719UZ Luna Grey | Superi.ge,57,კი,"Lenovo Tab 11 ნაცრისფერი ტაბლეტი 11"" ეკრანით, 8/128 GB მეხსიერებით, MediaTek Dimensity 6300 პროცესორით, 7040 mAh ელემენტითა და SIM ბარათის მხარდაჭერით.",151,უნიკალური,არა,
https://superi.ge/beko-rspe78612s/,სარეცხი მანქანა BEKO RSPE78612S,სარეცხი მანქანა BEKO RSPE78612S,31,არა,სარეცხი მანქანა BEKO RSPE78612S — მაქსიმალური სიჩქარე 1200 ბრ/წთ და მართვის ტიპი ელექტრონული/მექა. ფასი და ხელმისაწვდომობა იხილეთ Superi.ge-ზე.,143,შაბლონური,კი,
https://superi.ge/hp-712-3ed68a/,"ჭავლური კარტრიჯი HP 712 (3ED68A), იასამნისფერი","ჭავლური კარტრიჯი HP 712 (3ED68A), იასამნისფერი | Superi.ge",58,კი,"HP 712 (3ED68A) ჭავლური კარტრიჯი იასამნისფერი ფერით, 600–800 გვერდის რესურსით, 29 მლ მოცულობითა და ორიგინალი.",109,უნიკალური,კი,
https://superi.ge/asus-prime-z790-p-wifi-4ddr5-lga1700-90mb1cj0-m1eay0/,დედა დაფა Asus PRIME Z790-P WIFI 4DDR5 LGA1700 - 90MB1CJ0-M1EAY0,დედა დაფა Asus PRIME Z790-P WIFI 4DDR5 LGA1700 - 90MB1CJ0-M1EAY0 | Superi.ge,76,კი,"Asus PRIME Z790-P WIFI დედა დაფა LGA1700 სოკეტით, Intel Z790 ჩიპსეტით, 4 DDR5 სლოტითა და ATX ფორმ-ფაქტორით.",107,უნიკალური,კი,
https://superi.ge/electrolux-e52se100sx/,ჭურჭლის სარეცხი მანქანა Electrolux E52SE100SX,ჭურჭლის სარეცხი მანქანა Electrolux E52SE100SX | Superi.ge,57,კი,"Electrolux E52SE100SX არის 13 კომპლექტზე გათვლილი ჭურჭლის სარეცხი მანქანა 8 პროგრამით, AirDry გაშრობის სისტემით, 44 დბ ხმაურის დონითა და QuickClean-ის 30-წუთიანი პროგრამით.",172,უნიკალური,კი,
https://superi.ge/sencor-swk-1778bk/,ელექტრო ჩაიდანი Sencor SWK 1778BK,ელექტრო ჩაიდანი Sencor SWK 1778BK | Superi.ge,45,კი,"Sencor SWK 1778BK არის 1.7 ლიტრიანი ელექტრო ჩაიდანი უჟანგავი ფოლადის კორპუსით, 1500 W სიმძლავრით, მოხსნადი წყლის ფილტრითა და გადახურებისგან დაცვით.",147,უნიკალური,კი,
https://superi.ge/nadzvis-khe-himalai-270-sm-bc-270/,ნაძვის ხე ჰიმალაი 270სმ (BC-270),ნაძვის ხე ჰიმალაი 270სმ (BC-270),32,არა,"ნაძვის ხე ჰიმალაი 270სმ (BC-270): ავტომატური აწყობა, სრული დაბურვა, სილიკონის და PVC წიწვები, მეტალის სადგამი. შექმენი ზღაპრული საახალწლო განწყობა მარტივად და სწრაფად, მდიდრული ჰიმალაის ნაძვის ხით!",197,უნიკალური,კი,
https://superi.ge/lego-city-stuntz-the-shark-attack-stunt-challenge-60342/,კონსტრუქტორი LEGO City Stuntz The Shark Attack Stunt Challenge (60342),კონსტრუქტორი LEGO City Stuntz The Shark Attack Stunt Challenge (60342) | Superi.ge,82,კი,"LEGO City Shark Attack Stunt Challenge (60342) – 122-ნაწილიანი ნაკრები 5+ ასაკისთვის. აწყობადი ტრასა ზვიგენით, მოტოციკლით და გმირების ფიგურებით რეალისტური სათამაშო თავგადასავლებისთვის.",184,უნიკალური,კი,
https://superi.ge/asus-rog-swift-oled-pg27ucdm/,"მონიტორი ASUS ROG Swift OLED PG27UCDM 26.5"" 4K QD-OLED (90LM0B30-B01971)","მონიტორი ASUS ROG Swift OLED PG27UCDM 26.5"" 4K QD-OLED (90LM0B30-B01971) | Superi.ge",84,კი,"მონიტორი ASUS ROG Swift OLED PG27UCDM 26.5"" 4K QD-OLED — 3840×2160, QD-OLED, 240 Hz, 0.03 მწ, გეიმინგისთვის. ✓ ნაწილ-ნაწილ გადახდა ✓ მიწოდება მთელ საქართველოში",159,უნიკალური,კი,
https://superi.ge/bestway-56574-360h120/,ფოლადის კარკასული აუზი BESTWAY (56574) 360х120სმ,ფოლადის კარკასული აუზი BESTWAY (56574) 360х120სმ | Superi.ge,60,კი,"ფოლადის კარკასული აუზი BESTWAY (56574) 360x120 სმ – ტევადობა 10,990 ლ, გოფრირებული ფოლადის კედლები და უჟანგავი ლითონის კარკასი. კომპლექტში შედის ქვიშის ფილტრი (2006 ლ/სთ) და 122 სმ-იანი 4-საფეხურიანი კიბე",204,უნიკალური,კი,х
https://superi.ge/bluetooth-genius-ergo-9000s-pro/,"Bluetooth მაუსი Genius Ergo 9000S Pro, ვერცხლისფერი","Bluetooth მაუსი Genius Ergo 9000S Pro, ვერცხლისფერი | Superi.ge",63,კი,"Bluetooth მაუსი Genius Ergo 9000S Pro, ვერცხლისფერი — ჩაშენებული აკუმულატორი, სენსორის გარჩევადობა 2400 DPI – 4000 DPI. ✓ ნაწილ-ნაწილ გადახდა ✓ მიწოდება",152,უნიკალური,კი,
https://superi.ge/midea-mdrc345fze01-249/,საყინულე Midea MDRC345FZE01 (249ლ),საყინულე Midea MDRC345FZE01 (249ლ) | Superi.ge,46,კი,"შეარჩიე Midea MDRC345FZE01 საყინულე 249 ლ მოცულობით, კვადრო ინვერტორული კომპრესორით, ნახევრად მშრალი გაყინვის სისტემით, -30 °C-დან +10 °C-მდე ტემპერატურის დიაპაზონითა და 41 დბ ხმაურის დონით",189,უნიკალური,კი,
https://superi.ge/bosch-pnk6b6p41r/,გაზის ქურის ზედაპირი BOSCH PNK6B6P41R,გაზის ქურის ზედაპირი BOSCH PNK6B6P41R | Superi.ge,49,კი,"გაზის ქურის ზედაპირი BOSCH PNK6B6P41R — 60 სმ, ნაწრთობი მინა, 4 კონფორი WOK-ით, თუჯის ცხაური, ელექტროანთება. ✓ ნაწილ-ნაწილ გადახდა ✓ მიწოდება მთელ საქართველოში",159,უნიკალური,კი,
https://superi.ge/easy-cf233a/,ტონერ კარტრიჯი EASY CF233A,ტონერ კარტრიჯი EASY CF233A | Superi.ge,38,კი,"EASY CF233A ტონერ კარტრიჯი შავი ფერითა და 2,000–3,000 გვერდის რესურსით.",71,უნიკალური,კი,
https://superi.ge/bosch-bgs7pet/,მტვერსასრუტი BOSCH BGS7PET,მტვერსასრუტი BOSCH BGS7PET|Superi.ge,36,არა,"მტვერსასრუტი BOSCH BGS7PET — მტვრის კონტეინერის მოცულობა 3 ლ. დეტალური მახასიათებლები, ფასი და ხელმისაწვდომობა იხილეთ Superi.ge-ზე.",131,შაბლონური,კი,
https://superi.ge/samsung-rb29ferndsa-wt/,მაცივარი SAMSUNG RB29FERNDSA/WT,მაცივარი SAMSUNG RB29FERNDSA/WT,31,არა,"მაცივარი SAMSUNG RB29FERNDSA/WT — ტექნოლოგია ინვერტორული, საერთო სასარგებლო მოცულობა 290 ლ, ენერგომოხმარება წელიწადში 293 kWh / წ. ✓ ნაწილ-ნაწილ გადახდა",152,უნიკალური,კი,
https://superi.ge/hilton-set-sps-h010-119x67x82-70x66x81-96x59x40/,ბაღის ავეჯის კომპლექტი ავეჯის კომპლექტი HILTON SET (SPS-H010) 119x67x82/70x66x81/ 96x59x40,ბაღის ავეჯის კომპლექტი ავეჯის კომპლექტი HILTON SET (SPS-H010) 119x67x82/70x66x81/ 96x59x40 | Superi.ge,102,კი,"ბაღის ავეჯის კომპლექტი ავეჯის კომპლექტი HILTON SET (SPS-H010) 119x67x82/70x66x81/ 96x59x40 — დეტალები, ფასი და ხელმისაწვდომობა Superi.ge-ზე.",140,უნიკალური,კი,
https://superi.ge/brother-xn2500/,საკერავი მანქანა Brother XN2500,საკერავი მანქანა Brother XN2500 | Superi.ge,43,კი,"საკერავი მანქანა Brother XN2500 — 25 ოპერაცია, ჰორიზონტალური მაქო, 4 ღილკილო, ორმაგი ნემსი, ოვერლოკის ნაკერი, 4.7 კგ. ✓ ნაწილ-ნაწილ გადახდა ✓ მიწოდება",150,უნიკალური,კი,
https://superi.ge/tcl-50p7l-50-qled/,"TCL 50P7L 50"" QLED","TCL 50P7L 50"" QLED | Superi.ge",30,კი,"TCL 50P7L 50"" QLED Smart TV 4K Ultra HD გარჩევადობით, 60 Hz განახლების სიხშირით, Dolby Vision, HDR10+, Dolby Atmos, Google TV, Wi-Fi 5 და HDMI 2.1 მხარდაჭერით.",159,უნიკალური,არა,
https://superi.ge/nothing-cmf-buds-pro-2-dark-grey/,Nothing CMF Buds Pro 2 Dark Grey,Nothing CMF Buds Pro 2 Dark Grey | Superi.ge,44,კი,"Nothing CMF Buds Pro 2 უსადენო ყურსასმენი ხმაურის აქტიური ჩახშობით, Bluetooth 5.3-ით, 11 მმ დინამიკით, მიკროფონითა და 43 საათამდე მუშაობის დროით.",145,უნიკალური,არა,
https://superi.ge/motorola-moto-edge-60-fusion-5g-8-256gb-zephyr/,Motorola Moto Edge 60 Fusion 5G 8/256GB Zephyr მობილური ტელეფონი,Motorola Moto Edge 60 Fusion 5G 8/256GB Zephyr მობილური ტელეფონი | Superi.ge,76,კი,"Motorola Edge 60 Fusion Zephyr 5G სმარტფონი 8 GB ოპერატიული და 256 GB შიდა მეხსიერებით, MediaTek Dimensity 7300 პროცესორით, 120 Hz P-OLED ეკრანით, 50 MP ორმაგი კამერითა და 5200 mAh აკუმულატორით.",194,უნიკალური,კი,
https://superi.ge/bosch-wqg1420ame-9/,სარეცხის საშრობი მანქანა BOSCH WQG1420AME (9კგ),სარეცხის საშრობი მანქანა BOSCH WQG1420AME (9კგ),47,არა,"სარეცხის საშრობი მანქანა BOSCH WQG1420AME (9კგ) — მოცულობა 9 კგ. დეტალური მახასიათებლები, ფასი და ხელმისაწვდომობა იხილეთ Superi.ge-ზე.",134,შაბლონური,კი,
https://superi.ge/beko-atp5500n/,ჰაერის გამწმენდი BEKO ATP5500N,ჰაერის გამწმენდი BEKO ATP5500N | Superi.ge,42,კი,"Beko ATP5500N 5 in 1 ჰაერის გამწმენდი HEPA ფილტრით, 4 სიჩქარის რეჟიმით, იონიზატორით, ძილის რეჟიმით, 36 W სიმძლავრითა და 40–62 dBA ხმაურის დონით.",144,უნიკალური,კი,
https://superi.ge/lux-garden-sf8b102-a/,ბალახის საკრეჭი რობოტი LUX GARDEN SF8B102-A,ბალახის საკრეჭი რობოტი LUX GARDEN SF8B102-A | Superi.ge,55,კი,LUX GARDEN SF8B102-A ბალახის საკრეჭი რობოტი 20V სიმძლავრით და 4.0Ah ელემენტით ავტომატურად თიბავს გაზონს 1000 მ²-მდე ფართობზე. მუშაობს 90 წუთი და თავად ბრუნდება დასატენად – სრულად ავტომატური მოვლა.,196,უნიკალური,კი,
https://superi.ge/elenberg-ebg-820w-fd-8/,სარეცხის საშრობი ELENBERG EBG-820W-FD (8კგ),სარეცხის საშრობი ELENBERG EBG-820W-FD (8კგ) | Superi.ge,55,კი,"​ELENBERG EBG-820W-FD სარეცხის საშრობი მანქანა ცალკე მდგომი მოდელია, ელექტრონული მართვით და მონიტორით. 8 კგ გაშრობის მოცულობა და 1800 W სიმძლავრე უზრუნველყოფს ეფექტურ მუშაობას. ენერგიის დაზოგვის კლასი A++ კი უზრუნველყოფს ეკონომიურობას.​",236,უნიკალური,კი,
https://superi.ge/ronix-rh-4774-10/,გენერატორი ინვერტორული ბენზინის Ronix Rh-4774 10 კვტ,გენერატორი ინვერტორული ბენზინის Ronix Rh-4774 10 კვტ | Superi.ge,64,კი,"Ronix Rh-4774 10 კვტ ინვერტორული გენერატორი 9000 W სიმძლავრით, 25 ლ საწვავის ავზით, ელექტრო სტარტერითა და 6 საათამდე უწყვეტი მუშაობით.",134,უნიკალური,კი,
https://superi.ge/apple-iphone-air-12gb-256gb-light-gold/,Apple iPhone Air e-SIM | 256GB Light Gold მობილური ტელეფონი,Apple iPhone Air e-SIM | 256GB Light Gold მობილური ტელეფონი | Superi.ge,71,კი,"Apple iPhone Air გთავაზობთ 6.5"" LTPO OLED ეკრანს, Ceramic Shield 2 დაცვას, A19 Pro 3nm ჩიპსეტს, 48MP კამერას, 12GB RAM-ს, 256GB მეხსიერებას, IP68 დაცვასა და Wi-Fi 7 მხარდაჭერას მსუბუქ და ელეგანტურ Light Gold კორპუსში",216,უნიკალური,კი,
https://superi.ge/bosch-climate-2000-on-off-12000-btu/,კონდიციონერი BOSCH CLIMATE 2000 ON/OFF 12000 BTU,კონდიციონერი BOSCH CLIMATE 2000 ON/OFF 12000 BTU,48,არა,"კონდიციონერი BOSCH CLIMATE 2000 ON/OFF 12000 BTU — რეკომენდებული ფართი 35 მ²–მდე. დეტალური მახასიათებლები, ფასი და ხელმისაწვდომობა იხილეთ Superi.ge-ზე.",151,შაბლონური,კი,
https://superi.ge/mdtb-vega-33-e/,სეიფი MDTB-VEGA 33 E,სეიფი MDTB-VEGA 33 E | Superi.ge,32,კი,"MDTB-VEGA 33 E სეიფი ელექტრონული კოდური საკეტით, ფოლადის კორპუსითა და 338 × 410 × 175 მმ ზომით.",95,უნიკალური,კი,
https://superi.ge/samsung-ue75m70hauxpy-75-190/,"ტელევიზორი SAMSUNG UE75M70HAUXPY 75"" (190სმ)","ტელევიზორი SAMSUNG UE75M70HAUXPY 75"" (190სმ) | Superi.ge",56,კი,"Samsung UE75M70HAUXPY 75"" Smart TV ტელევიზორი 4K Ultra HD გარჩევადობით, Mini LED განათებით, 120 Hz-მდე განახლების სიხშირით, Mini LED Processor 4K პროცესორით, HDMI 2.1, VRR და Wi-Fi 5 მხარდაჭერით.",195,უნიკალური,კი,
https://superi.ge/hhs6001/,გაზონის მაკრატელი HHS6001,გაზონის მაკრატელი HHS6001 | Superi.ge,37,კი,"INGCO HHS6001 გაზონის მაკრატელი დამზადებულია გამძლე #55 ფოლადისგან და უზრუნველყოფს ზუსტ და კომფორტულ ჭრას. იდეალურია ბალახისა და ბუჩქების მოსავლელად, გამძლე და პრაქტიკული ინსტრუმენტი ყოველდღიური გამოყენებისთვის",210,უნიკალური,კი,
https://superi.ge/xiaomi-tv-s-pro-mini-led-55-2026-black/,Xiaomi TV S Pro Mini led 55 2026 · black,Xiaomi TV S Pro Mini led 55 2026 · black | Superi.ge,52,კი,"Xiaomi TV S Pro Mini LED 55 2026 L55MB-SRU ტელევიზორი 55-დუიმიანი 4K QLED Mini LED ეკრანით, 144 Hz ძირითადი და 288 Hz Game Boost განახლების სიხშირით, Dolby Vision და Dolby Atmos მხარდაჭერითა და Android TV სისტემით.",214,უნიკალური,არა,
https://superi.ge/mobile-and-smartphones-samsung-samsung-galaxy-z-fold-8-ultra-16gb-1tb-techno-violet/,Samsung Galaxy Z Fold 8 Ultra 16GB 1TB - Techno Violet მობილური ტელეფონი,Samsung Galaxy Z Fold 8 Ultra 16GB 1TB - Techno Violet მობილური ტელეფონი | Superi.ge,84,კი,"Samsung Galaxy Z Fold8 Ultra SM-F976BZVNCAU კეცვადი სმარტფონი 8.0"" Dynamic AMOLED 2X 120 Hz ეკრანით, 16 GB RAM-ით, 1 TB მეხსიერებით, 200 MP კამერითა და 5000 mAh ელემენტით.",171,უნიკალური,კი,
https://superi.ge/royal-turbo-rt190f-15hp/,ხელის ტრაქტორი ROYAL TURBO RT190F 15HP,ხელის ტრაქტორი ROYAL TURBO RT190F 15HP,38,არა,"ხელის ტრაქტორი ROYAL TURBO RT190F 15HP — ძრავის სიმძლავრე 15 ცხ ძალა/3600 ბრუნი. დეტალური მახასიათებლები, ფასი და ხელმისაწვდომობა იხილეთ Superi.ge-ზე.",150,შაბლონური,კი,
https://superi.ge/bosch-climate-2000-on-off-8000-btu/,კონდიციონერი BOSCH CLIMATE 2000 ON/OFF 8000 BTU,კონდიციონერი BOSCH CLIMATE 2000 ON/OFF 8000 BTU,47,არა,"კონდიციონერი BOSCH CLIMATE 2000 ON/OFF 8000 BTU — რეკომენდებული ფართი 25 მ²–მდე. დეტალური მახასიათებლები, ფასი და ხელმისაწვდომობა იხილეთ Superi.ge-ზე.",150,შაბლონური,კი,
https://superi.ge/ham-190x150r/,ორადგილიანი ჰამაკი HAM 190X150R,ორადგილიანი ჰამაკი HAM 190X150R | Superi.ge,43,კი,"ორადგილიანი ჰამაკი HAM 190X150R — ტევადობა 2 ადგილიანი და მაქსიმალური დატვირთვა 200 კგ. დეტალური მახასიათებლები, ფასი და ხელმისაწვდომობა იხილეთ Superi.ge-ზე.",157,შაბლონური,კი,
https://superi.ge/trust-primo-eco-15000/,"პორტატული დამტენი TRUST PRIMO ECO 15000, შავი","პორტატული დამტენი TRUST PRIMO ECO 15000, შავი | Superi.ge",57,კი,"TRUST PRIMO ECO 15000 შავი პორტატული დამტენი 15000 mAh ტევადობით, 15 W სიმძლავრითა და USB-C და USB-A გამოსასვლელებით.",117,უნიკალური,კი,
https://superi.ge/bosch-wna14400me-9-6/,სარეცხი მანქანა საშრობით BOSCH WNA14400ME (9/6 კგ),სარეცხი მანქანა საშრობით BOSCH WNA14400ME (9/6 კგ) | Superi.ge,62,კი,"საშრობი ადგილი არ გაქვთ? არ ინერვიულოთ, BOSCH WNA14400ME - ის სარეცხი საშრობი AutoDry ფუნქციით აშრობს ისევე ეფექტურად, როგორც რეცხავს. AutoDry მუდმივი ტენიანობის დონის გაზომვით ავტომატურად უზრუნველყოფს სამრეცხაოს სიმშრალის საჭირო ხარისხს. რეცხვისა და გაშრ",255,უნიკალური,კი,
https://superi.ge/razer-pro-type-ultra/,"მექანიკური გეიმინგ კლავიატურა RAZER PRO TYPE ULTRA, თეთრი","მექანიკური გეიმინგ კლავიატურა RAZER PRO TYPE ULTRA, თეთრი | Superi.ge",69,კი,"RAZER PRO TYPE ULTRA თეთრი მექანიკური გეიმინგ კლავიატურა 2.4 GHz და Bluetooth კავშირით, განათებითა და ინგლისური განლაგებით.",123,უნიკალური,კი,
https://superi.ge/beko-oim-27201-a/,ჩასაშენებელი ღუმელი BEKO OIM 27201 A,ჩასაშენებელი ღუმელი BEKO OIM 27201 A,36,არა,"ჩასაშენებელი ღუმელი BEKO OIM 27201 A — მოცულობა 65ლ. დეტალური მახასიათებლები, ფასი და ხელმისაწვდომობა იხილეთ Superi.ge-ზე.",122,შაბლონური,კი,
https://superi.ge/ingco-ge8002/,გენერატორი INGCO GE8002,გენერატორი INGCO GE8002 | Superi.ge,35,კი,"​გენერატორი INGCO GE8002 იდეალურია როგორც პატარა ელექტრო საჭიროებების დაკმაყოფილებისთვის, ასევე დაბალი დატვირთვის პირობებში უწყვეტი ენერგიის უზრუნველყოფისთვის.მისი კომპაქტური ზომა და მსუბუქი წონა იძლევა ადვილად გადაადგილების საშუალებას ზედმეტი ძალისხმევის",255,უნიკალური,კი,
https://superi.ge/lg-gr-x267cqew-amcqmer/,მაცივარი LG GR-X267CQEW.AMCQMER,მაცივარი LG GR-X267CQEW.AMCQMER | Superi.ge,43,კი,"LG GR-X267CQEW.AMCQMER: 617 ლ, A+, No Frost, ინვერტორული, წყლის დისპენსერი, Metal Fresh, ThinQ (Wi-Fi), 36dB. ფართო, ჭკვიანი და ჩუმი მაცივარი თქვენი კომფორტისთვის!",163,უნიკალური,კი,
https://superi.ge/vestel-vbhd6307x/,გამწოვი VESTEL VBHD6307X,გამწოვი VESTEL VBHD6307X | Superi.ge,36,კი,"Vestel VBHD6307X კედელზე დასამონტაჟებელი გამწოვი 550 მ³/სთ წარმადობით, 3 სიჩქარით, 135 W ძრავით, სენსორული მართვით, მეტალის ცხიმის ფილტრითა და LED განათებით.",157,უნიკალური,კი,
https://superi.ge/tp-link-deco-be85-2-pack-be19000-whole-home-mesh-wi-fi-7-system/,როუტერი TP-link Deco BE85(2-pack) BE19000 Whole Home Mesh Wi-Fi 7 System,როუტერი TP-link Deco BE85(2-pack) BE19000 Whole Home Mesh Wi-Fi 7 System | Superi.ge,84,კი,"TP-Link Deco BE85(2-PACK) BE19000 Wi-Fi Mesh სისტემა 2.4, 5 და 6 GHz დიაპაზონებით, Wi-Fi 7 მხარდაჭერით, 10 Gbps ქსელური კავშირებით, WPA3 უსაფრთხოებითა და 8 შიდა ანტენით.",169,უნიკალური,კი,
https://superi.ge/roborock-robot-vacuum-q10-vf-white/,Roborock Robot Vacuum Q10 VF White,Roborock Robot Vacuum Q10 VF White | Superi.ge,46,კი,"Roborock Robot Vacuum Q10 VF თეთრი რობოტი მტვერსასრუტი 10000 Pa შეწოვის ძალით, 0.5 ლ კონტეინერით, HEPA ფილტრითა და 150 წუთამდე მუშაობის დროით.",142,უნიკალური,არა,
https://superi.ge/sc-094-sc-092/,ბაღის ავეჯის ნაკრები SC-094/SC-092,ბაღის ავეჯის ნაკრები SC-094/SC-092,34,არა,"ბაღის ავეჯის ნაკრები SC-094/SC-092 — მასალა ლითონი, მინა, ტექსტილენი. ✓ ნაწილ-ნაწილ გადახდა ✓ მიწოდება მთელ საქართველოში",120,უნიკალური,კი,
https://superi.ge/xiaomi-robot-vasuum-5-white/,Xiaomi Robot Vaсuum 5 White,Xiaomi Robot Vaсuum 5 White | Superi.ge,39,კი,"Xiaomi Robot Vaсuum 5 თეთრი რობოტი მტვერსასრუტი 20000 Pa შეწოვის ძალით, 0.29 ლ კონტეინერითა და HEPA ფილტრით.",108,უნიკალური,არა,с
https://superi.ge/gorenje-gv663d60/,ჩასაშენებელი ჭურჭლის სარეცხი მანქანა GORENJE GV663D60,ჩასაშენებელი ჭურჭლის სარეცხი მანქანა GORENJE GV663D60,53,არა,ჩასაშენებელი ჭურჭლის სარეცხი მანქანა GORENJE GV663D60 — ტევადობა 16 კომპლექტი და წყლის მოხმარება 11 ლ. ფასი და ხელმისაწვდომობა იხილეთ Superi.ge-ზე.,147,შაბლონური,კი,
https://superi.ge/lenovo-thinkbook-14-g9-14-21ux006xgx-arctic-grey/,ნოუთბუქი Lenovo ThinkBook 14 G9 14'' 21UX006XGX - Arctic Grey,ნოუთბუქი Lenovo ThinkBook 14 G9 14'' 21UX006XGX - Arctic Grey | Superi.ge,73,კი,"Lenovo ThinkBook 16 G9 21UX006XGX ბიზნეს ლეპტოპი 14"" IPS FHD ეკრანით, Intel Core Ultra 7 355 პროცესორით, 32 GB DDR5 ოპერატიული მეხსიერებით, 512 GB NVMe SSD-ით, Intel Graphics გრაფიკითა და Wi-Fi 7 მხარდაჭერით.",208,უნიკალური,კი,
https://superi.ge/hyundai-esaf-12hn8-b-40-inverter/,კონდიციონერი HYUNDAI ESAF-12HN8-B (40მ²) inverter,კონდიციონერი HYUNDAI ESAF-12HN8-B (40მ²) inverter | Superi.ge,61,კი,"შეარჩიე HYUNDAI ESAF-12HN8-B ინვერტორული სპლიტ კონდიციონერი 30–40 მ² სივრცისთვის. მოდელს აქვს A+++ ენერგოეფექტურობა, GMCC კომპრესორი, ტაიმერი და ტურბო რეჟიმი.",158,უნიკალური,კი,
https://superi.ge/tcl-tac-12chpa-dm-35/,პორტატული კონდიციონერი TCL TAC-12CHPA/DM (35მ²),პორტატული კონდიციონერი TCL TAC-12CHPA/DM (35მ²) | Superi.ge,59,კი,"შეარჩიე TCL TAC-12CHPA/DM პორტატული კონდიციონერი 30–35 მ² სივრცისთვის, 12000 BTU გაგრილების სიმძლავრით, R410A ფრეონით, გათბობის რეჟიმითა და დისტანციური მართვით.",160,უნიკალური,კი,
https://superi.ge/dark-project-alu-celestial-mechanical-gaming-keyboard-ansi/,Dark Project ALU Celestial - Mechanical Gaming Keyboard (ANSI),Dark Project ALU Celestial - Mechanical Gaming Keyboard (ANSI) | Superi.ge,74,კი,"Dark Project ALU Celestial მექანიკური გეიმინგ კლავიატურა სადენიანი კავშირით, RGB განათებითა და ინგლისური განლაგებით.",116,უნიკალური,არა,
https://superi.ge/midea-mg696trgb-b/,გაზის ქურის ზედაპირი MIDEA MG696TRGB-B,გაზის ქურის ზედაპირი MIDEA MG696TRGB-B,38,არა,"გაზის ქურის ზედაპირი MIDEA MG696TRGB-B — 60 სმ, შავი ნაწრთობი მინა, WOK კონფორი, ელექტროანთება, თუჯის ცხაური, გაზკონტროლი. ✓ ნაწილ-ნაწილ გადახდა ✓ მიწოდება",155,უნიკალური,კი,
https://superi.ge/samsung-galaxy-buds-4-pro-black/,Samsung Galaxy Buds 4 Pro Black,Samsung Galaxy Buds 4 Pro Black | Superi.ge,43,კი,"Samsung Galaxy Buds 4 Pro შავი უსადენო ყურსასმენი ხმაურის აქტიური ჩახშობით, Bluetooth 6.1-ითა და IP57 დაცვით.",109,უნიკალური,არა,
https://superi.ge/dishwasher-toshiba-dw-10b3-b-cis-bi-81-5x44-8x55-prog-8-set-10-silver/,Toshiba DW-10B3(B)-CIS ჩასაშენებელი ჭურჭლის სარეცხი მანქანა,Toshiba DW-10B3(B)-CIS ჩასაშენებელი ჭურჭლის სარეცხი მანქანა | Superi.ge,71,კი,"Toshiba Origin Clean DW-10B3(B)-CIS სრულად ჩასაშენებელი ჭურჭლის სარეცხი მანქანა 10 კომპლექტის ტევადობით, BLDC ინვერტორული ძრავით, Turbo Speed+ ტექნოლოგიით, UV სტერილიზაციით, Breeze Dry გაშრობის სისტემითა და TSmartLife დისტანციური მართვით.",238,უნიკალური,კი,
https://superi.ge/bosch-sms6emi65q-13-pcs/,ჭურჭლის სარეცხი მანქანა BOSCH SMS6EMI65Q (13 PCS),ჭურჭლის სარეცხი მანქანა BOSCH SMS6EMI65Q (13 PCS) | Superi.ge,61,კი,"BOSCH SMS6EMI65Q (13 PCS) ჭურჭლის სარეცხი მანქანა A კლასის ენერგოეფექტურობით, 7 პროგრამით, Home Connect დისტანციური მართვითა და 100%-იანი AquaStop დაცვით – იდეალური არჩევანი თანამედროვე ოჯახისთვის",196,უნიკალური,კი,
https://superi.ge/beko-vco-32804-aw/,მტვერსასრუტი Beko VCO 32804 AW,მტვერსასრუტი Beko VCO 32804 AW | Superi.ge,42,კი,"VCO 32804 AW კონტეინერიანი მტვერსასრუტი 800 W ძრავით, 150 W შეწოვის სიმძლავრით, 1.8 ლ მტვრის კონტეინერით, HEPA ფილტრითა და 7.5 მ სამუშაო რადიუსით.",146,უნიკალური,კი,
https://superi.ge/tcl-75c7k/,ტელევიზორი TCL 75C7K Mini-LED (190სმ),ტელევიზორი TCL 75C7K Mini-LED (190სმ) | Superi.ge,49,კი,"შეიძინეთ TCL 75C7K – 75-ინჩიანი Mini LED ტელევიზორი წარმოუდგენელი 3000 nits სიკაშკაშით. 4K გარჩევადობა, 144Hz განახლების სიხშირე და Google TV სისტემა უზრუნველყოფს საუკეთესო გამოცდილებას ფილმებისა და გეიმინგისთვის",212,უნიკალური,კი,
https://superi.ge/logitech-g402-hyperion-fury/,"გეიმინგ მაუსი Logitech G402 Hyperion Fury, შავი","გეიმინგ მაუსი Logitech G402 Hyperion Fury, შავი | Superi.ge",59,კი,Logitech G402 Hyperion Fury შავი გეიმინგ მაუსი სადენიანი კავშირითა და 4000 DPI სენსორით.,88,უნიკალური,კი,
https://superi.ge/logitech-gaming-mouse-g-pro-x-superlight-2-lightspeed-wl-white/,Logitech Gaming Mouse G PRO X SUPERLIGHT 2 LIGHTSPEED WL White,Logitech Gaming Mouse G PRO X SUPERLIGHT 2 LIGHTSPEED WL White | Superi.ge,74,კი,Logitech G PRO X SUPERLIGHT 2 LIGHTSPEED WL თეთრი გეიმინგ მაუსი 2.4 GHz უსადენო კავშირითა და 32000 DPI სენსორით.,112,უნიკალური,არა,
https://superi.ge/chiq-csh-12df-ioniser-wi-fi-40m/,კონდიციონერი CHiQ CSH-12DF IONISER (WI-FI) 40m²,კონდიციონერი CHiQ CSH-12DF IONISER (WI-FI) 40m² | Superi.ge,59,კი,"შეარჩიე CHiQ CSH-12DF IONISER (WI-FI) კედლის სპლიტ კონდიციონერი 30–40 მ² სივრცისთვის, 12500 BTU სიმძლავრით, იონიზაციით, თვითწმენდითა და Wi-Fi მართვით.",150,უნიკალური,კი,
https://superi.ge/xiaomi-tv-a-pro-55-2026-l55mb-apme/,ტელევიზორი Xiaomi TV A Pro 55 2026 (L55MB-APME),ტელევიზორი Xiaomi TV A Pro 55 2026 (L55MB-APME) | Superi.ge,59,კი,"Xiaomi TV A Pro 55 2026 L55MB-APME 55"" Smart TV ტელევიზორი 4K QLED ეკრანით, 120 Hz Game Boost რეჟიმით, HDR10+ და MEMC მხარდაჭერით, Dolby Audio და DTS Virtual:X ხმით, Android TV 14 და Wi-Fi 5 მხარდაჭერით.",203,უნიკალური,კი,
https://superi.ge/dji-lito-1-fly-more-combo-with-rc-n3-grey/,DJI Lito 1 Fly More Combo With RC-N3 Grey დრონი,DJI Lito 1 Fly More Combo With RC-N3 Grey დრონი | Superi.ge,59,კი,"DJI Lito 1 Fly More Combo დრონი 48 MP კამერით, 4K 100 fps ვიდეოგადაღებით, 3-ღერძიანი მექანიკური სტაბილიზაციით, 36 წუთამდე ფრენის დროითა და DJI RC-N3 მართვის პულტით.",164,უნიკალური,კი,
