url,ბრენდი_ახლა,სახელი_შემოთავაზება,პროდუქტები,მთავარი_კატეგორიები,page_title_ახალი,meta_description_ახალი,title_სიგრძე,description_სიგრძე
https://superi.ge/bosch/,Bosch | ბოში,Bosch,404,მაცივრები | ჭურჭლის სარეცხი მანქანები | ჩასაშენებელი ღუმელები,"Bosch (ბოში) — მაცივრები, ჭურჭლის სარეცხი მანქანები | Superi.ge","Bosch Superi.ge-ზე: 400+ პროდუქტი — მაცივრები, ჭურჭლის სარეცხი მანქანები, ჩასაშენებელი ღუმელები. ✓ ოფიციალური გარანტია ✓ განვადება ✓ მიწოდება საქართველოში.",63,155
https://superi.ge/samsung/,SAMSUNG,Samsung,369,ტელევიზორები | მობილური ტელეფონები | მონიტორები,Samsung (სამსუნგი) — ტელევიზორები | Superi.ge,"Samsung Superi.ge-ზე: 360+ პროდუქტი — ტელევიზორები, მობილური ტელეფონები, მონიტორები. ✓ ოფიციალური გარანტია ✓ განვადება ✓ მიწოდება საქართველოში.",45,143
https://superi.ge/midea/,MIDEA,Midea,254,კონდიციონერები | მაცივრები | სარეცხი მანქანები,"Midea (მიდეა) — კონდიციონერები, მაცივრები | Superi.ge","Midea Superi.ge-ზე: 250+ პროდუქტი — კონდიციონერები, მაცივრები, სარეცხი მანქანები. ✓ ოფიციალური გარანტია ✓ განვადება ✓ მიწოდება საქართველოში.",53,140
https://superi.ge/beko/,BEKO,Beko,250,მაცივრები | სარეცხი მანქანები | ჭურჭლის სარეცხი მანქანები,"Beko (ბეკო) — მაცივრები, სარეცხი მანქანები | Superi.ge","Beko Superi.ge-ზე: 250+ პროდუქტი — მაცივრები, სარეცხი მანქანები, ჭურჭლის სარეცხი მანქანები. ✓ ოფიციალური გარანტია ✓ განვადება ✓ მიწოდება საქართველოში.",54,150
https://superi.ge/gorenje/,GORENJE,Gorenje,248,ჭურჭლის სარეცხი მანქანები | მაცივრები | სარეცხი მანქანები,Gorenje (გორენიე) — ჭურჭლის სარეცხი მანქანები | Superi.ge,"Gorenje Superi.ge-ზე: 240+ პროდუქტი — ჭურჭლის სარეცხი მანქანები, მაცივრები, სარეცხი მანქანები. ✓ ოფიციალური გარანტია ✓ განვადება ✓ მიწოდება საქართველოში.",57,153
https://superi.ge/lg/,LG,,184,ტელევიზორები | სარეცხი მანქანები | მაცივრები,"LG (ელჯი) — ტელევიზორები, სარეცხი მანქანები | Superi.ge","LG Superi.ge-ზე: 180+ პროდუქტი — ტელევიზორები, სარეცხი მანქანები, მაცივრები. ✓ ოფიციალური გარანტია ✓ განვადება ✓ მიწოდება საქართველოში.",55,135
https://superi.ge/lenovo/,LENOVO,Lenovo,162,ნოუთბუქები | მაუსები | მონიტორები,"Lenovo (ლენოვო) — ნოუთბუქები, მაუსები, მონიტორები | Superi.ge","Lenovo Superi.ge-ზე: 160+ პროდუქტი — ნოუთბუქები, მაუსები, მონიტორები. ✓ ოფიციალური გარანტია ✓ განვადება ✓ მიწოდება საქართველოში.",61,128
https://superi.ge/xiaomi/,XIAOMI,Xiaomi,137,მობილური ტელეფონები | პორტატული დამტენები | სმარტ საათები,Xiaomi (ქსიაომი) — მობილური ტელეფონები | Superi.ge,"Xiaomi Superi.ge-ზე: 130+ პროდუქტი — მობილური ტელეფონები, პორტატული დამტენები, სმარტ საათები. ✓ ოფიციალური გარანტია ✓ განვადება ✓ მიწოდება საქართველოში.",50,152
https://superi.ge/asus/,ASUS,Asus,121,ნოუთბუქები | დედა დაფები (Motherboard) | მონიტორები,"Asus (ასუსი) — ნოუთბუქები, დედა დაფები (motherboard) | Superi.ge","Asus Superi.ge-ზე: 120+ პროდუქტი — ნოუთბუქები, დედა დაფები (motherboard), მონიტორები. ✓ ოფიციალური გარანტია ✓ განვადება ✓ მიწოდება საქართველოში.",64,144
https://superi.ge/hp/,HP,,110,"კარტრიჯები, საღებავები, ქაღალდი | პრინტერები და მრავალფუნქციური მოწყობილობები | მონიტორები","HP — კარტრიჯები, საღებავები, ქაღალდი | Superi.ge","HP Superi.ge-ზე: 110+ პროდუქტი — კარტრიჯები, საღებავები, ქაღალდი, პრინტერები და მრავალფუნქციური მოწყობილობები. ✓ ოფიციალური გარანტია ✓ მიწოდება საქართველოში.",48,157
https://superi.ge/genius/,Genius,,106,მაუსები | კლავიატურები | ყურსასმენები,"Genius — მაუსები, კლავიატურები, ყურსასმენები | Superi.ge","Genius Superi.ge-ზე: 100+ პროდუქტი — მაუსები, კლავიატურები, ყურსასმენები. ✓ ოფიციალური გარანტია ✓ განვადება ✓ მიწოდება საქართველოში.",56,132
https://superi.ge/logitech/,LOGITECH ,Logitech ,102,მაუსები | კლავიატურები | ყურსასმენები,"Logitech  — მაუსები, კლავიატურები, ყურსასმენები | Superi.ge","Logitech  Superi.ge-ზე: 100+ პროდუქტი — მაუსები, კლავიატურები, ყურსასმენები. ✓ ოფიციალური გარანტია ✓ განვადება ✓ მიწოდება საქართველოში.",59,135
https://superi.ge/tcl/,TCL,,99,ტელევიზორები | კონდიციონერები | მაცივრები,"TCL — ტელევიზორები, კონდიციონერები, მაცივრები | Superi.ge","TCL Superi.ge-ზე: 90+ პროდუქტი — ტელევიზორები, კონდიციონერები, მაცივრები. ✓ ოფიციალური გარანტია ✓ განვადება ✓ მიწოდება საქართველოში.",57,132
https://superi.ge/apple/,APPLE,Apple,79,მობილური ტელეფონები | ყურსასმენები | სმარტ საათები,"Apple (ეფლი) — მობილური ტელეფონები, ყურსასმენები | Superi.ge","Apple Superi.ge-ზე: 70+ პროდუქტი — მობილური ტელეფონები, ყურსასმენები, სმარტ საათები. ✓ ოფიციალური გარანტია ✓ განვადება ✓ მიწოდება საქართველოში.",60,143
https://superi.ge/sencor/,SENCOR ,Sencor ,77,ბლენდერები | ელექტრო ჩაიდნები | ვენტილატორები,"Sencor  — ბლენდერები, ელექტრო ჩაიდნები, ვენტილატორები | Superi.ge","Sencor  Superi.ge-ზე: 70+ პროდუქტი — ბლენდერები, ელექტრო ჩაიდნები, ვენტილატორები. ✓ ოფიციალური გარანტია ✓ განვადება ✓ მიწოდება საქართველოში.",65,140
https://superi.ge/tp-link/,TP-LINK,TP-Link,69,როუტერები | მტვერსასრუტები,"TP-Link — როუტერები, მტვერსასრუტები | Superi.ge","TP-Link Superi.ge-ზე: 60+ პროდუქტი — როუტერები, მტვერსასრუტები. ✓ ოფიციალური გარანტია ✓ განვადება ✓ მიწოდება საქართველოში.",47,122
https://superi.ge/electrolux/,ELECTROLUX,Electrolux,68,ჭურჭლის სარეცხი მანქანები | სარეცხი მანქანები | ქურის ზედაპირები,Electrolux (ელექტროლუქსი) — ჭურჭლის სარეცხი მანქანები | Superi.ge,"Electrolux Superi.ge-ზე: 60+ პროდუქტი — ჭურჭლის სარეცხი მანქანები, სარეცხი მანქანები, ქურის ზედაპირები. ✓ ოფიციალური გარანტია ✓ მიწოდება საქართველოში.",65,150
https://superi.ge/zilan/,ZILAN,Zilan,61,ვენტილატორები | ელექტრო გამათბობლები | ელექტრო ჩაიდნები,"Zilan (ზილანი) — ვენტილატორები, ელექტრო გამათბობლები | Superi.ge","Zilan Superi.ge-ზე: 60+ პროდუქტი — ვენტილატორები, ელექტრო გამათბობლები, ელექტრო ჩაიდნები. ✓ ოფიციალური გარანტია ✓ განვადება ✓ მიწოდება საქართველოში.",64,148
https://superi.ge/honor/,HONOR,Honor,60,მობილური ტელეფონები | სმარტ საათები | ყურსასმენები,"Honor (ჰონორი) — მობილური ტელეფონები, სმარტ საათები | Superi.ge","Honor Superi.ge-ზე: 60+ პროდუქტი — მობილური ტელეფონები, სმარტ საათები, ყურსასმენები. ✓ ოფიციალური გარანტია ✓ განვადება ✓ მიწოდება საქართველოში.",63,143
https://superi.ge/toshiba/,TOSHIBA,Toshiba,58,სარეცხი მანქანები | მაცივრები | ჭურჭლის სარეცხი მანქანები,"Toshiba (ტოშიბა) — სარეცხი მანქანები, მაცივრები | Superi.ge","Toshiba Superi.ge-ზე: 50+ პროდუქტი — სარეცხი მანქანები, მაცივრები, ჭურჭლის სარეცხი მანქანები. ✓ ოფიციალური გარანტია ✓ განვადება ✓ მიწოდება საქართველოში.",59,152
https://superi.ge/panasonic/,PANASONIC,Panasonic,58,კონდიციონერები | მიკროტალღური ღუმელები | სტაციონალური ტელეფონები,Panasonic (პანასონიკი) — კონდიციონერები | Superi.ge,"Panasonic Superi.ge-ზე: 50+ პროდუქტი — კონდიციონერები, მიკროტალღური ღუმელები, სტაციონალური ტელეფონები. ✓ ოფიციალური გარანტია ✓ მიწოდება საქართველოში.",51,149
https://superi.ge/epson/,EPSON,Epson,53,"კარტრიჯები, საღებავები, ქაღალდი | პრინტერები და მრავალფუნქციური მოწყობილობები | პროექტორები","Epson (ეფსონი) — კარტრიჯები, საღებავები, ქაღალდი | Superi.ge","Epson Superi.ge-ზე: 50+ პროდუქტი — კარტრიჯები, საღებავები, ქაღალდი. ✓ ოფიციალური გარანტია ✓ განვადება ✓ მიწოდება საქართველოში.",60,126
https://superi.ge/razer/,Razer,,52,კლავიატურები | ყურსასმენები | მაუსები,"Razer — კლავიატურები, ყურსასმენები, მაუსები | Superi.ge","Razer Superi.ge-ზე: 50+ პროდუქტი — კლავიატურები, ყურსასმენები, მაუსები. ✓ ოფიციალური გარანტია ✓ განვადება ✓ მიწოდება საქართველოში.",55,130
https://superi.ge/braun/,BRAUN,Braun,46,ბლენდერები | უთოები | ელექტრო ჩაიდნები,"Braun (ბრაუნი) — ბლენდერები, უთოები, ელექტრო ჩაიდნები | Superi.ge","Braun Superi.ge-ზე: 40+ პროდუქტი — ბლენდერები, უთოები, ელექტრო ჩაიდნები. ✓ ოფიციალური გარანტია ✓ განვადება ✓ მიწოდება საქართველოში.",65,131
https://superi.ge/dreame/,DREAME,Dreame,43,მტვერსასრუტები | თმის უთოები და სტაილერები | მაცივრები,"Dreame — მტვერსასრუტები, თმის უთოები და სტაილერები | Superi.ge","Dreame Superi.ge-ზე: 40+ პროდუქტი — მტვერსასრუტები, თმის უთოები და სტაილერები, მაცივრები. ✓ ოფიციალური გარანტია ✓ განვადება ✓ მიწოდება საქართველოში.",62,148
https://superi.ge/hyundai/,HYUNDAI,Hyundai,42,კონდიციონერები | გაზონის საკრეჭი მანქანები | ხელის ტრაქტორები,Hyundai (ჰიუნდაი) — კონდიციონერები | Superi.ge,"Hyundai Superi.ge-ზე: 40+ პროდუქტი — კონდიციონერები, გაზონის საკრეჭი მანქანები, ხელის ტრაქტორები. ✓ ოფიციალური გარანტია ✓ განვადება ✓ მიწოდება საქართველოში.",46,156
https://superi.ge/bestway/,BESTWAY,Bestway,42,აუზები და აქსესუარები,Bestway (ბესტვეი) — აუზები და აქსესუარები | Superi.ge,Bestway Superi.ge-ზე: 40+ პროდუქტი — აუზები და აქსესუარები. ✓ ოფიციალური გარანტია ✓ განვადება ✓ მიწოდება საქართველოში.,53,118
https://superi.ge/haier/,haier ,,41,მაცივრები | კონდიციონერები | სარეცხი მანქანები,"haier  — მაცივრები, კონდიციონერები, სარეცხი მანქანები | Superi.ge","haier  Superi.ge-ზე: 40+ პროდუქტი — მაცივრები, კონდიციონერები, სარეცხი მანქანები. ✓ ოფიციალური გარანტია ✓ განვადება ✓ მიწოდება საქართველოში.",65,140
https://superi.ge/sony/,SONY,Sony,40,ყურსასმენები | ტელევიზორები | ფოტოაპარატები,"Sony (სონი) — ყურსასმენები, ტელევიზორები | Superi.ge","Sony Superi.ge-ზე: 40+ პროდუქტი — ყურსასმენები, ტელევიზორები, ფოტოაპარატები. ✓ ოფიციალური გარანტია ✓ განვადება ✓ მიწოდება საქართველოში.",52,135
https://superi.ge/canon/,CANON,Canon,39,"პრინტერები და მრავალფუნქციური მოწყობილობები | კარტრიჯები, საღებავები, ქაღალდი | ფოტოაპარატები",Canon (კანონი) — ტექნიკა და ფასები | Superi.ge,Canon Superi.ge-ზე: 30+ პროდუქტი — პრინტერები და მრავალფუნქციური მოწყობილობები. ✓ ოფიციალური გარანტია ✓ განვადება ✓ მიწოდება საქართველოში.,46,138
https://superi.ge/vox/,VOX,Vox,38,მაცივრები | სარეცხი მანქანები | კონდიციონერები,"Vox — მაცივრები, სარეცხი მანქანები, კონდიციონერები | Superi.ge","Vox Superi.ge-ზე: 30+ პროდუქტი — მაცივრები, სარეცხი მანქანები, კონდიციონერები. ✓ ოფიციალური გარანტია ✓ განვადება ✓ მიწოდება საქართველოში.",62,137
https://superi.ge/ninja/,NINJA,Ninja,38,აეროგრილები | ბლენდერები | წვენსაწურები,"Ninja (ნინძა) — აეროგრილები, ბლენდერები, წვენსაწურები | Superi.ge","Ninja Superi.ge-ზე: 30+ პროდუქტი — აეროგრილები, ბლენდერები, წვენსაწურები. ✓ ოფიციალური გარანტია ✓ განვადება ✓ მიწოდება საქართველოში.",65,132
https://superi.ge/ardesto/,ARDESTO,Ardesto,36,მაცივრები | საყინულეები | ვენტილატორები,"Ardesto — მაცივრები, საყინულეები, ვენტილატორები | Superi.ge","Ardesto Superi.ge-ზე: 30+ პროდუქტი — მაცივრები, საყინულეები, ვენტილატორები. ✓ ოფიციალური გარანტია ✓ განვადება ✓ მიწოდება საქართველოში.",59,134
https://superi.ge/indesit/,INDESIT,Indesit,34,მაცივრები | სარეცხი მანქანები | საყინულეები,"Indesit (ინდეზიტი) — მაცივრები, სარეცხი მანქანები | Superi.ge","Indesit Superi.ge-ზე: 30+ პროდუქტი — მაცივრები, სარეცხი მანქანები, საყინულეები. ✓ ოფიციალური გარანტია ✓ განვადება ✓ მიწოდება საქართველოში.",61,138
https://superi.ge/janome/,JANOME,Janome,34,საკერავი მანქანები,Janome — საკერავი მანქანები | Superi.ge,Janome Superi.ge-ზე: 30+ პროდუქტი — საკერავი მანქანები. ✓ ოფიციალური გარანტია ✓ განვადება ✓ მიწოდება საქართველოში.,39,114
https://superi.ge/vestel/,VESTEL,Vestel,33,მაცივრები | სარეცხი მანქანები | ჭურჭლის სარეცხი მანქანები,"Vestel (ვესტელი) — მაცივრები, სარეცხი მანქანები | Superi.ge","Vestel Superi.ge-ზე: 30+ პროდუქტი — მაცივრები, სარეცხი მანქანები, ჭურჭლის სარეცხი მანქანები. ✓ ოფიციალური გარანტია ✓ განვადება ✓ მიწოდება საქართველოში.",59,151
https://superi.ge/delonghi/,DeLonghi ,,33,ყავის აპარატები | ელექტრო ჩაიდნები | ტოსტერები,"DeLonghi  — ყავის აპარატები, ელექტრო ჩაიდნები | Superi.ge","DeLonghi  Superi.ge-ზე: 30+ პროდუქტი — ყავის აპარატები, ელექტრო ჩაიდნები, ტოსტერები. ✓ ოფიციალური გარანტია ✓ განვადება ✓ მიწოდება საქართველოში.",57,143
https://superi.ge/blackview/,BLACKVIEW ,Blackview ,31,ტაბლეტები | ნოუთბუქები,"Blackview  — ტაბლეტები, ნოუთბუქები | Superi.ge","Blackview  Superi.ge-ზე: 30+ პროდუქტი — ტაბლეტები, ნოუთბუქები. ✓ ოფიციალური გარანტია ✓ განვადება ✓ მიწოდება საქართველოში.",46,121
https://superi.ge/acer/,ACER,Acer,30,ნოუთბუქები | პროექტორები | მონობლოკები (All-in-One),"Acer (ეისერი) — ნოუთბუქები, პროექტორები | Superi.ge","Acer Superi.ge-ზე: 30+ პროდუქტი — ნოუთბუქები, პროექტორები, მონობლოკები (all-in-one). ✓ ოფიციალური გარანტია ✓ განვადება ✓ მიწოდება საქართველოში.",51,143
https://superi.ge/kenwood/,KENWOOD ,Kenwood ,30,მიქსერები | ხორცსაკეპი მანქანები | ელექტრო ჩაიდნები,"Kenwood  — მიქსერები, ხორცსაკეპი მანქანები | Superi.ge","Kenwood  Superi.ge-ზე: 30+ პროდუქტი — მიქსერები, ხორცსაკეპი მანქანები, ელექტრო ჩაიდნები. ✓ ოფიციალური გარანტია ✓ განვადება ✓ მიწოდება საქართველოში.",54,147
https://superi.ge/smeg/,SMEG,Smeg,30,ელექტრო ჩაიდნები | ტოსტერები | მიქსერები,"Smeg (სმეგი) — ელექტრო ჩაიდნები, ტოსტერები, მიქსერები | Superi.ge","Smeg Superi.ge-ზე: 30+ პროდუქტი — ელექტრო ჩაიდნები, ტოსტერები, მიქსერები. ✓ ოფიციალური გარანტია ✓ განვადება ✓ მიწოდება საქართველოში.",65,132
https://superi.ge/domino/,Domino,,28,ბაღის ავეჯის კომპლექტები,Domino — ბაღის ავეჯის კომპლექტები | Superi.ge,Domino Superi.ge-ზე: 20+ პროდუქტი — ბაღის ავეჯის კომპლექტები. ✓ ოფიციალური გარანტია ✓ განვადება ✓ მიწოდება საქართველოში.,45,120
https://superi.ge/intex/,INTEX,Intex,28,აუზები და აქსესუარები | გასაბერი ავეჯი,Intex (ინტექსი) — აუზები და აქსესუარები | Superi.ge,"Intex Superi.ge-ზე: 20+ პროდუქტი — აუზები და აქსესუარები, გასაბერი ავეჯი. ✓ ოფიციალური გარანტია ✓ განვადება ✓ მიწოდება საქართველოში.",51,132
https://superi.ge/hisense/,HISENSE,Hisense,26,მაცივრები | ტელევიზორები | საყინულეები,"Hisense (ჰაისენსი) — მაცივრები, ტელევიზორები | Superi.ge","Hisense Superi.ge-ზე: 20+ პროდუქტი — მაცივრები, ტელევიზორები, საყინულეები. ✓ ოფიციალური გარანტია ✓ განვადება ✓ მიწოდება საქართველოში.",56,133
https://superi.ge/intel/,Intel,,25,პროცესორები,Intel — პროცესორები | Superi.ge,Intel Superi.ge-ზე: 20+ პროდუქტი — პროცესორები. ✓ ოფიციალური გარანტია ✓ განვადება ✓ მიწოდება საქართველოში.,31,106
https://superi.ge/ingco/,INGCO,Ingco,24,გაზონის საკრეჭი მანქანები | გენერატორები | კომპრესორები,"Ingco — გაზონის საკრეჭი მანქანები, გენერატორები | Superi.ge","Ingco Superi.ge-ზე: 20+ პროდუქტი — გაზონის საკრეჭი მანქანები, გენერატორები, კომპრესორები. ✓ ოფიციალური გარანტია ✓ განვადება ✓ მიწოდება საქართველოში.",59,148
https://superi.ge/allscreen/,ALLSCREEN,AllScreen,24,პროექტორის ეკრანები,AllScreen — პროექტორის ეკრანები | Superi.ge,AllScreen Superi.ge-ზე: 20+ პროდუქტი — პროექტორის ეკრანები. ✓ ოფიციალური გარანტია ✓ განვადება ✓ მიწოდება საქართველოში.,43,118
https://superi.ge/dell/,DELL,Dell,23,მონიტორები | ნოუთბუქები | კლავიატურები,"Dell (დელი) — მონიტორები, ნოუთბუქები, კლავიატურები | Superi.ge","Dell Superi.ge-ზე: 20+ პროდუქტი — მონიტორები, ნოუთბუქები, კლავიატურები. ✓ ოფიციალური გარანტია ✓ განვადება ✓ მიწოდება საქართველოში.",62,130
https://superi.ge/philips/,PHILIPS,Philips,21,აეროგრილები | უთოები | ტელევიზორები,"Philips (ფილიპსი) — აეროგრილები, უთოები, ტელევიზორები | Superi.ge","Philips Superi.ge-ზე: 20+ პროდუქტი — აეროგრილები, უთოები, ტელევიზორები. ✓ ოფიციალური გარანტია ✓ განვადება ✓ მიწოდება საქართველოში.",65,130
https://superi.ge/franko/,FRANKO,Franko,21,საყინულეები | ელექტრო ღუმელები | აეროგრილები,"Franko — საყინულეები, ელექტრო ღუმელები, აეროგრილები | Superi.ge","Franko Superi.ge-ზე: 20+ პროდუქტი — საყინულეები, ელექტრო ღუმელები, აეროგრილები. ✓ ოფიციალური გარანტია ✓ განვადება ✓ მიწოდება საქართველოში.",63,138
https://superi.ge/celly/,Celly,,21,პორტატული დამტენები | ყურსასმენები | სმარტ საათები,"Celly — პორტატული დამტენები, ყურსასმენები | Superi.ge","Celly Superi.ge-ზე: 20+ პროდუქტი — პორტატული დამტენები, ყურსასმენები, სმარტ საათები. ✓ ოფიციალური გარანტია ✓ განვადება ✓ მიწოდება საქართველოში.",53,143
https://superi.ge/hoco/,Hoco,,21,ყურსასმენები | პორტატული დამტენები,"Hoco — ყურსასმენები, პორტატული დამტენები | Superi.ge","Hoco Superi.ge-ზე: 20+ პროდუქტი — ყურსასმენები, პორტატული დამტენები. ✓ ოფიციალური გარანტია ✓ განვადება ✓ მიწოდება საქართველოში.",52,127
https://superi.ge/remeza/,REMEZA,Remeza,21,კომპრესორები,Remeza — კომპრესორები | Superi.ge,Remeza Superi.ge-ზე: 20+ პროდუქტი — კომპრესორები. ✓ ოფიციალური გარანტია ✓ განვადება ✓ მიწოდება საქართველოში.,33,108
https://superi.ge/aiko/,Aiko,,21,სეიფები,Aiko — სეიფები | Superi.ge,Aiko Superi.ge-ზე: 20+ პროდუქტი — სეიფები. ✓ ოფიციალური გარანტია ✓ განვადება ✓ მიწოდება საქართველოში.,26,101
https://superi.ge/millen/,MILLEN ,Millen ,19,კონდიციონერები | გაზქურები | წყლის დისპენსერები,"Millen  — კონდიციონერები, გაზქურები | Superi.ge","Millen  Superi.ge-ზე: 19 პროდუქტი — კონდიციონერები, გაზქურები, წყლის დისპენსერები. ✓ ოფიციალური გარანტია ✓ განვადება ✓ მიწოდება საქართველოში.",47,141
https://superi.ge/aeg/,AEG,,19,სარეცხი მანქანები | ქურის ზედაპირები | ჭურჭლის სარეცხი მანქანები,"AEG — სარეცხი მანქანები, ქურის ზედაპირები | Superi.ge","AEG Superi.ge-ზე: 19 პროდუქტი — სარეცხი მანქანები, ქურის ზედაპირები, ჭურჭლის სარეცხი მანქანები. ✓ ოფიციალური გარანტია ✓ განვადება ✓ მიწოდება საქართველოში.",53,154
https://superi.ge/gree/,GREE,Gree,18,კონდიციონერები,Gree (გრი) — კონდიციონერები | Superi.ge,Gree Superi.ge-ზე: 18 პროდუქტი — კონდიციონერები. ✓ ოფიციალური გარანტია ✓ განვადება ✓ მიწოდება საქართველოში.,39,107
https://superi.ge/akog/,AKOG,Akog,18,გაზის გამათბობლები,Akog — გაზის გამათბობლები | Superi.ge,Akog Superi.ge-ზე: 18 პროდუქტი — გაზის გამათბობლები. ✓ ოფიციალური გარანტია ✓ განვადება ✓ მიწოდება საქართველოში.,37,111
https://superi.ge/havit/,HAVIT,Havit,18,ყურსასმენები | მაუსები | კლავიატურები,"Havit — ყურსასმენები, მაუსები, კლავიატურები | Superi.ge","Havit Superi.ge-ზე: 18 პროდუქტი — ყურსასმენები, მაუსები, კლავიატურები. ✓ ოფიციალური გარანტია ✓ განვადება ✓ მიწოდება საქართველოში.",55,129
https://superi.ge/marvo/,Marvo,,18,მაუსები | ყურსასმენები | კონსოლები და აქსესუარები,"Marvo — მაუსები, ყურსასმენები | Superi.ge","Marvo Superi.ge-ზე: 18 პროდუქტი — მაუსები, ყურსასმენები, კონსოლები და აქსესუარები. ✓ ოფიციალური გარანტია ✓ განვადება ✓ მიწოდება საქართველოში.",41,141
https://superi.ge/dyson/,DYSON ,Dyson ,18,მტვერსასრუტები | თმის უთოები და სტაილერები,"Dyson  — მტვერსასრუტები, თმის უთოები და სტაილერები | Superi.ge","Dyson  Superi.ge-ზე: 18 პროდუქტი — მტვერსასრუტები, თმის უთოები და სტაილერები. ✓ ოფიციალური გარანტია ✓ განვადება ✓ მიწოდება საქართველოში.",62,136
https://superi.ge/motorola/,MOTOROLA,Motorola,17,მობილური ტელეფონები | ყურსასმენები,Motorola (მოტოროლა) — მობილური ტელეფონები | Superi.ge,"Motorola Superi.ge-ზე: 17 პროდუქტი — მობილური ტელეფონები, ყურსასმენები. ✓ ოფიციალური გარანტია ✓ განვადება ✓ მიწოდება საქართველოში.",53,130
https://superi.ge/hitachi/,HITACHI,Hitachi,17,მაცივრები | სარეცხი მანქანები | მტვერსასრუტები,"Hitachi — მაცივრები, სარეცხი მანქანები | Superi.ge","Hitachi Superi.ge-ზე: 17 პროდუქტი — მაცივრები, სარეცხი მანქანები, მტვერსასრუტები. ✓ ოფიციალური გარანტია ✓ განვადება ✓ მიწოდება საქართველოში.",50,140
https://superi.ge/belkin/,Belkin,,17,პორტატული დამტენები,Belkin — პორტატული დამტენები | Superi.ge,Belkin Superi.ge-ზე: 17 პროდუქტი — პორტატული დამტენები. ✓ ოფიციალური გარანტია ✓ განვადება ✓ მიწოდება საქართველოში.,40,114
https://superi.ge/hyperx/,HYPERX,HyperX,17,ყურსასმენები | მაუსები | გეიმინგ სავარძლები,"HyperX — ყურსასმენები, მაუსები, გეიმინგ სავარძლები | Superi.ge","HyperX Superi.ge-ზე: 17 პროდუქტი — ყურსასმენები, მაუსები, გეიმინგ სავარძლები. ✓ ოფიციალური გარანტია ✓ განვადება ✓ მიწოდება საქართველოში.",62,136
https://superi.ge/oukitel/,OUKITEL ,Oukitel ,16,მობილური ტელეფონები | სმარტ საათები,"Oukitel  — მობილური ტელეფონები, სმარტ საათები | Superi.ge","Oukitel  Superi.ge-ზე: 16 პროდუქტი — მობილური ტელეფონები, სმარტ საათები. ✓ ოფიციალური გარანტია ✓ განვადება ✓ მიწოდება საქართველოში.",57,131
https://superi.ge/mitsubishi/,MITSUBISHI,Mitsubishi,16,კონდიციონერები,Mitsubishi (მიცუბიში) — კონდიციონერები | Superi.ge,Mitsubishi Superi.ge-ზე: 16 პროდუქტი — კონდიციონერები. ✓ ოფიციალური გარანტია ✓ განვადება ✓ მიწოდება საქართველოში.,50,113
https://superi.ge/schpindel/,Schpindel,,16,გენერატორები | სამშენებლო ხელსაწყოები | კომპრესორები,"Schpindel — გენერატორები, სამშენებლო ხელსაწყოები | Superi.ge","Schpindel Superi.ge-ზე: 16 პროდუქტი — გენერატორები, სამშენებლო ხელსაწყოები, კომპრესორები. ✓ ოფიციალური გარანტია ✓ განვადება ✓ მიწოდება საქართველოში.",60,148
https://superi.ge/graetz/,GRAETZ,Graetz,16,მაცივრები | ჩასაშენებელი ღუმელები | გამწოვები,"Graetz — მაცივრები, ჩასაშენებელი ღუმელები, გამწოვები | Superi.ge","Graetz Superi.ge-ზე: 16 პროდუქტი — მაცივრები, ჩასაშენებელი ღუმელები, გამწოვები. ✓ ოფიციალური გარანტია ✓ განვადება ✓ მიწოდება საქართველოში.",64,138
https://superi.ge/lego/,LEGO,,16,სათამაშოები,LEGO — სათამაშოები | Superi.ge,LEGO Superi.ge-ზე: 16 პროდუქტი — სათამაშოები. ✓ ოფიციალური გარანტია ✓ განვადება ✓ მიწოდება საქართველოში.,30,104
https://superi.ge/nutribullet/,NUTRIBULLET,NutriBullet,16,ბლენდერები | აეროგრილები | წვენსაწურები,"NutriBullet — ბლენდერები, აეროგრილები, წვენსაწურები | Superi.ge","NutriBullet Superi.ge-ზე: 16 პროდუქტი — ბლენდერები, აეროგრილები, წვენსაწურები. ✓ ოფიციალური გარანტია ✓ განვადება ✓ მიწოდება საქართველოში.",63,137
https://superi.ge/easy/,EASY,,16,"კარტრიჯები, საღებავები, ქაღალდი","EASY — კარტრიჯები, საღებავები, ქაღალდი | Superi.ge","EASY Superi.ge-ზე: 16 პროდუქტი — კარტრიჯები, საღებავები, ქაღალდი. ✓ ოფიციალური გარანტია ✓ განვადება ✓ მიწოდება საქართველოში.",50,124
https://superi.ge/vestfrost/,VESTFROST,Vestfrost,15,სარეცხი მანქანები | მაცივრები | ჭურჭლის სარეცხი მანქანები,"Vestfrost — სარეცხი მანქანები, მაცივრები | Superi.ge","Vestfrost Superi.ge-ზე: 15 პროდუქტი — სარეცხი მანქანები, მაცივრები, ჭურჭლის სარეცხი მანქანები. ✓ ოფიციალური გარანტია ✓ განვადება ✓ მიწოდება საქართველოში.",52,153
https://superi.ge/fujiyama/,FUJIYAMA ,Fujiyama ,14,გაზის გამათბობლები,Fujiyama  — გაზის გამათბობლები | Superi.ge,Fujiyama  Superi.ge-ზე: 14 პროდუქტი — გაზის გამათბობლები. ✓ ოფიციალური გარანტია ✓ განვადება ✓ მიწოდება საქართველოში.,42,116
https://superi.ge/printermayin/,PrinterMayin,,14,"კარტრიჯები, საღებავები, ქაღალდი","PrinterMayin — კარტრიჯები, საღებავები, ქაღალდი | Superi.ge","PrinterMayin Superi.ge-ზე: 14 პროდუქტი — კარტრიჯები, საღებავები, ქაღალდი. ✓ ოფიციალური გარანტია ✓ განვადება ✓ მიწოდება საქართველოში.",58,132
https://superi.ge/realme/,REALME,Realme,13,ყურსასმენები | მობილური ტელეფონები | სმარტ საათები,"Realme (რეალმი) — ყურსასმენები, მობილური ტელეფონები | Superi.ge","Realme Superi.ge-ზე: 13 პროდუქტი — ყურსასმენები, მობილური ტელეფონები, სმარტ საათები. ✓ ოფიციალური გარანტია ✓ განვადება ✓ მიწოდება საქართველოში.",63,143
https://superi.ge/aux/,AUX,,13,კონდიციონერები,AUX — კონდიციონერები | Superi.ge,AUX Superi.ge-ზე: 13 პროდუქტი — კონდიციონერები. ✓ ოფიციალური გარანტია ✓ განვადება ✓ მიწოდება საქართველოში.,32,106
https://superi.ge/varta/,VARTA,Varta,13,აკუმულატორები,Varta — აკუმულატორები | Superi.ge,Varta Superi.ge-ზე: 13 პროდუქტი — აკუმულატორები. ✓ ოფიციალური გარანტია ✓ განვადება ✓ მიწოდება საქართველოში.,33,107
https://superi.ge/blaupunkt/,BLAUPUNKT ,Blaupunkt ,12,ტელევიზორები | ტელევიზორის აქსესუარები,"Blaupunkt  — ტელევიზორები, ტელევიზორის აქსესუარები | Superi.ge","Blaupunkt  Superi.ge-ზე: 12 პროდუქტი — ტელევიზორები, ტელევიზორის აქსესუარები. ✓ ოფიციალური გარანტია ✓ განვადება ✓ მიწოდება საქართველოში.",62,136
https://superi.ge/marazzi/,MARAZZI ,Marazzi ,12,ვენტილატორები | მაცივრები | საყინულეები,"Marazzi  — ვენტილატორები, მაცივრები, საყინულეები | Superi.ge","Marazzi  Superi.ge-ზე: 12 პროდუქტი — ვენტილატორები, მაცივრები, საყინულეები. ✓ ოფიციალური გარანტია ✓ განვადება ✓ მიწოდება საქართველოში.",60,134
https://superi.ge/chigo/,CHIGO,Chigo,11,კონდიციონერები | საყინულეები | წყლის დისპენსერები,"Chigo — კონდიციონერები, საყინულეები | Superi.ge","Chigo Superi.ge-ზე: 11 პროდუქტი — კონდიციონერები, საყინულეები, წყლის დისპენსერები. ✓ ოფიციალური გარანტია ✓ განვადება ✓ მიწოდება საქართველოში.",47,141
https://superi.ge/trinx/,TRINX ,Trinx ,11,ველოსიპედები,Trinx  — ველოსიპედები | Superi.ge,Trinx  Superi.ge-ზე: 11 პროდუქტი — ველოსიპედები. ✓ ოფიციალური გარანტია ✓ განვადება ✓ მიწოდება საქართველოში.,33,107
https://superi.ge/bauma/,BAUMA,Bauma,11,ხელის ტრაქტორები | გენერატორები | სათიბები,"Bauma — ხელის ტრაქტორები, გენერატორები, სათიბები | Superi.ge","Bauma Superi.ge-ზე: 11 პროდუქტი — ხელის ტრაქტორები, გენერატორები, სათიბები. ✓ ოფიციალური გარანტია ✓ განვადება ✓ მიწოდება საქართველოში.",60,134
https://superi.ge/konner-and-sohnen/,KONNER&SOHNEN,Könner & Söhnen,11,გენერატორები,Könner & Söhnen — გენერატორები | Superi.ge,Könner & Söhnen Superi.ge-ზე: 11 პროდუქტი — გენერატორები. ✓ ოფიციალური გარანტია ✓ განვადება ✓ მიწოდება საქართველოში.,42,116
https://superi.ge/brother/,BROTHER,Brother,11,საკერავი მანქანები,Brother — საკერავი მანქანები | Superi.ge,Brother Superi.ge-ზე: 11 პროდუქტი — საკერავი მანქანები. ✓ ოფიციალური გარანტია ✓ განვადება ✓ მიწოდება საქართველოში.,40,114
https://superi.ge/lux-garden/,LUX GARDEN,Lux Garden,11,შესაწამლი აპარატები | გაზონის საკრეჭი მანქანები | სათიბები,Lux Garden — შესაწამლი აპარატები | Superi.ge,"Lux Garden Superi.ge-ზე: 11 პროდუქტი — შესაწამლი აპარატები, გაზონის საკრეჭი მანქანები, სათიბები. ✓ ოფიციალური გარანტია ✓ განვადება ✓ მიწოდება საქართველოში.",44,155
https://superi.ge/anker/,Anker,,11,ყურსასმენები | პორტატული დამტენები,"Anker — ყურსასმენები, პორტატული დამტენები | Superi.ge","Anker Superi.ge-ზე: 11 პროდუქტი — ყურსასმენები, პორტატული დამტენები. ✓ ოფიციალური გარანტია ✓ განვადება ✓ მიწოდება საქართველოში.",53,127
https://superi.ge/hoffmann/,HOFFMANN,Hoffmann,10,კონდიციონერები | ელექტრო ღუმელები,"Hoffmann — კონდიციონერები, ელექტრო ღუმელები | Superi.ge","Hoffmann Superi.ge-ზე: 10 პროდუქტი — კონდიციონერები, ელექტრო ღუმელები. ✓ ოფიციალური გარანტია ✓ განვადება ✓ მიწოდება საქართველოში.",55,129
https://superi.ge/ersel/,ERSEL,Ersel,10,გაზის გამათბობლები,Ersel — გაზის გამათბობლები | Superi.ge,Ersel Superi.ge-ზე: 10 პროდუქტი — გაზის გამათბობლები. ✓ ოფიციალური გარანტია ✓ განვადება ✓ მიწოდება საქართველოში.,38,112
https://superi.ge/royal-turbo/,ROYAL TURBO,Royal Turbo,10,ხელის ტრაქტორები | სათიბები,"Royal Turbo — ხელის ტრაქტორები, სათიბები | Superi.ge","Royal Turbo Superi.ge-ზე: 10 პროდუქტი — ხელის ტრაქტორები, სათიბები. ✓ ოფიციალური გარანტია ✓ განვადება ✓ მიწოდება საქართველოში.",52,126
https://superi.ge/nothing/,Nothing,,10,ყურსასმენები,Nothing — ყურსასმენები | Superi.ge,Nothing Superi.ge-ზე: 10 პროდუქტი — ყურსასმენები. ✓ ოფიციალური გარანტია ✓ განვადება ✓ მიწოდება საქართველოში.,34,108
https://superi.ge/jbl/,JBL,,10,ყურსასმენები,JBL (ჯეიბიელი) — ყურსასმენები | Superi.ge,JBL Superi.ge-ზე: 10 პროდუქტი — ყურსასმენები. ✓ ოფიციალური გარანტია ✓ განვადება ✓ მიწოდება საქართველოში.,41,104
https://superi.ge/house-of-marley/,HOUSE OF MARLEY,House Of Marley,10,ყურსასმენები,House Of Marley — ყურსასმენები | Superi.ge,House Of Marley Superi.ge-ზე: 10 პროდუქტი — ყურსასმენები. ✓ ოფიციალური გარანტია ✓ განვადება ✓ მიწოდება საქართველოში.,42,116
https://superi.ge/shark/,SHARK,Shark,10,მტვერსასრუტები | ჰაერის გამწმენდი და დამატენიანებლები | თმის ფენები,Shark — მტვერსასრუტები | Superi.ge,"Shark Superi.ge-ზე: 10 პროდუქტი — მტვერსასრუტები, ჰაერის გამწმენდი და დამატენიანებლები, თმის ფენები. ✓ ოფიციალური გარანტია ✓ განვადება ✓ მიწოდება საქართველოში.",34,159
https://superi.ge/roborock/,Roborock ,,10,მტვერსასრუტები,Roborock  — მტვერსასრუტები | Superi.ge,Roborock  Superi.ge-ზე: 10 პროდუქტი — მტვერსასრუტები. ✓ ოფიციალური გარანტია ✓ განვადება ✓ მიწოდება საქართველოში.,38,112
https://superi.ge/oz/,OZ,,10,გაზქურები,OZ — გაზქურები | Superi.ge,OZ Superi.ge-ზე: 10 პროდუქტი — გაზქურები. ✓ ოფიციალური გარანტია ✓ განვადება ✓ მიწოდება საქართველოში.,26,100
https://superi.ge/oneplus/,ONEPLUS,OnePlus,9,ყურსასმენები | მობილური ტელეფონები,"OnePlus — ყურსასმენები, მობილური ტელეფონები | Superi.ge","OnePlus Superi.ge-ზე: 9 პროდუქტი — ყურსასმენები, მობილური ტელეფონები. ✓ ოფიციალური გარანტია ✓ განვადება ✓ მიწოდება საქართველოში.",55,128
https://superi.ge/ulefone/,Ulefone,,9,ტაბლეტები | მობილური ტელეფონები,"Ulefone — ტაბლეტები, მობილური ტელეფონები | Superi.ge","Ulefone Superi.ge-ზე: 9 პროდუქტი — ტაბლეტები, მობილური ტელეფონები. ✓ ოფიციალური გარანტია ✓ განვადება ✓ მიწოდება საქართველოში.",52,125
https://superi.ge/ud/,UD,,9,ტელევიზორები,UD — ტელევიზორები | Superi.ge,UD Superi.ge-ზე: 9 პროდუქტი — ტელევიზორები. ✓ ოფიციალური გარანტია ✓ განვადება ✓ მიწოდება საქართველოში.,29,102
https://superi.ge/mayer/,MAYER,Mayer,9,კონდიციონერები,Mayer — კონდიციონერები | Superi.ge,Mayer Superi.ge-ზე: 9 პროდუქტი — კონდიციონერები. ✓ ოფიციალური გარანტია ✓ განვადება ✓ მიწოდება საქართველოში.,34,107
https://superi.ge/alneo/,ALNEO,Alneo,9,კონდიციონერები | გაზქურები | წყლის დისპენსერები,"Alneo — კონდიციონერები, გაზქურები, წყლის დისპენსერები | Superi.ge","Alneo Superi.ge-ზე: 9 პროდუქტი — კონდიციონერები, გაზქურები, წყლის დისპენსერები. ✓ ოფიციალური გარანტია ✓ განვადება ✓ მიწოდება საქართველოში.",65,138
https://superi.ge/msi-gaming/,MSI,,9,ნოუთბუქები | მონიტორები,"MSI — ნოუთბუქები, მონიტორები | Superi.ge","MSI Superi.ge-ზე: 9 პროდუქტი — ნოუთბუქები, მონიტორები. ✓ ოფიციალური გარანტია ✓ განვადება ✓ მიწოდება საქართველოში.",40,113
https://superi.ge/tefal/,TEFAL,Tefal,9,აეროგრილები | ქვაბებისა და ტაფების ნაკრებები | ბლენდერები,Tefal (ტეფალი) — აეროგრილები | Superi.ge,"Tefal Superi.ge-ზე: 9 პროდუქტი — აეროგრილები, ქვაბებისა და ტაფების ნაკრებები, ბლენდერები. ✓ ოფიციალური გარანტია ✓ განვადება ✓ მიწოდება საქართველოში.",40,148
https://superi.ge/kingsmith/,KingSmith,,9,სარბენი ბილიკები | ტრენაჟორები,"KingSmith — სარბენი ბილიკები, ტრენაჟორები | Superi.ge","KingSmith Superi.ge-ზე: 9 პროდუქტი — სარბენი ბილიკები, ტრენაჟორები. ✓ ოფიციალური გარანტია ✓ განვადება ✓ მიწოდება საქართველოში.",53,126
https://superi.ge/tecno/,TECNO,Tecno,8,მობილური ტელეფონები,Tecno — მობილური ტელეფონები | Superi.ge,Tecno Superi.ge-ზე: 8 პროდუქტი — მობილური ტელეფონები. ✓ ოფიციალური გარანტია ✓ განვადება ✓ მიწოდება საქართველოში.,39,112
https://superi.ge/tolsen/,TOLSEN,Tolsen,8,გენერატორები | შესაწამლი აპარატები | სამშენებლო ხელსაწყოები,"Tolsen — გენერატორები, შესაწამლი აპარატები | Superi.ge","Tolsen Superi.ge-ზე: 8 პროდუქტი — გენერატორები, შესაწამლი აპარატები, სამშენებლო ხელსაწყოები. ✓ ოფიციალური გარანტია ✓ განვადება ✓ მიწოდება საქართველოში.",54,151
https://superi.ge/hagen/,HAGEN ,Hagen ,8,მაცივრები | სარეცხი მანქანები,"Hagen  — მაცივრები, სარეცხი მანქანები | Superi.ge","Hagen  Superi.ge-ზე: 8 პროდუქტი — მაცივრები, სარეცხი მანქანები. ✓ ოფიციალური გარანტია ✓ განვადება ✓ მიწოდება საქართველოში.",49,122
https://superi.ge/urevo/,urevo,Urevo,8,სარბენი ბილიკები,Urevo — სარბენი ბილიკები | Superi.ge,Urevo Superi.ge-ზე: 8 პროდუქტი — სარბენი ბილიკები. ✓ ოფიციალური გარანტია ✓ განვადება ✓ მიწოდება საქართველოში.,36,109
https://superi.ge/nokia/,NOKIA,Nokia,7,მობილური ტელეფონები,Nokia (ნოკია) — მობილური ტელეფონები | Superi.ge,Nokia Superi.ge-ზე: 7 პროდუქტი — მობილური ტელეფონები. ✓ ოფიციალური გარანტია ✓ განვადება ✓ მიწოდება საქართველოში.,47,112
https://superi.ge/grundig/,GRUNDIG,Grundig,7,ტელევიზორები | მტვერსასრუტები | აეროგრილები,"Grundig (გრუნდიგი) — ტელევიზორები, მტვერსასრუტები | Superi.ge","Grundig Superi.ge-ზე: 7 პროდუქტი — ტელევიზორები, მტვერსასრუტები, აეროგრილები. ✓ ოფიციალური გარანტია ✓ განვადება ✓ მიწოდება საქართველოში.",61,136
https://superi.ge/chiq/,ChiQ,,7,კონდიციონერები,ChiQ — კონდიციონერები | Superi.ge,ChiQ Superi.ge-ზე: 7 პროდუქტი — კონდიციონერები. ✓ ოფიციალური გარანტია ✓ განვადება ✓ მიწოდება საქართველოში.,33,106
https://superi.ge/hosseven/,HOSSEVEN ,Hosseven ,7,გაზის გამათბობლები | წყლის გამაცხელებლები,"Hosseven  — გაზის გამათბობლები, წყლის გამაცხელებლები | Superi.ge","Hosseven  Superi.ge-ზე: 7 პროდუქტი — გაზის გამათბობლები, წყლის გამაცხელებლები. ✓ ოფიციალური გარანტია ✓ განვადება ✓ მიწოდება საქართველოში.",64,137
https://superi.ge/gilan/,GILAN,Gilan,7,გაზის გამათბობლები,Gilan — გაზის გამათბობლები | Superi.ge,Gilan Superi.ge-ზე: 7 პროდუქტი — გაზის გამათბობლები. ✓ ოფიციალური გარანტია ✓ განვადება ✓ მიწოდება საქართველოში.,38,111
https://superi.ge/lagenio/,Lagenio,,7,სმარტ საათები,Lagenio — სმარტ საათები | Superi.ge,Lagenio Superi.ge-ზე: 7 პროდუქტი — სმარტ საათები. ✓ ოფიციალური გარანტია ✓ განვადება ✓ მიწოდება საქართველოში.,35,108
https://superi.ge/fakir/,FAKIR,Fakir,7,მიკროტალღური ღუმელები | ვენტილატორები | აეროგრილები,"Fakir — მიკროტალღური ღუმელები, ვენტილატორები | Superi.ge","Fakir Superi.ge-ზე: 7 პროდუქტი — მიკროტალღური ღუმელები, ვენტილატორები, აეროგრილები. ✓ ოფიციალური გარანტია ✓ განვადება ✓ მიწოდება საქართველოში.",56,142
https://superi.ge/sharp/,SHARP ,Sharp ,7,საყინულეები | წყლის დისპენსერები,"Sharp  — საყინულეები, წყლის დისპენსერები | Superi.ge","Sharp  Superi.ge-ზე: 7 პროდუქტი — საყინულეები, წყლის დისპენსერები. ✓ ოფიციალური გარანტია ✓ განვადება ✓ მიწოდება საქართველოში.",52,125
https://superi.ge/gigabyte-kompiuteris-natsilebi/,GIGABYTE,Gigabyte,7,დედა დაფები (Motherboard),Gigabyte — დედა დაფები (Motherboard) | Superi.ge,Gigabyte Superi.ge-ზე: 7 პროდუქტი — დედა დაფები (motherboard). ✓ ოფიციალური გარანტია ✓ განვადება ✓ მიწოდება საქართველოში.,48,121
https://superi.ge/oppo/,OPPO ,Oppo ,6,მობილური ტელეფონები,Oppo  — მობილური ტელეფონები | Superi.ge,Oppo  Superi.ge-ზე: 6 პროდუქტი — მობილური ტელეფონები. ✓ ოფიციალური გარანტია ✓ განვადება ✓ მიწოდება საქართველოში.,39,112
https://superi.ge/colorview/,COLORVIEW,ColorView,6,ტელევიზორის აქსესუარები | ტელევიზორები,"ColorView — ტელევიზორის აქსესუარები, ტელევიზორები | Superi.ge","ColorView Superi.ge-ზე: 6 პროდუქტი — ტელევიზორის აქსესუარები, ტელევიზორები. ✓ ოფიციალური გარანტია ✓ განვადება ✓ მიწოდება საქართველოში.",61,134
https://superi.ge/nikai/,NIKAI,Nikai,6,მაცივრები | ელექტრო ჩაიდნები | ელექტრო გამათბობლები,"Nikai — მაცივრები, ელექტრო ჩაიდნები | Superi.ge","Nikai Superi.ge-ზე: 6 პროდუქტი — მაცივრები, ელექტრო ჩაიდნები, ელექტრო გამათბობლები. ✓ ოფიციალური გარანტია ✓ განვადება ✓ მიწოდება საქართველოში.",47,142
https://superi.ge/ecoflow/,EcoFlow,,6,გენერატორები,EcoFlow — გენერატორები | Superi.ge,EcoFlow Superi.ge-ზე: 6 პროდუქტი — გენერატორები. ✓ ოფიციალური გარანტია ✓ განვადება ✓ მიწოდება საქართველოში.,34,107
https://superi.ge/shinever/,SHINEVER ,Shinever ,6,გენერატორები,Shinever  — გენერატორები | Superi.ge,Shinever  Superi.ge-ზე: 6 პროდუქტი — გენერატორები. ✓ ოფიციალური გარანტია ✓ განვადება ✓ მიწოდება საქართველოში.,36,109
https://superi.ge/arshia/,ARSHIA,Arshia,6,ქვაბებისა და ტაფების ნაკრებები | მტვერსასრუტები | სამზარეულოს დანები,Arshia — ქვაბებისა და ტაფების ნაკრებები | Superi.ge,"Arshia Superi.ge-ზე: 6 პროდუქტი — ქვაბებისა და ტაფების ნაკრებები, მტვერსასრუტები, სამზარეულოს დანები. ✓ ოფიციალური გარანტია ✓ განვადება ✓ მიწოდება საქართველოში.",51,160
https://superi.ge/ugreen/,UGREEN,Ugreen,6,პორტატული დამტენები | ყურსასმენები,"Ugreen — პორტატული დამტენები, ყურსასმენები | Superi.ge","Ugreen Superi.ge-ზე: 6 პროდუქტი — პორტატული დამტენები, ყურსასმენები. ✓ ოფიციალური გარანტია ✓ განვადება ✓ მიწოდება საქართველოში.",54,127
https://superi.ge/viewsonic/,ViewSonic,,6,მონიტორები | პროექტორები,"ViewSonic — მონიტორები, პროექტორები | Superi.ge","ViewSonic Superi.ge-ზე: 6 პროდუქტი — მონიტორები, პროექტორები. ✓ ოფიციალური გარანტია ✓ განვადება ✓ მიწოდება საქართველოში.",47,120
https://superi.ge/xtrike/,XTRIKE,Xtrike,6,კლავიატურები | მაუსები | ყურსასმენები,"Xtrike — კლავიატურები, მაუსები, ყურსასმენები | Superi.ge","Xtrike Superi.ge-ზე: 6 პროდუქტი — კლავიატურები, მაუსები, ყურსასმენები. ✓ ოფიციალური გარანტია ✓ განვადება ✓ მიწოდება საქართველოში.",56,129
https://superi.ge/dji/,DJI,,6,დრონები,DJI — დრონები | Superi.ge,DJI Superi.ge-ზე: 6 პროდუქტი — დრონები. ✓ ოფიციალური გარანტია ✓ განვადება ✓ მიწოდება საქართველოში.,25,98
https://superi.ge/elenberg/,ELENBERG,Elenberg,6,გაზქურები | ელექტრო ღუმელები | ქურის ზედაპირები,"Elenberg — გაზქურები, ელექტრო ღუმელები | Superi.ge","Elenberg Superi.ge-ზე: 6 პროდუქტი — გაზქურები, ელექტრო ღუმელები, ქურის ზედაპირები. ✓ ოფიციალური გარანტია ✓ განვადება ✓ მიწოდება საქართველოში.",50,141
https://superi.ge/skytech/,SKYTECH,Skytech,5,ტელევიზორები,Skytech — ტელევიზორები | Superi.ge,Skytech Superi.ge-ზე: 5 პროდუქტი — ტელევიზორები. ✓ ოფიციალური გარანტია ✓ განვადება ✓ მიწოდება საქართველოში.,34,107
https://superi.ge/2e/,2E,,5,მოგზაურობა | ტელევიზორები | მონიტორები,"2E — მოგზაურობა, ტელევიზორები, მონიტორები | Superi.ge","2E Superi.ge-ზე: 5 პროდუქტი — მოგზაურობა, ტელევიზორები, მონიტორები. ✓ ოფიციალური გარანტია ✓ განვადება ✓ მიწოდება საქართველოში.",53,126
https://superi.ge/cooper-and-hunter/,COOPER & HUNTER,Cooper & Hunter,5,კონდიციონერები,Cooper & Hunter — კონდიციონერები | Superi.ge,Cooper & Hunter Superi.ge-ზე: 5 პროდუქტი — კონდიციონერები. ✓ ოფიციალური გარანტია ✓ განვადება ✓ მიწოდება საქართველოში.,44,117
https://superi.ge/dixi/,DIXI,Dixi,5,წყლის დისპენსერები | კონდიციონერები,"Dixi — წყლის დისპენსერები, კონდიციონერები | Superi.ge","Dixi Superi.ge-ზე: 5 პროდუქტი — წყლის დისპენსერები, კონდიციონერები. ✓ ოფიციალური გარანტია ✓ განვადება ✓ მიწოდება საქართველოში.",53,126
https://superi.ge/dingqi/,DINGQI ,Dingqi ,5,გენერატორები | კომპრესორები | სამშენებლო ხელსაწყოები,"Dingqi  — გენერატორები, კომპრესორები | Superi.ge","Dingqi  Superi.ge-ზე: 5 პროდუქტი — გენერატორები, კომპრესორები, სამშენებლო ხელსაწყოები. ✓ ოფიციალური გარანტია ✓ განვადება ✓ მიწოდება საქართველოში.",48,145
https://superi.ge/pro-plan/,PRO PLAN,Purina Pro Plan,5,ცხოველთა და ფრინველთა კვება,Purina Pro Plan — ცხოველთა და ფრინველთა კვება | Superi.ge,Purina Pro Plan Superi.ge-ზე: 5 პროდუქტი — ცხოველთა და ფრინველთა კვება. ✓ ოფიციალური გარანტია ✓ განვადება ✓ მიწოდება საქართველოში.,57,130
https://superi.ge/al-ko/,AL-KO,,5,გენერატორები | გაზონის საკრეჭი მანქანები,"AL-KO — გენერატორები, გაზონის საკრეჭი მანქანები | Superi.ge","AL-KO Superi.ge-ზე: 5 პროდუქტი — გენერატორები, გაზონის საკრეჭი მანქანები. ✓ ოფიციალური გარანტია ✓ განვადება ✓ მიწოდება საქართველოში.",59,132
https://superi.ge/korkmaz/,KORKMAZ ,Korkmaz ,5,ქვაბებისა და ტაფების ნაკრებები | სამზარეულოს დანები,Korkmaz  — ქვაბებისა და ტაფების ნაკრებები | Superi.ge,"Korkmaz  Superi.ge-ზე: 5 პროდუქტი — ქვაბებისა და ტაფების ნაკრებები, სამზარეულოს დანები. ✓ ოფიციალური გარანტია ✓ განვადება ✓ მიწოდება საქართველოში.",53,146
https://superi.ge/canyon/,CANYON ,Canyon ,5,პორტატული დამტენები | სმარტ საათები | ყურსასმენები,"Canyon  — პორტატული დამტენები, სმარტ საათები | Superi.ge","Canyon  Superi.ge-ზე: 5 პროდუქტი — პორტატული დამტენები, სმარტ საათები, ყურსასმენები. ✓ ოფიციალური გარანტია ✓ განვადება ✓ მიწოდება საქართველოში.",56,143
https://superi.ge/home-decor/,Home Decor,,5,ბაღის ავეჯის კომპლექტები | როუტერები,"Home Decor — ბაღის ავეჯის კომპლექტები, როუტერები | Superi.ge","Home Decor Superi.ge-ზე: 5 პროდუქტი — ბაღის ავეჯის კომპლექტები, როუტერები. ✓ ოფიციალური გარანტია ✓ განვადება ✓ მიწოდება საქართველოში.",60,133
https://superi.ge/kettler/,Kettler,,5,წყლის გამაცხელებლები | ტრენაჟორები,"Kettler — წყლის გამაცხელებლები, ტრენაჟორები | Superi.ge","Kettler Superi.ge-ზე: 5 პროდუქტი — წყლის გამაცხელებლები, ტრენაჟორები. ✓ ოფიციალური გარანტია ✓ განვადება ✓ მიწოდება საქართველოში.",55,128
https://superi.ge/arnica/,ARNICA,Arnica,5,მტვერსასრუტები | ბლენდერები,"Arnica — მტვერსასრუტები, ბლენდერები | Superi.ge","Arnica Superi.ge-ზე: 5 პროდუქტი — მტვერსასრუტები, ბლენდერები. ✓ ოფიციალური გარანტია ✓ განვადება ✓ მიწოდება საქართველოში.",47,120
https://superi.ge/nordictrack/,NordicTrack,,5,სარბენი ბილიკები | ტრენაჟორები,"NordicTrack — სარბენი ბილიკები, ტრენაჟორები | Superi.ge","NordicTrack Superi.ge-ზე: 5 პროდუქტი — სარბენი ბილიკები, ტრენაჟორები. ✓ ოფიციალური გარანტია ✓ განვადება ✓ მიწოდება საქართველოში.",55,128
https://superi.ge/amd/,AMD,,5,პროცესორები,AMD — პროცესორები | Superi.ge,AMD Superi.ge-ზე: 5 პროდუქტი — პროცესორები. ✓ ოფიციალური გარანტია ✓ განვადება ✓ მიწოდება საქართველოში.,29,102
https://superi.ge/valberg/,Valberg,,5,სეიფები,Valberg — სეიფები | Superi.ge,Valberg Superi.ge-ზე: 5 პროდუქტი — სეიფები. ✓ ოფიციალური გარანტია ✓ განვადება ✓ მიწოდება საქართველოში.,29,102
https://superi.ge/skyworth/,SKYWORTH ,Skyworth ,4,კონდიციონერები,Skyworth  — კონდიციონერები | Superi.ge,Skyworth  Superi.ge-ზე: 4 პროდუქტი — კონდიციონერები. ✓ ოფიციალური გარანტია ✓ განვადება ✓ მიწოდება საქართველოში.,38,111
https://superi.ge/ronix/,RONIX,Ronix,4,გენერატორები | სამშენებლო ხელსაწყოები | კომპრესორები,"Ronix — გენერატორები, სამშენებლო ხელსაწყოები | Superi.ge","Ronix Superi.ge-ზე: 4 პროდუქტი — გენერატორები, სამშენებლო ხელსაწყოები, კომპრესორები. ✓ ოფიციალური გარანტია ✓ განვადება ✓ მიწოდება საქართველოში.",56,143
https://superi.ge/fujifilm/,FUJIFILM,Fujifilm,4,ფოტოაპარატები,Fujifilm — ფოტოაპარატები | Superi.ge,Fujifilm Superi.ge-ზე: 4 პროდუქტი — ფოტოაპარატები. ✓ ოფიციალური გარანტია ✓ განვადება ✓ მიწოდება საქართველოში.,36,109
https://superi.ge/wokin/,Wokin,,4,კომპრესორები | გენერატორები,"Wokin — კომპრესორები, გენერატორები | Superi.ge","Wokin Superi.ge-ზე: 4 პროდუქტი — კომპრესორები, გენერატორები. ✓ ოფიციალური გარანტია ✓ განვადება ✓ მიწოდება საქართველოში.",46,119
https://superi.ge/keter/,Keter,,4,ბაღის ავეჯის კომპლექტები,Keter — ბაღის ავეჯის კომპლექტები | Superi.ge,Keter Superi.ge-ზე: 4 პროდუქტი — ბაღის ავეჯის კომპლექტები. ✓ ოფიციალური გარანტია ✓ განვადება ✓ მიწოდება საქართველოში.,44,117
https://superi.ge/kumtel/,KUMTEL,Kumtel,4,ელექტრო გამათბობლები | ქურის ზედაპირები,"Kumtel — ელექტრო გამათბობლები, ქურის ზედაპირები | Superi.ge","Kumtel Superi.ge-ზე: 4 პროდუქტი — ელექტრო გამათბობლები, ქურის ზედაპირები. ✓ ოფიციალური გარანტია ✓ განვადება ✓ მიწოდება საქართველოში.",59,132
https://superi.ge/marshall/,MARSHALL ,Marshall ,4,ყურსასმენები,Marshall  — ყურსასმენები | Superi.ge,Marshall  Superi.ge-ზე: 4 პროდუქტი — ყურსასმენები. ✓ ოფიციალური გარანტია ✓ განვადება ✓ მიწოდება საქართველოში.,36,109
https://superi.ge/nubi/,Nubi,,4,ყურსასმენები | მაუსები,"Nubi — ყურსასმენები, მაუსები | Superi.ge","Nubi Superi.ge-ზე: 4 პროდუქტი — ყურსასმენები, მაუსები. ✓ ოფიციალური გარანტია ✓ განვადება ✓ მიწოდება საქართველოში.",40,113
https://superi.ge/segway/,SEGWAY,Segway,4,სკუტერები,Segway — სკუტერები | Superi.ge,Segway Superi.ge-ზე: 4 პროდუქტი — სკუტერები. ✓ ოფიციალური გარანტია ✓ განვადება ✓ მიწოდება საქართველოში.,30,103
https://superi.ge/daewoo/,DAEWOO,Daewoo,3,სარეცხი მანქანები | ტელევიზორები,"Daewoo — სარეცხი მანქანები, ტელევიზორები | Superi.ge","Daewoo Superi.ge-ზე: 3 პროდუქტი — სარეცხი მანქანები, ტელევიზორები. ✓ ოფიციალური გარანტია ✓ განვადება ✓ მიწოდება საქართველოში.",52,125
https://superi.ge/thomson/,Thomson,,3,ტელევიზორები,Thomson — ტელევიზორები | Superi.ge,Thomson Superi.ge-ზე: 3 პროდუქტი — ტელევიზორები. ✓ ოფიციალური გარანტია ✓ განვადება ✓ მიწოდება საქართველოში.,34,107
https://superi.ge/simfer/,SIMFER ,Simfer ,3,მაცივრები | გამწოვები | გაზქურები,"Simfer  — მაცივრები, გამწოვები, გაზქურები | Superi.ge","Simfer  Superi.ge-ზე: 3 პროდუქტი — მაცივრები, გამწოვები, გაზქურები. ✓ ოფიციალური გარანტია ✓ განვადება ✓ მიწოდება საქართველოში.",53,126
https://superi.ge/tamkera/,TAMKERA,Tamkera,3,გაზის გამათბობლები,Tamkera — გაზის გამათბობლები | Superi.ge,Tamkera Superi.ge-ზე: 3 პროდუქტი — გაზის გამათბობლები. ✓ ოფიციალური გარანტია ✓ განვადება ✓ მიწოდება საქართველოში.,40,113
https://superi.ge/karma/,karma,,3,გაზის გამათბობლები,karma — გაზის გამათბობლები | Superi.ge,karma Superi.ge-ზე: 3 პროდუქტი — გაზის გამათბობლები. ✓ ოფიციალური გარანტია ✓ განვადება ✓ მიწოდება საქართველოში.,38,111
https://superi.ge/llorens/,LLORENS,Llorens,3,სათამაშოები,Llorens — სათამაშოები | Superi.ge,Llorens Superi.ge-ზე: 3 პროდუქტი — სათამაშოები. ✓ ოფიციალური გარანტია ✓ განვადება ✓ მიწოდება საქართველოში.,33,106
https://superi.ge/singer/,SINGER,Singer,3,საკერავი მანქანები,Singer (სინგერი) — საკერავი მანქანები | Superi.ge,Singer Superi.ge-ზე: 3 პროდუქტი — საკერავი მანქანები. ✓ ოფიციალური გარანტია ✓ განვადება ✓ მიწოდება საქართველოში.,49,112
https://superi.ge/black-and-decker/, BLACK & DECKER, Black & Decker,3,გაზონის საკრეჭი მანქანები, Black & Decker — გაზონის საკრეჭი მანქანები | Superi.ge, Black & Decker Superi.ge-ზე: 3 პროდუქტი — გაზონის საკრეჭი მანქანები. ✓ ოფიციალური გარანტია ✓ განვადება ✓ მიწოდება საქართველოში.,55,128
https://superi.ge/trust/,Trust,,3,პორტატული დამტენები,Trust — პორტატული დამტენები | Superi.ge,Trust Superi.ge-ზე: 3 პროდუქტი — პორტატული დამტენები. ✓ ოფიციალური გარანტია ✓ განვადება ✓ მიწოდება საქართველოში.,39,112
https://superi.ge/reflecta/,REFLECTA,Reflecta,3,პროექტორის ეკრანები,Reflecta — პროექტორის ეკრანები | Superi.ge,Reflecta Superi.ge-ზე: 3 პროდუქტი — პროექტორის ეკრანები. ✓ ოფიციალური გარანტია ✓ განვადება ✓ მიწოდება საქართველოში.,42,115
https://superi.ge/berllong/,BERLLONG ,Berllong ,3,ქვაბებისა და ტაფების ნაკრებები,Berllong  — ქვაბებისა და ტაფების ნაკრებები | Superi.ge,Berllong  Superi.ge-ზე: 3 პროდუქტი — ქვაბებისა და ტაფების ნაკრებები. ✓ ოფიციალური გარანტია ✓ განვადება ✓ მიწოდება საქართველოში.,54,127
https://superi.ge/hecht/,HECHT,Hecht,3,ხელის ტრაქტორები | კომპრესორები | აუზები და აქსესუარები,"Hecht — ხელის ტრაქტორები, კომპრესორები | Superi.ge","Hecht Superi.ge-ზე: 3 პროდუქტი — ხელის ტრაქტორები, კომპრესორები, აუზები და აქსესუარები. ✓ ოფიციალური გარანტია ✓ განვადება ✓ მიწოდება საქართველოში.",50,146
https://superi.ge/luxell/,LUXELL,Luxell,3,გამწოვები | ქურის ზედაპირები,"Luxell — გამწოვები, ქურის ზედაპირები | Superi.ge","Luxell Superi.ge-ზე: 3 პროდუქტი — გამწოვები, ქურის ზედაპირები. ✓ ოფიციალური გარანტია ✓ განვადება ✓ მიწოდება საქართველოში.",48,121
https://superi.ge/allx/,ALLX,,3,გეიმინგ სავარძლები,ALLX — გეიმინგ სავარძლები | Superi.ge,ALLX Superi.ge-ზე: 3 პროდუქტი — გეიმინგ სავარძლები. ✓ ოფიციალური გარანტია ✓ განვადება ✓ მიწოდება საქართველოში.,37,110
https://superi.ge/xerox/,XEROX,Xerox,3,"პრინტერები და მრავალფუნქციური მოწყობილობები | კარტრიჯები, საღებავები, ქაღალდი",Xerox — პრინტერები და მრავალფუნქციური მოწყობილობები | Superi.ge,"Xerox Superi.ge-ზე: 3 პროდუქტი — პრინტერები და მრავალფუნქციური მოწყობილობები, კარტრიჯები, საღებავები, ქაღალდი. ✓ ოფიციალური გარანტია ✓ მიწოდება საქართველოში.",63,157
https://superi.ge/wanbo/,wanbo,Wanbo,3,პროექტორები | პროექტორები და აქსესუარები,"Wanbo — პროექტორები, პროექტორები და აქსესუარები | Superi.ge","Wanbo Superi.ge-ზე: 3 პროდუქტი — პროექტორები, პროექტორები და აქსესუარები. ✓ ოფიციალური გარანტია ✓ განვადება ✓ მიწოდება საქართველოში.",59,132
https://superi.ge/arzum/,ARZUM,Arzum,3,აეროგრილები | ყავის აპარატები,"Arzum — აეროგრილები, ყავის აპარატები | Superi.ge","Arzum Superi.ge-ზე: 3 პროდუქტი — აეროგრილები, ყავის აპარატები. ✓ ოფიციალური გარანტია ✓ განვადება ✓ მიწოდება საქართველოში.",48,121
https://superi.ge/infinix/,INFINIX,Infinix,2,მობილური ტელეფონები | აუზები და აქსესუარები,"Infinix — მობილური ტელეფონები, აუზები და აქსესუარები | Superi.ge","Infinix Superi.ge-ზე: 2 პროდუქტი — მობილური ტელეფონები, აუზები და აქსესუარები. ✓ ოფიციალური გარანტია ✓ განვადება ✓ მიწოდება საქართველოში.",64,137
https://superi.ge/google-pixel/,GOOGLE PIXEL,Google Pixel,2,მობილური ტელეფონები,Google Pixel — მობილური ტელეფონები | Superi.ge,Google Pixel Superi.ge-ზე: 2 პროდუქტი — მობილური ტელეფონები. ✓ ოფიციალური გარანტია ✓ განვადება ✓ მიწოდება საქართველოში.,46,119
https://superi.ge/nothing-phone/,NOTHING PHONE,Nothing Phone,2,მობილური ტელეფონები,Nothing Phone — მობილური ტელეფონები | Superi.ge,Nothing Phone Superi.ge-ზე: 2 პროდუქტი — მობილური ტელეფონები. ✓ ოფიციალური გარანტია ✓ განვადება ✓ მიწოდება საქართველოში.,47,120
https://superi.ge/riken/,RIKEN,Riken,2,საბურავები,Riken — საბურავები | Superi.ge,Riken Superi.ge-ზე: 2 პროდუქტი — საბურავები. ✓ ოფიციალური გარანტია ✓ განვადება ✓ მიწოდება საქართველოში.,30,103
https://superi.ge/regal/,REGAL,Regal,2,მაცივრები | სარეცხი მანქანები,"Regal — მაცივრები, სარეცხი მანქანები | Superi.ge","Regal Superi.ge-ზე: 2 პროდუქტი — მაცივრები, სარეცხი მანქანები. ✓ ოფიციალური გარანტია ✓ განვადება ✓ მიწოდება საქართველოში.",48,121
https://superi.ge/polaroid/,POLAROID,Polaroid,2,ფოტოაპარატები,Polaroid — ფოტოაპარატები | Superi.ge,Polaroid Superi.ge-ზე: 2 პროდუქტი — ფოტოაპარატები. ✓ ოფიციალური გარანტია ✓ განვადება ✓ მიწოდება საქართველოში.,36,109
https://superi.ge/scheppach/,Scheppach,,2,გენერატორები | გაზონის საკრეჭი მანქანები,"Scheppach — გენერატორები, გაზონის საკრეჭი მანქანები | Superi.ge","Scheppach Superi.ge-ზე: 2 პროდუქტი — გენერატორები, გაზონის საკრეჭი მანქანები. ✓ ოფიციალური გარანტია ✓ განვადება ✓ მიწოდება საქართველოში.",63,136
https://superi.ge/leo/,LEO,,2,გენერატორები,LEO — გენერატორები | Superi.ge,LEO Superi.ge-ზე: 2 პროდუქტი — გენერატორები. ✓ ოფიციალური გარანტია ✓ განვადება ✓ მიწოდება საქართველოში.,30,103
https://superi.ge/crown/,Crown,,2,გენერატორები | ვენტილატორები,"Crown — გენერატორები, ვენტილატორები | Superi.ge","Crown Superi.ge-ზე: 2 პროდუქტი — გენერატორები, ვენტილატორები. ✓ ოფიციალური გარანტია ✓ განვადება ✓ მიწოდება საქართველოში.",47,120
https://superi.ge/bernette/,Bernette ,,2,საკერავი მანქანები,Bernette  — საკერავი მანქანები | Superi.ge,Bernette  Superi.ge-ზე: 2 პროდუქტი — საკერავი მანქანები. ✓ ოფიციალური გარანტია ✓ განვადება ✓ მიწოდება საქართველოში.,42,115
https://superi.ge/dewalt-instrumentebi/,Dewalt,DeWalt,2,გაზონის საკრეჭი მანქანები,DeWalt — გაზონის საკრეჭი მანქანები | Superi.ge,DeWalt Superi.ge-ზე: 2 პროდუქტი — გაზონის საკრეჭი მანქანები. ✓ ოფიციალური გარანტია ✓ განვადება ✓ მიწოდება საქართველოში.,46,119
https://superi.ge/allibert/,Allibert,,2,ბაღის ავეჯის კომპლექტები,Allibert — ბაღის ავეჯის კომპლექტები | Superi.ge,Allibert Superi.ge-ზე: 2 პროდუქტი — ბაღის ავეჯის კომპლექტები. ✓ ოფიციალური გარანტია ✓ განვადება ✓ მიწოდება საქართველოში.,47,120
https://superi.ge/falez/,FALEZ,Falez,2,ქვაბებისა და ტაფების ნაკრებები,Falez — ქვაბებისა და ტაფების ნაკრებები | Superi.ge,Falez Superi.ge-ზე: 2 პროდუქტი — ქვაბებისა და ტაფების ნაკრებები. ✓ ოფიციალური გარანტია ✓ განვადება ✓ მიწოდება საქართველოში.,50,123
https://superi.ge/energizer/,Energizer,,2,აკუმულატორები,Energizer — აკუმულატორები | Superi.ge,Energizer Superi.ge-ზე: 2 პროდუქტი — აკუმულატორები. ✓ ოფიციალური გარანტია ✓ განვადება ✓ მიწოდება საქართველოში.,37,110
https://superi.ge/technics/,Technics,,2,ყურსასმენები,Technics — ყურსასმენები | Superi.ge,Technics Superi.ge-ზე: 2 პროდუქტი — ყურსასმენები. ✓ ოფიციალური გარანტია ✓ განვადება ✓ მიწოდება საქართველოში.,35,108
https://superi.ge/nintendo/,NINTENDO,Nintendo,2,კონსოლები და აქსესუარები,Nintendo — კონსოლები და აქსესუარები | Superi.ge,Nintendo Superi.ge-ზე: 2 პროდუქტი — კონსოლები და აქსესუარები. ✓ ოფიციალური გარანტია ✓ განვადება ✓ მიწოდება საქართველოში.,47,120
https://superi.ge/total/,TOTAL,Total,2,სათიბები | ხელის ინსტრუმენტები,"Total — სათიბები, ხელის ინსტრუმენტები | Superi.ge","Total Superi.ge-ზე: 2 პროდუქტი — სათიბები, ხელის ინსტრუმენტები. ✓ ოფიციალური გარანტია ✓ განვადება ✓ მიწოდება საქართველოში.",49,122
https://superi.ge/itimat/,itimat,Itimat,2,ელექტრო ღუმელები,Itimat — ელექტრო ღუმელები | Superi.ge,Itimat Superi.ge-ზე: 2 პროდუქტი — ელექტრო ღუმელები. ✓ ოფიციალური გარანტია ✓ განვადება ✓ მიწოდება საქართველოში.,37,110
https://superi.ge/karcher/,KARCHER,Kärcher,2,მტვერსასრუტები,Kärcher (კერხერი) — მტვერსასრუტები | Superi.ge,Kärcher Superi.ge-ზე: 2 პროდუქტი — მტვერსასრუტები. ✓ ოფიციალური გარანტია ✓ განვადება ✓ მიწოდება საქართველოში.,46,109
https://superi.ge/rowenta/,Rowenta,,2,მტვერსასრუტები | ჰაერის გამწმენდი და დამატენიანებლები,Rowenta (როვენტა) — მტვერსასრუტები | Superi.ge,"Rowenta Superi.ge-ზე: 2 პროდუქტი — მტვერსასრუტები, ჰაერის გამწმენდი და დამატენიანებლები. ✓ ოფიციალური გარანტია ✓ განვადება ✓ მიწოდება საქართველოში.",46,147
https://superi.ge/lydsto/,Lydsto,,2,მტვერსასრუტები,Lydsto — მტვერსასრუტები | Superi.ge,Lydsto Superi.ge-ზე: 2 პროდუქტი — მტვერსასრუტები. ✓ ოფიციალური გარანტია ✓ განვადება ✓ მიწოდება საქართველოში.,35,108
https://superi.ge/kukirin/,Kukirin ,,2,სკუტერები,Kukirin  — სკუტერები | Superi.ge,Kukirin  Superi.ge-ზე: 2 პროდუქტი — სკუტერები. ✓ ოფიციალური გარანტია ✓ განვადება ✓ მიწოდება საქართველოში.,32,105
https://superi.ge/pro-form/,PRO-FORM,Pro-Form,2,ტრენაჟორები,Pro-Form — ტრენაჟორები | Superi.ge,Pro-Form Superi.ge-ზე: 2 პროდუქტი — ტრენაჟორები. ✓ ოფიციალური გარანტია ✓ განვადება ✓ მიწოდება საქართველოში.,34,107
https://superi.ge/masterlock/,MasterLock,Master Lock,2,სეიფები,Master Lock — სეიფები | Superi.ge,Master Lock Superi.ge-ზე: 2 პროდუქტი — სეიფები. ✓ ოფიციალური გარანტია ✓ განვადება ✓ მიწოდება საქართველოში.,33,106
https://superi.ge/sanny/,SANNY,Sanny,1,ტელევიზორები,Sanny — ტელევიზორები | Superi.ge,Sanny Superi.ge-ზე — ტელევიზორები. ✓ ოფიციალური გარანტია ✓ განვადება ✓ მიწოდება საქართველოში.,32,93
https://superi.ge/onvo/,ONVO,Onvo,1,ტელევიზორები,Onvo — ტელევიზორები | Superi.ge,Onvo Superi.ge-ზე — ტელევიზორები. ✓ ოფიციალური გარანტია ✓ განვადება ✓ მიწოდება საქართველოში.,31,92
https://superi.ge/zellmer/,ZELLMER ,Zellmer ,1,კონდიციონერები,Zellmer  — კონდიციონერები | Superi.ge,Zellmer  Superi.ge-ზე — კონდიციონერები. ✓ ოფიციალური გარანტია ✓ განვადება ✓ მიწოდება საქართველოში.,37,98
https://superi.ge/daikin/,Daikin,,1,კონდიციონერები,Daikin (დაიკინი) — კონდიციონერები | Superi.ge,Daikin Superi.ge-ზე — კონდიციონერები. ✓ ოფიციალური გარანტია ✓ განვადება ✓ მიწოდება საქართველოში.,45,96
https://superi.ge/totem/,TOTEM,Totem,1,ველოსიპედები,Totem — ველოსიპედები | Superi.ge,Totem Superi.ge-ზე — ველოსიპედები. ✓ ოფიციალური გარანტია ✓ განვადება ✓ მიწოდება საქართველოში.,32,93
https://superi.ge/roadmarch/,ROADMARCH,Roadmarch,1,საბურავები,Roadmarch — საბურავები | Superi.ge,Roadmarch Superi.ge-ზე — საბურავები. ✓ ოფიციალური გარანტია ✓ განვადება ✓ მიწოდება საქართველოში.,34,95
https://superi.ge/chuwi/,chuwi ,,1,მონობლოკები (All-in-One),chuwi  — მონობლოკები (All-in-One) | Superi.ge,chuwi  Superi.ge-ზე — მონობლოკები (all-in-one). ✓ ოფიციალური გარანტია ✓ განვადება ✓ მიწოდება საქართველოში.,45,106
https://superi.ge/wadfow/,WADFOW ,Wadfow ,1,გენერატორები,Wadfow  — გენერატორები | Superi.ge,Wadfow  Superi.ge-ზე — გენერატორები. ✓ ოფიციალური გარანტია ✓ განვადება ✓ მიწოდება საქართველოში.,34,95
https://superi.ge/choetech/,CHOETECH,Choetech,1,პორტატული დამტენები,Choetech — პორტატული დამტენები | Superi.ge,Choetech Superi.ge-ზე — პორტატული დამტენები. ✓ ოფიციალური გარანტია ✓ განვადება ✓ მიწოდება საქართველოში.,42,103
https://superi.ge/burio/,BURIO,Burio,1,პროექტორის ეკრანები,Burio — პროექტორის ეკრანები | Superi.ge,Burio Superi.ge-ზე — პროექტორის ეკრანები. ✓ ოფიციალური გარანტია ✓ განვადება ✓ მიწოდება საქართველოში.,39,100
https://superi.ge/garden-star/,Garden Star,,1,ბაღის ავეჯის კომპლექტები,Garden Star — ბაღის ავეჯის კომპლექტები | Superi.ge,Garden Star Superi.ge-ზე — ბაღის ავეჯის კომპლექტები. ✓ ოფიციალური გარანტია ✓ განვადება ✓ მიწოდება საქართველოში.,50,111
https://superi.ge/rattan/,Rattan,,1,ბაღის ავეჯის კომპლექტები,Rattan — ბაღის ავეჯის კომპლექტები | Superi.ge,Rattan Superi.ge-ზე — ბაღის ავეჯის კომპლექტები. ✓ ოფიციალური გარანტია ✓ განვადება ✓ მიწოდება საქართველოში.,45,106
https://superi.ge/koopman/,Koopman,,1,ბაღის ავეჯის კომპლექტები,Koopman — ბაღის ავეჯის კომპლექტები | Superi.ge,Koopman Superi.ge-ზე — ბაღის ავეჯის კომპლექტები. ✓ ოფიციალური გარანტია ✓ განვადება ✓ მიწოდება საქართველოში.,46,107
https://superi.ge/dysis/,DYSIS,Dysis,1,ელექტრო გამათბობლები,Dysis — ელექტრო გამათბობლები | Superi.ge,Dysis Superi.ge-ზე — ელექტრო გამათბობლები. ✓ ოფიციალური გარანტია ✓ განვადება ✓ მიწოდება საქართველოში.,40,101
https://superi.ge/hotpoint-ariston/,HOTPOINT-ARISTON,Hotpoint-Ariston,1,სარეცხი მანქანები,Hotpoint-Ariston — სარეცხი მანქანები | Superi.ge,Hotpoint-Ariston Superi.ge-ზე — სარეცხი მანქანები. ✓ ოფიციალური გარანტია ✓ განვადება ✓ მიწოდება საქართველოში.,48,109
https://superi.ge/whirlpool/,WHIRLPOOL,Whirlpool,1,სარეცხი მანქანები,Whirlpool (ვირპული) — სარეცხი მანქანები | Superi.ge,Whirlpool Superi.ge-ზე — სარეცხი მანქანები. ✓ ოფიციალური გარანტია ✓ განვადება ✓ მიწოდება საქართველოში.,51,102
https://superi.ge/autopower/,AUTOPOWER ,Autopower ,1,აკუმულატორები,Autopower  — აკუმულატორები | Superi.ge,Autopower  Superi.ge-ზე — აკუმულატორები. ✓ ოფიციალური გარანტია ✓ განვადება ✓ მიწოდება საქართველოში.,38,99
https://superi.ge/goodyear/,GOODYEAR ,Goodyear ,1,აკუმულატორები,Goodyear  — აკუმულატორები | Superi.ge,Goodyear  Superi.ge-ზე — აკუმულატორები. ✓ ოფიციალური გარანტია ✓ განვადება ✓ მიწოდება საქართველოში.,37,98
https://superi.ge/exide/,EXIDE,Exide,1,აკუმულატორები,Exide — აკუმულატორები | Superi.ge,Exide Superi.ge-ზე — აკუმულატორები. ✓ ოფიციალური გარანტია ✓ განვადება ✓ მიწოდება საქართველოში.,33,94
https://superi.ge/dahua/,Dahua,,1,მონიტორები,Dahua — მონიტორები | Superi.ge,Dahua Superi.ge-ზე — მონიტორები. ✓ ოფიციალური გარანტია ✓ განვადება ✓ მიწოდება საქართველოში.,30,91
https://superi.ge/storm/,STORM ,Storm ,1,ხელის ტრაქტორები,Storm  — ხელის ტრაქტორები | Superi.ge,Storm  Superi.ge-ზე — ხელის ტრაქტორები. ✓ ოფიციალური გარანტია ✓ განვადება ✓ მიწოდება საქართველოში.,37,98
https://superi.ge/eurosystems/,EUROSYSTEMS ,Eurosystems ,1,ხელის ტრაქტორები,Eurosystems  — ხელის ტრაქტორები | Superi.ge,Eurosystems  Superi.ge-ზე — ხელის ტრაქტორები. ✓ ოფიციალური გარანტია ✓ განვადება ✓ მიწოდება საქართველოში.,43,104
https://superi.ge/harman-kardon/,HARMAN/KARDON,Harman/Kardon,1,ყურსასმენები,Harman/Kardon — ყურსასმენები | Superi.ge,Harman/Kardon Superi.ge-ზე — ყურსასმენები. ✓ ოფიციალური გარანტია ✓ განვადება ✓ მიწოდება საქართველოში.,40,101
https://superi.ge/aukey/,Aukey,,1,ყურსასმენები,Aukey — ყურსასმენები | Superi.ge,Aukey Superi.ge-ზე — ყურსასმენები. ✓ ოფიციალური გარანტია ✓ განვადება ✓ მიწოდება საქართველოში.,32,93
https://superi.ge/ilitek/,ILITEK,Ilitek,1,ვენტილატორები,Ilitek — ვენტილატორები | Superi.ge,Ilitek Superi.ge-ზე — ვენტილატორები. ✓ ოფიციალური გარანტია ✓ განვადება ✓ მიწოდება საქართველოში.,34,95
https://superi.ge/xbox/,XBOX,Xbox,1,კონსოლები და აქსესუარები,Xbox — კონსოლები და აქსესუარები | Superi.ge,Xbox Superi.ge-ზე — კონსოლები და აქსესუარები. ✓ ოფიციალური გარანტია ✓ განვადება ✓ მიწოდება საქართველოში.,43,104
https://superi.ge/2k/,2K,,1,კონსოლები და აქსესუარები,2K — კონსოლები და აქსესუარები | Superi.ge,2K Superi.ge-ზე — კონსოლები და აქსესუარები. ✓ ოფიციალური გარანტია ✓ განვადება ✓ მიწოდება საქართველოში.,41,102
https://superi.ge/luminarc/,Luminarc,,1,ჭურჭელი,Luminarc — ჭურჭელი | Superi.ge,Luminarc Superi.ge-ზე — ჭურჭელი. ✓ ოფიციალური გარანტია ✓ განვადება ✓ მიწოდება საქართველოში.,30,91
https://superi.ge/galanz/,GALANZ,Galanz,1,ჭურჭლის სარეცხი მანქანები,Galanz — ჭურჭლის სარეცხი მანქანები | Superi.ge,Galanz Superi.ge-ზე — ჭურჭლის სარეცხი მანქანები. ✓ ოფიციალური გარანტია ✓ განვადება ✓ მიწოდება საქართველოში.,46,107
https://superi.ge/manamo/,MANAMO,Manamo,1,ტექსტილი,Manamo — ტექსტილი | Superi.ge,Manamo Superi.ge-ზე — ტექსტილი. ✓ ოფიციალური გარანტია ✓ განვადება ✓ მიწოდება საქართველოში.,29,90
https://superi.ge/ariston/,ARISTON,Ariston,1,ცენტრალური გათბობის ქვაბები,Ariston — ცენტრალური გათბობის ქვაბები | Superi.ge,Ariston Superi.ge-ზე — ცენტრალური გათბობის ქვაბები. ✓ ოფიციალური გარანტია ✓ განვადება ✓ მიწოდება საქართველოში.,49,110
https://superi.ge/yenkee/,YENKEE ,Yenkee ,1,გეიმინგ სავარძლები,Yenkee  — გეიმინგ სავარძლები | Superi.ge,Yenkee  Superi.ge-ზე — გეიმინგ სავარძლები. ✓ ოფიციალური გარანტია ✓ განვადება ✓ მიწოდება საქართველოში.,40,101
https://superi.ge/thermaltake/,ThermalTake,Thermaltake,1,გეიმინგ სავარძლები,Thermaltake — გეიმინგ სავარძლები | Superi.ge,Thermaltake Superi.ge-ზე — გეიმინგ სავარძლები. ✓ ოფიციალური გარანტია ✓ განვადება ✓ მიწოდება საქართველოში.,44,105
https://superi.ge/playseat/,Playseat,,1,გეიმინგ სავარძლები,Playseat — გეიმინგ სავარძლები | Superi.ge,Playseat Superi.ge-ზე — გეიმინგ სავარძლები. ✓ ოფიციალური გარანტია ✓ განვადება ✓ მიწოდება საქართველოში.,41,102
https://superi.ge/thermex/,THERMEX,Thermex,1,წყლის გამაცხელებლები,Thermex — წყლის გამაცხელებლები | Superi.ge,Thermex Superi.ge-ზე — წყლის გამაცხელებლები. ✓ ოფიციალური გარანტია ✓ განვადება ✓ მიწოდება საქართველოში.,42,103
https://superi.ge/ilife/,ILIFE,Ilife,1,მტვერსასრუტები,Ilife — მტვერსასრუტები | Superi.ge,Ilife Superi.ge-ზე — მტვერსასრუტები. ✓ ოფიციალური გარანტია ✓ განვადება ✓ მიწოდება საქართველოში.,34,95
https://superi.ge/lavor/,LAVOR,Lavor,1,მტვერსასრუტები,Lavor — მტვერსასრუტები | Superi.ge,Lavor Superi.ge-ზე — მტვერსასრუტები. ✓ ოფიციალური გარანტია ✓ განვადება ✓ მიწოდება საქართველოში.,34,95
https://superi.ge/evii/,EVII,,1,ჩასაშენებელი ღუმელები,EVII — ჩასაშენებელი ღუმელები | Superi.ge,EVII Superi.ge-ზე — ჩასაშენებელი ღუმელები. ✓ ოფიციალური გარანტია ✓ განვადება ✓ მიწოდება საქართველოში.,40,101
https://superi.ge/aurzen/,Aurzen,,1,პროექტორები და აქსესუარები,Aurzen — პროექტორები და აქსესუარები | Superi.ge,Aurzen Superi.ge-ზე — პროექტორები და აქსესუარები. ✓ ოფიციალური გარანტია ✓ განვადება ✓ მიწოდება საქართველოში.,47,108
https://superi.ge/byintek/,BYINTEK,Byintek,1,პროექტორები,Byintek — პროექტორები | Superi.ge,Byintek Superi.ge-ზე — პროექტორები. ✓ ოფიციალური გარანტია ✓ განვადება ✓ მიწოდება საქართველოში.,33,94
https://superi.ge/vivitek/,Vivitek ,,1,პროექტორები,Vivitek  — პროექტორები | Superi.ge,Vivitek  Superi.ge-ზე — პროექტორები. ✓ ოფიციალური გარანტია ✓ განვადება ✓ მიწოდება საქართველოში.,34,95
https://superi.ge/sokany/,SOKANY,Sokany,1,აეროგრილები,Sokany — აეროგრილები | Superi.ge,Sokany Superi.ge-ზე — აეროგრილები. ✓ ოფიციალური გარანტია ✓ განვადება ✓ მიწოდება საქართველოში.,32,93
https://superi.ge/tenda/,TENDA,Tenda,1,როუტერები,Tenda — როუტერები | Superi.ge,Tenda Superi.ge-ზე — როუტერები. ✓ ოფიციალური გარანტია ✓ განვადება ✓ მიწოდება საქართველოში.,29,90
https://superi.ge/kugoo/,KUGOO ,Kugoo ,1,სკუტერები,Kugoo  — სკუტერები | Superi.ge,Kugoo  Superi.ge-ზე — სკუტერები. ✓ ოფიციალური გარანტია ✓ განვადება ✓ მიწოდება საქართველოში.,30,91
https://superi.ge/vileda/,VILEDA,Vileda,1,სარეცხ-საწმენდი საშუალებები,Vileda — სარეცხ-საწმენდი საშუალებები | Superi.ge,Vileda Superi.ge-ზე — სარეცხ-საწმენდი საშუალებები. ✓ ოფიციალური გარანტია ✓ განვადება ✓ მიწოდება საქართველოში.,48,109
https://superi.ge/kleaner/,KLEANER,Kleaner,1,სარეცხ-საწმენდი საშუალებები,Kleaner — სარეცხ-საწმენდი საშუალებები | Superi.ge,Kleaner Superi.ge-ზე — სარეცხ-საწმენდი საშუალებები. ✓ ოფიციალური გარანტია ✓ განვადება ✓ მიწოდება საქართველოში.,49,110
https://superi.ge/inno3d/,INNO3D,Inno3D,1,ვიდეო ბარათები,Inno3D — ვიდეო ბარათები | Superi.ge,Inno3D Superi.ge-ზე — ვიდეო ბარათები. ✓ ოფიციალური გარანტია ✓ განვადება ✓ მიწოდება საქართველოში.,35,96
https://superi.ge/toorx/,TOORX ,Toorx ,1,სარბენი ბილიკები,Toorx  — სარბენი ბილიკები | Superi.ge,Toorx  Superi.ge-ზე — სარბენი ბილიკები. ✓ ოფიციალური გარანტია ✓ განვადება ✓ მიწოდება საქართველოში.,37,98
https://superi.ge/promet/,Promet,,1,სეიფები,Promet — სეიფები | Superi.ge,Promet Superi.ge-ზე — სეიფები. ✓ ოფიციალური გარანტია ✓ განვადება ✓ მიწოდება საქართველოში.,28,89
https://superi.ge/group-limited/,GROUP LIMITED,Group Limited,1,სეიფები,Group Limited — სეიფები | Superi.ge,Group Limited Superi.ge-ზე — სეიფები. ✓ ოფიციალური გარანტია ✓ განვადება ✓ მიწოდება საქართველოში.,35,96
https://superi.ge/safewell/,Safewell,,1,სეიფები,Safewell — სეიფები | Superi.ge,Safewell Superi.ge-ზე — სეიფები. ✓ ოფიციალური გარანტია ✓ განვადება ✓ მიწოდება საქართველოში.,30,91
https://superi.ge/gravastar/,GravaStar,,1,მაუსები,GravaStar — მაუსები | Superi.ge,GravaStar Superi.ge-ზე — მაუსები. ✓ ოფიციალური გარანტია ✓ განვადება ✓ მიწოდება საქართველოში.,31,92
https://superi.ge/crown-micro/,Crown Micro,,1,მაუსები,Crown Micro — მაუსები | Superi.ge,Crown Micro Superi.ge-ზე — მაუსები. ✓ ოფიციალური გარანტია ✓ განვადება ✓ მიწოდება საქართველოში.,33,94
