category_id,url,სახელი_ახლა,სახელი/H1_შემოთავაზება,page_title_ახლა,page_title_ახალი,meta_description_ახლა,meta_description_ახალი,title_სიგრძე,description_სიგრძე,პროდუქტები
6,https://superi.ge/teqnika/,ტექნიკა,,ტექნიკა — საუკეთესო ფასები | Superi.ge,ტექნიკა და ელექტრონიკა — ონლაინ მაღაზია | Superi.ge,ტექნიკა Superi.ge-ზე: ✓ ნაწილ-ნაწილ გადახდა ✓ უფასო მიწოდება თბილისში 100₾-დან ✓ მიწოდება მთელ საქართველოში.,"4 800+ პროდუქტი: ტელეფონები, ტელევიზორები, ნოუთბუქები, მაცივრები, კონდიციონერები და სხვა ტექნიკა. ✓ განვადება ✓ უფასო მიწოდება თბილისში 100₾-დან.",51,145,4894
24,https://superi.ge/sakopatskhovrebo-teqnika/,საყოფაცხოვრებო ტექნიკა,,საყოფაცხოვრებო ტექნიკა — საუკეთესო ფასები | Superi.ge,"საყოფაცხოვრებო ტექნიკა — მაცივრები, სარეცხი მანქანები | Superi.ge",საყოფაცხოვრებო ტექნიკა Superi.ge-ზე: ✓ ნაწილ-ნაწილ გადახდა ✓ უფასო მიწოდება თბილისში 100₾-დან ✓ მიწოდება მთელ საქართველოში.,"1 300+ მოდელი: მაცივრები, სარეცხი და ჭურჭლის სარეცხი მანქანები, ღუმელები, გამწოვები. Gorenje, Beko, Midea, LG. ✓ განვადება ✓ უფასო მიწოდება თბილისში 100₾-დან.",65,158,1363
26,https://superi.ge/noutbuqebi-kompiuterebi-monitorebi/,"ნოუთბუქები, კომპიუტერები, მონიტორები",,"ნოუთბუქები, კომპიუტერები, მონიტორები — საუკეთესო ფასები | Superi.ge","ნოუთბუქები, კომპიუტერები, მონიტორები | Superi.ge","ნოუთბუქები, კომპიუტერები, მონიტორები Superi.ge-ზე: ✓ ნაწილ-ნაწილ გადახდა ✓ უფასო მიწოდება თბილისში 100₾-დან ✓ მიწოდება მთელ საქართველოში.","750+ პროდუქტი: ნოუთბუქები, მონობლოკები, მონიტორები, კომპიუტერის ნაწილები და აქსესუარები. Asus, Lenovo, Samsung. ✓ განვადება ✓ უფასო მიწოდება თბილისში 100₾-დან.",48,159,759
9,https://superi.ge/telefonebi-tabletebi/,"ტელეფონები, ტაბლეტები, ელექტრონული წიგნები",,"ტელეფონები, ტაბლეტები, ელექტრონული წიგნები — საუკეთესო ფასები | Superi.ge","ტელეფონები, ტაბლეტები, სმარტ საათები | Superi.ge","ტელეფონები, ტაბლეტები, ელექტრონული წიგნები Superi.ge-ზე: ✓ ნაწილ-ნაწილ გადახდა ✓ უფასო მიწოდება თბილისში 100₾-დან ✓ მიწოდება მთელ საქართველოში.","700+ პროდუქტი: სმარტფონები, ტაბლეტები, ყურსასმენები, სმარტ საათები და აქსესუარები. Samsung, Apple, Honor, Xiaomi. ✓ უფასო მიწოდება თბილისში 100₾-დან.",48,149,744
49,https://superi.ge/samzarelos-teqnika/,სამზარეულოს ტექნიკა,,სამზარეულოს ტექნიკა — საუკეთესო ფასები | Superi.ge,"სამზარეულოს ტექნიკა — აეროგრილები, ყავის აპარატები | Superi.ge",სამზარეულოს ტექნიკა Superi.ge-ზე: ✓ ნაწილ-ნაწილ გადახდა ✓ უფასო მიწოდება თბილისში 100₾-დან ✓ მიწოდება მთელ საქართველოში.,"550+ მოდელი: მიკროტალღური ღუმელები, აეროგრილები, ბლენდერები, ჩაიდნები, ყავის აპარატები. Gorenje, Midea, Braun. ✓ განვადება ✓ უფასო მიწოდება თბილისში 100₾-დან.",62,158,577
15,https://superi.ge/klimaturi-teqnika/,კლიმატური ტექნიკა,,კლიმატური ტექნიკა — საუკეთესო ფასები | Superi.ge,"კლიმატური ტექნიკა — კონდიციონერები, გამათბობლები | Superi.ge",კლიმატური ტექნიკა Superi.ge-ზე: ✓ ნაწილ-ნაწილ გადახდა ✓ უფასო მიწოდება თბილისში 100₾-დან ✓ მიწოდება მთელ საქართველოში.,"450+ მოდელი: კონდიციონერები, გაზის და ელექტრო გამათბობლები, გათბობის ქვაბები, წყლის გამაცხელებლები. ✓ განვადება ✓ უფასო მიწოდება თბილისში 100₾-დან.",60,147,489
25,https://superi.ge/macivrebi/,მაცივრები,,მაცივრები — საუკეთესო ფასები | Superi.ge,"მაცივრები — ორკამერიანი, Side-by-Side, ჩასაშენებელი | Superi.ge",მაცივრები Superi.ge-ზე: ✓ ნაწილ-ნაწილ გადახდა ✓ უფასო მიწოდება თბილისში 100₾-დან ✓ მიწოდება მთელ საქართველოში.,"400+ მაცივარი: ორკამერიანი, ერთკამერიანი, Side-by-Side და ჩასაშენებელი. Beko, Gorenje, LG, Hyundai, Indesit. ✓ განვადება ✓ უფასო მიწოდება თბილისში 100₾-დან.",63,156,402
57,https://superi.ge/saopise-da-qseluri-motskobilobebi/,საოფისე და ქსელური მოწყობილობები,,საოფისე და ქსელური მოწყობილობები — საუკეთესო ფასები | Superi.ge,"საოფისე ტექნიკა — პრინტერები, როუტერები | Superi.ge",საოფისე და ქსელური მოწყობილობები Superi.ge-ზე: ✓ ნაწილ-ნაწილ გადახდა ✓ უფასო მიწოდება თბილისში 100₾-დან ✓ მიწოდება მთელ საქართველოში.,"350+ პროდუქტი: პრინტერები, კარტრიჯები, როუტერები, პროექტორები და ეკრანები. Canon, HP, Epson, TP-Link. ✓ განვადება ✓ უფასო მიწოდება თბილისში 100₾-დან.",51,149,358
10,https://superi.ge/tv/,TV-ფოტო-ვიდეო,"TV, ფოტო და ვიდეო",TV-ფოტო-ვიდეო — საუკეთესო ფასები | Superi.ge,"TV, ფოტო და ვიდეო — ტელევიზორები, ფოტოაპარატები | Superi.ge",TV-ფოტო-ვიდეო Superi.ge-ზე: ✓ ნაწილ-ნაწილ გადახდა ✓ უფასო მიწოდება თბილისში 100₾-დან ✓ მიწოდება მთელ საქართველოში.,"300+ პროდუქტი: ტელევიზორები, ფოტოაპარატები, DJI დრონები და ტელევიზორის აქსესუარები. LG, Samsung, Sony, Canon. ✓ განვადება ✓ უფასო მიწოდება თბილისში 100₾-დან.",59,157,329
18,https://superi.ge/mobiluri-teleponebi/,მობილური ტელეფონები,,მობილური ტელეფონები — საუკეთესო ფასები | Superi.ge,"მობილური ტელეფონები — Samsung, iPhone, Xiaomi | Superi.ge",მობილური ტელეფონები Superi.ge-ზე: ✓ ნაწილ-ნაწილ გადახდა ✓ უფასო მიწოდება თბილისში 100₾-დან ✓ მიწოდება მთელ საქართველოში.,"250+ სმარტფონი: Samsung Galaxy, Apple iPhone, Xiaomi, Honor, Motorola, Nokia. ✓ განვადება ✓ უფასო მიწოდება თბილისში 100₾-დან.",57,125,295
93,https://superi.ge/kompiuteris-aqsesuarebi/,კომპიუტერის აქსესუარები,,კომპიუტერის აქსესუარები — საუკეთესო ფასები | Superi.ge,"კომპიუტერის აქსესუარები — მაუსები, კლავიატურები | Superi.ge",კომპიუტერის აქსესუარები Superi.ge-ზე: ✓ ნაწილ-ნაწილ გადახდა ✓ უფასო მიწოდება თბილისში 100₾-დან ✓ მიწოდება მთელ საქართველოში.,"250+ აქსესუარი: მაუსები, კლავიატურები და კომპლექტები. Logitech, Lenovo, HyperX, Marvo. ✓ განვადება ✓ უფასო მიწოდება თბილისში 100₾-დან.",59,134,294
23,https://superi.ge/kondicionerebi/,კონდიციონერები,,კონდიციონერები — საუკეთესო ფასები | Superi.ge,"კონდიციონერები — ინვერტორული, 7000–24000 BTU | Superi.ge",კონდიციონერები Superi.ge-ზე: ✓ ნაწილ-ნაწილ გადახდა ✓ უფასო მიწოდება თბილისში 100₾-დან ✓ მიწოდება მთელ საქართველოში.,"250+ კონდიციონერი 20-დან 80 მ²-მდე: კედლის, კოლონური, მულტი სპლიტ და პორტატული. Midea, Gree, Gorenje, LG. ✓ განვადება ✓ უფასო მიწოდება თბილისში 100₾-დან.",56,153,288
22,https://superi.ge/televizorebi/,ტელევიზორები,,ტელევიზორები — საუკეთესო ფასები | Superi.ge,"ტელევიზორები — Smart TV, 4K, QLED, OLED | ფასები | Superi.ge",ტელევიზორები Superi.ge-ზე: ✓ ნაწილ-ნაწილ გადახდა ✓ უფასო მიწოდება თბილისში 100₾-დან ✓ მიწოდება მთელ საქართველოში.,"250+ ტელევიზორი 32-დან 100 დიუმამდე: Smart TV, 4K, QLED, OLED. LG, Samsung, TCL, Blaupunkt, Sony. ✓ განვადება ✓ უფასო მიწოდება თბილისში 100₾-დან.",60,145,285
32,https://superi.ge/saretskhi-manqanebi/,სარეცხი მანქანები,,სარეცხი მანქანები — საუკეთესო ფასები | Superi.ge,სარეცხი მანქანები — საშრობით და მის გარეშე | Superi.ge,სარეცხი მანქანები Superi.ge-ზე: ✓ ნაწილ-ნაწილ გადახდა ✓ უფასო მიწოდება თბილისში 100₾-დან ✓ მიწოდება მთელ საქართველოში.,"250+ სარეცხი მანქანა: ფრონტალური და საშრობიანი მოდელები. Gorenje, Beko, LG, Midea, Bosch, Samsung. ✓ განვადება ✓ უფასო მიწოდება თბილისში 100₾-დან.",54,146,285
47,https://superi.ge/tsvrili-sakopatskhovrebo-teqnika/,წვრილი საყოფაცხოვრებო ტექნიკა,,წვრილი საყოფაცხოვრებო ტექნიკა — საუკეთესო ფასები | Superi.ge,წვრილი საყოფაცხოვრებო ტექნიკა — მტვერსასრუტები | Superi.ge,წვრილი საყოფაცხოვრებო ტექნიკა Superi.ge-ზე: ✓ ნაწილ-ნაწილ გადახდა ✓ უფასო მიწოდება თბილისში 100₾-დან ✓ მიწოდება მთელ საქართველოში.,"250+ მოდელი: მტვერსასრუტები, უთოები, თმის უთოები და სტაილერები. Gorenje, LG, Philips, Dyson, Electrolux. ✓ განვადება ✓ უფასო მიწოდება თბილისში 100₾-დან.",58,152,265
48,https://superi.ge/mtversasrutebi/,მტვერსასრუტები,,მტვერსასრუტები — საუკეთესო ფასები | Superi.ge,"მტვერსასრუტები — რობოტი, ვერტიკალური, უსადენო | Superi.ge",მტვერსასრუტები Superi.ge-ზე: ✓ ნაწილ-ნაწილ გადახდა ✓ უფასო მიწოდება თბილისში 100₾-დან ✓ მიწოდება მთელ საქართველოში.,"200+ მტვერსასრუტი: რობოტი, ვერტიკალური, უსადენო და კლასიკური. Bosch, Dreame, Samsung, Gorenje, Dyson. ✓ განვადება ✓ უფასო მიწოდება თბილისში 100₾-დან.",57,149,215
178,https://superi.ge/mausebi/,მაუსები,,"მაუსები — უსადენო, Bluetooth და გეიმინგ მაუსები | Superi.ge","მაუსები — უსადენო, Bluetooth და გეიმინგ მაუსები | Superi.ge","შეიძინე მაუსი Superi.ge-ზე: უსადენო, Bluetooth, სადენიანი და გეიმინგ მაუსები Logitech, Lenovo, Marvo და HyperX ბრენდებისგან, ნაწილ-ნაწილ გადახდით.","190+ მაუსი: უსადენო, Bluetooth, გეიმინგ და ერგონომიული. Logitech, Lenovo, HyperX, Marvo. ✓ განვადება ✓ უფასო მიწოდება თბილისში 100₾-დან.",59,136,198
33,https://superi.ge/noutbuqebi/,ნოუთბუქები,,ნოუთბუქები — საუკეთესო ფასები | Superi.ge,"ნოუთბუქები (ლეპტოპები) — Lenovo, Asus, Acer, MSI | Superi.ge",ნოუთბუქები Superi.ge-ზე: ✓ ნაწილ-ნაწილ გადახდა ✓ უფასო მიწოდება თბილისში 100₾-დან ✓ მიწოდება მთელ საქართველოში.,"190+ ნოუთბუქი სწავლისთვის, სამსახურისთვის და გეიმინგისთვის. Lenovo, Asus, Acer, MSI, Dell. ✓ განვადება ✓ უფასო მიწოდება თბილისში 100₾-დან.",60,138,195
29,https://superi.ge/yursasmenebi/,ყურსასმენები,,ყურსასმენები — საუკეთესო ფასები | Superi.ge,"ყურსასმენები — უსადენო, AirPods, Sony, Razer | Superi.ge",ყურსასმენები Superi.ge-ზე: ✓ ნაწილ-ნაწილ გადახდა ✓ უფასო მიწოდება თბილისში 100₾-დან ✓ მიწოდება მთელ საქართველოში.,"190+ ყურსასმენი: ყურში ჩასადები, ყურზე დასადები, ყურის გარშემო და გეიმინგ. Sony, Apple, Logitech, Razer, Xiaomi. ✓ განვადება ✓ უფასო მიწოდება თბილისში 100₾-დან.",56,160,192
8,https://superi.ge/sakhli-da-dekori/,სახლი და დეკორი,,სახლი და დეკორი — საუკეთესო ფასები | Superi.ge,"სახლი და დეკორი — ჭურჭელი, აუზები, საკერავი მანქანები | Superi.ge",სახლი და დეკორი Superi.ge-ზე: ✓ ნაწილ-ნაწილ გადახდა ✓ უფასო მიწოდება თბილისში 100₾-დან ✓ მიწოდება მთელ საქართველოში.,"180+ პროდუქტი სახლისთვის: ქვაბები და ჭურჭელი, აუზები, საკერავი მანქანები, ნაძვის ხეები. ✓ განვადება ✓ უფასო მიწოდება თბილისში 100₾-დან.",65,135,185
52,https://superi.ge/churchelis-sarecxhi-manqanebi/,ჭურჭლის სარეცხი მანქანები,,ჭურჭლის სარეცხი მანქანები — საუკეთესო ფასები | Superi.ge,ჭურჭლის სარეცხი მანქანები — ჩასაშენებელი | Superi.ge,ჭურჭლის სარეცხი მანქანები Superi.ge-ზე: ✓ ნაწილ-ნაწილ გადახდა ✓ უფასო მიწოდება თბილისში 100₾-დან ✓ მიწოდება მთელ საქართველოში.,"150+ ჭურჭლის სარეცხი მანქანა: ჩასაშენებელი და ცალკე მდგომი. Gorenje, Beko, Vestel, Samsung, Galanz. ✓ განვადება ✓ უფასო მიწოდება თბილისში 100₾-დან.",52,147,171
87,https://superi.ge/kartrijebi-saghebavebi-qaghaldi/,"კარტრიჯები, საღებავები, ქაღალდი",,"კარტრიჯები, საღებავები, ქაღალდი — საუკეთესო ფასები | Superi.ge","კარტრიჯები, მელანი, ქაღალდი — HP, Canon, Epson | Superi.ge","კარტრიჯები, საღებავები, ქაღალდი Superi.ge-ზე: ✓ ნაწილ-ნაწილ გადახდა ✓ უფასო მიწოდება თბილისში 100₾-დან ✓ მიწოდება მთელ საქართველოში.","160+ ლაზერული და ჭავლური კარტრიჯი, მელანი და ფოტობარაბანი HP, Canon, Epson და Xerox პრინტერებისთვის. ✓ განვადება ✓ უფასო მიწოდება თბილისში 100₾-დან.",58,148,164
45,https://superi.ge/aveji/,ავეჯი,,ავეჯი — საუკეთესო ფასები | Superi.ge,"ავეჯი — ბაღის ავეჯი, მაგიდები, სკამები, სეიფები | Superi.ge",ავეჯი Superi.ge-ზე: ✓ ნაწილ-ნაწილ გადახდა ✓ უფასო მიწოდება თბილისში 100₾-დან ✓ მიწოდება მთელ საქართველოში.,"120+ ნივთი სახლისა და ბაღისთვის: ბაღის ავეჯის კომპლექტები, მაგიდები, სკამები, სეიფები. Keter, Allibert. ✓ განვადება ✓ უფასო მიწოდება თბილისში 100₾-დან.",59,151,122
11,https://superi.ge/samsheneblo-khelsatskoebi/,სამშენებლო ხელსაწყოები,,სამშენებლო ხელსაწყოები — საუკეთესო ფასები | Superi.ge,"სამშენებლო ხელსაწყოები — გენერატორები, კომპრესორები | Superi.ge",სამშენებლო ხელსაწყოები Superi.ge-ზე: ✓ ნაწილ-ნაწილ გადახდა ✓ უფასო მიწოდება თბილისში 100₾-დან ✓ მიწოდება მთელ საქართველოში.,"110+ ხელსაწყო: გენერატორები, კომპრესორები, კუთხსახეხები, ხელის ინსტრუმენტები. Ingco, Tolsen, Bauma. ✓ განვადება ✓ უფასო მიწოდება თბილისში 100₾-დან.",63,147,111
46,https://superi.ge/monitor/,მონიტორები,,მონიტორები — საუკეთესო ფასები | Superi.ge,"მონიტორები — საოფისე და გეიმინგ | Samsung, Asus, Dell | Superi.ge","მონიტორები 22–57"": გეიმინგ 144–360 Hz, 2K და 4K, OLED და მოხრილი — Samsung, LG, Dell, ASUS, Lenovo. ✓ ნაწილ-ნაწილ გადახდა ✓ მიწოდება","110+ მონიტორი სამსახურისთვის და თამაშებისთვის. Samsung, Xiaomi, Asus, Lenovo, Dell. ✓ განვადება ✓ უფასო მიწოდება თბილისში 100₾-დან.",65,131,110
53,https://superi.ge/quris-zedapiri/,ქურის ზედაპირი,ქურის ზედაპირები,ქურის ზედაპირი — საუკეთესო ფასები | Superi.ge,"ქურის ზედაპირები — ინდუქციური, გაზის, ელექტრო | Superi.ge","ქურის ზედაპირი: გაზის, ინდუქციური, ელექტრო და კომბინირებული, 30–90 სმ — Bosch, Gorenje, Beko, Midea და სხვა. ✓ ნაწილ-ნაწილ გადახდა ✓ მიწოდება","110+ ქურის ზედაპირი: ინდუქციური, გაზის, ელექტრო და კომბინირებული. Gorenje, Beko, Midea. ✓ განვადება ✓ უფასო მიწოდება თბილისში 100₾-დან.",57,135,110
71,https://superi.ge/chasashenebeli-ghumelebi/,ჩასაშენებელი ღუმელები,,ჩასაშენებელი ღუმელები — საუკეთესო ფასები | Superi.ge,"ჩასაშენებელი ღუმელები — Gorenje, Beko, Midea | Superi.ge",ჩასაშენებელი ღუმელები Superi.ge-ზე: ✓ ნაწილ-ნაწილ გადახდა ✓ უფასო მიწოდება თბილისში 100₾-დან ✓ მიწოდება მთელ საქართველოში.,"100+ ჩასაშენებელი ღუმელი სამზარეულოსთვის. ბრენდები: Gorenje, Beko, Midea. ✓ განვადება ✓ უფასო მიწოდება თბილისში 100₾-დან.",56,121,109
13,https://superi.ge/sporti/,სპორტი და დასვენება,,სპორტი და დასვენება — საუკეთესო ფასები | Superi.ge,"სპორტი და დასვენება — ტრენაჟორები, სკუტერები | Superi.ge",სპორტი და დასვენება Superi.ge-ზე: ✓ ნაწილ-ნაწილ გადახდა ✓ უფასო მიწოდება თბილისში 100₾-დან ✓ მიწოდება მთელ საქართველოში.,"100+ პროდუქტი: სარბენი ბილიკები, ტრენაჟორები, ელექტრო სკუტერები, ველოსიპედები, ჰოვერბორდები. ✓ განვადება ✓ უფასო მიწოდება თბილისში 100₾-დან.",56,140,102
81,https://superi.ge/gamtsovi/,გამწოვი,გამწოვები,გამწოვი — საუკეთესო ფასები | Superi.ge,"გამწოვები — ჩასაშენებელი, ტელესკოპური, კედლის | Superi.ge",გამწოვი Superi.ge-ზე: ✓ ნაწილ-ნაწილ გადახდა ✓ უფასო მიწოდება თბილისში 100₾-დან ✓ მიწოდება მთელ საქართველოში.,"100+ გამწოვი: ჩასაშენებელი, ტელესკოპური, კედლის და გუმბათოვანი. Beko, Gorenje, Midea, Vestel. ✓ განვადება ✓ უფასო მიწოდება თბილისში 100₾-დან.",57,141,102
68,https://superi.ge/mikrotalghuri-ghumelebi/,მიკროტალღური ღუმელები,,მიკროტალღური ღუმელები — საუკეთესო ფასები | Superi.ge,მიკროტალღური ღუმელები — ჩასაშენებელი და ცალკე მდგომი | Superi.ge,მიკროტალღური ღუმელები Superi.ge-ზე: ✓ ნაწილ-ნაწილ გადახდა ✓ უფასო მიწოდება თბილისში 100₾-დან ✓ მიწოდება მთელ საქართველოში.,"100 მიკროტალღური ღუმელი: ჩასაშენებელი და ცალკე მდგომი. Midea, Gorenje, Beko, LG. ✓ განვადება ✓ უფასო მიწოდება თბილისში 100₾-დან.",64,128,100
153,https://superi.ge/kompiuteris-natsilebi/,კომპიუტერის ნაწილები,,კომპიუტერის ნაწილები — საუკეთესო ფასები | Superi.ge,"კომპიუტერის ნაწილები — დედა დაფები, პროცესორები | Superi.ge",კომპიუტერის ნაწილები Superi.ge-ზე: ✓ ნაწილ-ნაწილ გადახდა ✓ უფასო მიწოდება თბილისში 100₾-დან ✓ მიწოდება მთელ საქართველოში.,"90+ ნაწილი კომპიუტერის ასაწყობად: დედა დაფები, Intel და AMD პროცესორები. Asus, Gigabyte. ✓ განვადება ✓ უფასო მიწოდება თბილისში 100₾-დან.",59,136,99
86,https://superi.ge/blenderebi/,ბლენდერები,,ბლენდერები — საუკეთესო ფასები | Superi.ge,"ბლენდერები — Ninja, Braun, Nutribullet, Gorenje | Superi.ge",ბლენდერები Superi.ge-ზე: ✓ ნაწილ-ნაწილ გადახდა ✓ უფასო მიწოდება თბილისში 100₾-დან ✓ მიწოდება მთელ საქართველოში.,"90+ ბლენდერი სმუზისა და სამზარეულოსთვის. Ninja, Braun, Nutribullet, Gorenje, Midea. ✓ განვადება ✓ უფასო მიწოდება თბილისში 100₾-დან.",59,131,96
179,https://superi.ge/klaviaturebi/,კლავიატურები,,"კლავიატურები — უსადენო, მექანიკური და გეიმინგ | Superi.ge","კლავიატურები — უსადენო, მექანიკური და გეიმინგ | Superi.ge","შეიძინე კლავიატურა Superi.ge-ზე: უსადენო, Bluetooth, მექანიკური და გეიმინგ კლავიატურები, ნაკრებები მაუსით — Logitech, Razer, Genius და Lenovo.","90+ კლავიატურა: უსადენო, Bluetooth, მექანიკური და გეიმინგ, ასევე კლავიატურა-მაუსის ნაკრებები. Logitech, HyperX, Genius, Asus.",57,125,95
16,https://superi.ge/baghi-da-ezo/,ბაღი და ეზო,,ბაღი და ეზო — საუკეთესო ფასები | Superi.ge,"ბაღი და ეზო — მოტობლოკები, გაზონის საკრეჭები | Superi.ge",ბაღი და ეზო Superi.ge-ზე: ✓ ნაწილ-ნაწილ გადახდა ✓ უფასო მიწოდება თბილისში 100₾-დან ✓ მიწოდება მთელ საქართველოში.,"80+ პროდუქტი: მოტობლოკები, გაზონის საკრეჭი მანქანები, სათიბები, წნევით სარეცხები. Hyundai, Bauma. ✓ განვადება ✓ უფასო მიწოდება თბილისში 100₾-დან.",56,145,83
27,https://superi.ge/tabletebi/,ტაბლეტები,,ტაბლეტები — საუკეთესო ფასები | Superi.ge,"ტაბლეტები — iPad, Samsung Galaxy Tab, Lenovo | Superi.ge",ტაბლეტები Superi.ge-ზე: ✓ ნაწილ-ნაწილ გადახდა ✓ უფასო მიწოდება თბილისში 100₾-დან ✓ მიწოდება მთელ საქართველოში.,"80 ტაბლეტი სწავლისთვის, სამსახურისთვის და გართობისთვის. Apple iPad, Samsung, Lenovo, Blackview. ✓ განვადება ✓ უფასო მიწოდება თბილისში 100₾-დან.",56,143,80
102,https://superi.ge/aerogrilebi/,აეროგრილი,აეროგრილები,აეროგრილი — საუკეთესო ფასები | Superi.ge,"აეროგრილები — Ninja, Philips, Midea, Gorenje | Superi.ge",აეროგრილი Superi.ge-ზე: ✓ ნაწილ-ნაწილ გადახდა ✓ უფასო მიწოდება თბილისში 100₾-დან ✓ მიწოდება მთელ საქართველოში.,"70+ აეროგრილი ზეთის გარეშე მოსამზადებლად. Ninja, Philips, Midea, Gorenje, Beko. ✓ განვადება ✓ უფასო მიწოდება თბილისში 100₾-დან.",56,127,78
50,https://superi.ge/eleqtro-chaidnebi/,ელექტრო ჩაიდნები,,ელექტრო ჩაიდნები — საუკეთესო ფასები | Superi.ge,"ელექტრო ჩაიდნები — Smeg, Gorenje, Midea | Superi.ge",ელექტრო ჩაიდნები Superi.ge-ზე: ✓ ნაწილ-ნაწილ გადახდა ✓ უფასო მიწოდება თბილისში 100₾-დან ✓ მიწოდება მთელ საქართველოში.,"70+ ელექტრო ჩაიდანი სახლისა და ოფისისთვის. Smeg, Gorenje, Midea, Zilan, Nikai. ✓ განვადება ✓ უფასო მიწოდება თბილისში 100₾-დან.",51,126,77
83,https://superi.ge/proeqtorebi-da-aqsesuarebi/,პროექტორები და აქსესუარები,,პროექტორები და აქსესუარები — საუკეთესო ფასები | Superi.ge,"პროექტორები და ეკრანები — Acer, Epson, Vivitek | Superi.ge",პროექტორები და აქსესუარები Superi.ge-ზე: ✓ ნაწილ-ნაწილ გადახდა ✓ უფასო მიწოდება თბილისში 100₾-დან ✓ მიწოდება მთელ საქართველოში.,"70+ პროდუქტი: პროექტორები სახლისა და ოფისისთვის და პროექტორის ეკრანები. Acer, Epson, Vivitek. ✓ განვადება ✓ უფასო მიწოდება თბილისში 100₾-დან.",58,141,73
88,https://superi.ge/routers/,როუტერები,,როუტერები — საუკეთესო ფასები | Superi.ge,"როუტერები — Wi-Fi, 4G, 5G, Mesh | TP-Link, Asus | Superi.ge",როუტერები Superi.ge-ზე: ✓ ნაწილ-ნაწილ გადახდა ✓ უფასო მიწოდება თბილისში 100₾-დან ✓ მიწოდება მთელ საქართველოში.,"70+ როუტერი: Wi-Fi, 4G, 5G, გეიმინგ და Mesh სისტემები. TP-Link, Asus, Tenda. ✓ განვადება ✓ უფასო მიწოდება თბილისში 100₾-დან.",59,124,73
73,https://superi.ge/auzebi/,აუზები და აქსესუარები,,აუზები და აქსესუარები — საუკეთესო ფასები | Superi.ge,"აუზები — კარკასული და გასაბერი | Bestway, Intex | Superi.ge",აუზები და აქსესუარები Superi.ge-ზე: ✓ ნაწილ-ნაწილ გადახდა ✓ უფასო მიწოდება თბილისში 100₾-დან ✓ მიწოდება მთელ საქართველოში.,"70+ აუზი და აქსესუარი: კარკასული და გასაბერი აუზები ეზოსთვის. Bestway, Intex. ✓ განვადება ✓ უფასო მიწოდება თბილისში 100₾-დან.",59,125,71
30,https://superi.ge/gazis-gamatboblebi/,გაზის გამათბობლები,,გაზის გამათბობლები — საუკეთესო ფასები | Superi.ge,გაზის გამათბობლები 40–120 მ²-ზე — ფასები | Superi.ge,გაზის გამათბობლები Superi.ge-ზე: ✓ ნაწილ-ნაწილ გადახდა ✓ უფასო მიწოდება თბილისში 100₾-დან ✓ მიწოდება მთელ საქართველოში.,"60+ გაზის გამათბობელი 40-დან 120 მ²-მდე ოთახისთვის. Akog, Hosseven, Ersel, Gilan, Fujiyama. ✓ განვადება ✓ უფასო მიწოდება თბილისში 100₾-დან.",52,139,66
67,https://superi.ge/portatuli-damtenebi/,პორტატული დამტენები,,პორტატული დამტენები — საუკეთესო ფასები | Superi.ge,"პორტატული დამტენები (Power Bank) — Xiaomi, Ugreen | Superi.ge",პორტატული დამტენები Superi.ge-ზე: ✓ ნაწილ-ნაწილ გადახდა ✓ უფასო მიწოდება თბილისში 100₾-დან ✓ მიწოდება მთელ საქართველოში.,"60+ Power Bank სხვადასხვა ტევადობით ტელეფონისა და ლეპტოპისთვის. Xiaomi, Ugreen, Celly, Hoco. ✓ განვადება ✓ უფასო მიწოდება თბილისში 100₾-დან.",61,140,66
36,https://superi.ge/sakinule/,საყინულეები,,საყინულეები — საუკეთესო ფასები | Superi.ge,საყინულეები — ვერტიკალური და ჰორიზონტალური | Superi.ge,საყინულეები Superi.ge-ზე: ✓ ნაწილ-ნაწილ გადახდა ✓ უფასო მიწოდება თბილისში 100₾-დან ✓ მიწოდება მთელ საქართველოში.,"60+ საყინულე: ვერტიკალური, ჰორიზონტალური (ლარი) და ყინულის აპარატები. Gorenje, Beko, Midea. ✓ განვადება ✓ უფასო მიწოდება თბილისში 100₾-დან.",54,139,66
104,https://superi.ge/bagis-aveji/,ბაღის ავეჯის კომპლექტი,ბაღის ავეჯის კომპლექტები,ბაღის ავეჯის კომპლექტი — საუკეთესო ფასები | Superi.ge,"ბაღის ავეჯის კომპლექტები — Keter, Allibert | Superi.ge",ბაღის ავეჯის კომპლექტი Superi.ge-ზე: ✓ ნაწილ-ნაწილ გადახდა ✓ უფასო მიწოდება თბილისში 100₾-დან ✓ მიწოდება მთელ საქართველოში.,"60+ ბაღის ავეჯის კომპლექტი აივნისა და ეზოსთვის. Keter, Allibert, Garden Star, Rattan. ✓ განვადება ✓ უფასო მიწოდება თბილისში 100₾-დან.",54,133,62
172,https://superi.ge/yavis-aparatebi/,ყავის აპარატები,,ყავის აპარატები — საუკეთესო ფასები | Superi.ge,"ყავის აპარატები — ავტომატური, ესპრესო | DeLonghi | Superi.ge",ყავის აპარატები Superi.ge-ზე: ✓ ნაწილ-ნაწილ გადახდა ✓ უფასო მიწოდება თბილისში 100₾-დან ✓ მიწოდება მთელ საქართველოში.,"60+ ყავის აპარატი: ავტომატური, ესპრესო, წვეთოვანი და ელექტრო ჯეზვე. DeLonghi, Gorenje, Beko, Ninja. ✓ განვადება ✓ უფასო მიწოდება თბილისში 100₾-დან.",60,147,61
154,https://superi.ge/motherboard/,დედა დაფები (motherboard),დედა დაფები (Motherboard),დედა დაფები (motherboard) — საუკეთესო ფასები | Superi.ge,"დედა დაფები (Motherboard) — Asus, Gigabyte | Superi.ge",დედა დაფები (motherboard) Superi.ge-ზე: ✓ ნაწილ-ნაწილ გადახდა ✓ უფასო მიწოდება თბილისში 100₾-დან ✓ მიწოდება მთელ საქართველოში.,"60 დედა დაფა Intel და AMD პლატფორმებისთვის, DDR5 მხარდაჭერით. Asus, Gigabyte. ✓ განვადება ✓ უფასო მიწოდება თბილისში 100₾-დან.",54,125,60
38,https://superi.ge/mobiluri-aqsesuarebi/,მობილური აქსესუარები,,მობილური აქსესუარები — საუკეთესო ფასები | Superi.ge,"მობილური აქსესუარები — დამტენები, Power Bank | Superi.ge",მობილური აქსესუარები Superi.ge-ზე: ✓ ნაწილ-ნაწილ გადახდა ✓ უფასო მიწოდება თბილისში 100₾-დან ✓ მიწოდება მთელ საქართველოში.,"50+ აქსესუარი ტელეფონისთვის: Power Bank-ები, დამტენები, კაბელები. Xiaomi, Ugreen, Celly, Hoco. ✓ განვადება ✓ უფასო მიწოდება თბილისში 100₾-დან.",56,142,59
54,https://superi.ge/generatorebi/,გენერატორები,,გენერატორები — საუკეთესო ფასები | Superi.ge,"გენერატორები — ბენზინის, დიზელის, ინვერტორული | Superi.ge","გენერატორები 0.5-დან 100 კვტ-მდე: ბენზინის, დიზელის და ინვერტორული, 3 და 5 კვტ-იანი მოდელები და EcoFlow ელექტროსადგურები. ✓ ნაწილ-ნაწილ გადახდა ✓ მიწოდება მთელ საქართველოში.","50+ გენერატორი: ბენზინის, დიზელის და ინვერტორული, ასევე პორტატული სადგურები. Ingco, Konner&Sohnen, EcoFlow. ✓ განვადება ✓ უფასო მიწოდება თბილისში 100₾-დან.",57,155,58
148,https://superi.ge/gazqurebi/,გაზქურები,,გაზქურები — საუკეთესო ფასები | Superi.ge,"გაზქურები — Beko, Gorenje, Millen | ფასები | Superi.ge",გაზქურები Superi.ge-ზე: ✓ ნაწილ-ნაწილ გადახდა ✓ უფასო მიწოდება თბილისში 100₾-დან ✓ მიწოდება მთელ საქართველოში.,"50+ გაზქურა: გაზის და კომბინირებული ღუმელით. Beko, Gorenje, Millen, Vox. ✓ განვადება ✓ უფასო მიწოდება თბილისში 100₾-დან.",54,120,56
44,https://superi.ge/ventilatorebi/,ვენტილატორები,,ვენტილატორები — საუკეთესო ფასები | Superi.ge,ვენტილატორები — იატაკის და მაგიდის | Superi.ge,ვენტილატორები Superi.ge-ზე: ✓ ნაწილ-ნაწილ გადახდა ✓ უფასო მიწოდება თბილისში 100₾-დან ✓ მიწოდება მთელ საქართველოში.,"50+ ვენტილატორი: იატაკზე და მაგიდაზე დასადგმელი, უფრთო და პულტით. Sencor, Zilan, Midea, Ardesto. ✓ განვადება ✓ უფასო მიწოდება თბილისში 100₾-დან.",46,144,55
56,https://superi.ge/sakeravi-teqnika/,საკერავი მანქანები,,საკერავი მანქანები — საუკეთესო ფასები | Superi.ge,საკერავი მანქანები და ოვერლოკები | Superi.ge,"საკერავი მანქანები Janome, Brother, Singer და Bernette — 50+ მოდელი დამწყებისთვის და პროფესიონალისთვის, ოვერლოკები. ✓ ნაწილ-ნაწილ გადახდა ✓ მიწოდება","50+ საკერავი მანქანა და ოვერლოკი სახლისთვის. Janome, Brother, Singer. ✓ განვადება ✓ უფასო მიწოდება თბილისში 100₾-დან.",44,117,52
58,https://superi.ge/printerebi/,პრინტერები და მრავალფუნქციური მოწყობილობები,,პრინტერები და მრავალფუნქციური მოწყობილობები — საუკეთესო ფასები | Superi.ge,"პრინტერები და MFP — Canon, Epson, HP | ფასები | Superi.ge",პრინტერები და მრავალფუნქციური მოწყობილობები Superi.ge-ზე: ✓ ნაწილ-ნაწილ გადახდა ✓ უფასო მიწოდება თბილისში 100₾-დან ✓ მიწოდება მთელ საქართველოში.,"40+ პრინტერი, სკანერი და მრავალფუნქციური მოწყობილობა. Canon, Epson, HP, Xerox. ✓ განვადება ✓ უფასო მიწოდება თბილისში 100₾-დან.",57,126,48
177,https://superi.ge/seifebi/,სეიფები,,სეიფები სახლისა და ოფისისთვის | SUPERI.GE,სეიფები სახლისა და ოფისისთვის — ფასები | Superi.ge,"შეარჩიე სეიფები SUPERI.GE-ზე სახლისა და ოფისისთვის. გასაღებიანი, ელექტრონული და სხვა ტიპის სეიფები დოკუმენტების, ფულისა და ძვირფასი ნივთების შესანახად.","40+ სეიფი სახლისა და ოფისისთვის. Valberg, Promet, MasterLock, Safewell, Aiko. ✓ განვადება ✓ უფასო მიწოდება თბილისში 100₾-დან.",50,125,47
69,https://superi.ge/miqserebi/,მიქსერები,,მიქსერები — საუკეთესო ფასები | Superi.ge,"მიქსერები — ხელის და სტაციონალური | Kenwood, Smeg | Superi.ge",მიქსერები Superi.ge-ზე: ✓ ნაწილ-ნაწილ გადახდა ✓ უფასო მიწოდება თბილისში 100₾-დან ✓ მიწოდება მთელ საქართველოში.,"40+ მიქსერი: ხელის, სტაციონალური და სამზარეულოს კომბაინები. Kenwood, Smeg, Gorenje, Braun. ✓ განვადება ✓ უფასო მიწოდება თბილისში 100₾-დან.",61,138,45
28,https://superi.ge/smart-watches/,SMART WATCHES,სმარტ საათები,SMART WATCHES — საუკეთესო ფასები | Superi.ge,სმარტ საათები (Smart Watch) — ფასები და განვადება | Superi.ge,SMART WATCHES Superi.ge-ზე: ✓ ნაწილ-ნაწილ გადახდა ✓ უფასო მიწოდება თბილისში 100₾-დან ✓ მიწოდება მთელ საქართველოში.,"40+ სმარტ საათი და ფიტნეს ბრასლეტი. Xiaomi, Apple Watch, Honor, Samsung. ✓ განვადება ✓ უფასო მიწოდება თბილისში 100₾-დან.",61,120,42
31,https://superi.ge/eleqtro-gamatboblebi/,ელექტრო გამათბობლები,,ელექტრო გამათბობლები — საუკეთესო ფასები | Superi.ge,"ელექტრო გამათბობლები — Midea, Zilan, Sencor | Superi.ge",ელექტრო გამათბობლები Superi.ge-ზე: ✓ ნაწილ-ნაწილ გადახდა ✓ უფასო მიწოდება თბილისში 100₾-დან ✓ მიწოდება მთელ საქართველოში.,"40+ ელექტრო გამათბობელი სახლისა და ოფისისთვის. Midea, Zilan, Sencor, Kumtel, Beko. ✓ განვადება ✓ უფასო მიწოდება თბილისში 100₾-დან.",55,130,42
90,https://superi.ge/trenazhorebi/,ტრენაჟორები,,ტრენაჟორები — საუკეთესო ფასები | Superi.ge,"ტრენაჟორები — სარბენი ბილიკები, ველოტრენაჟორები | Superi.ge",ტრენაჟორები Superi.ge-ზე: ✓ ნაწილ-ნაწილ გადახდა ✓ უფასო მიწოდება თბილისში 100₾-დან ✓ მიწოდება მთელ საქართველოში.,"40+ ტრენაჟორი სახლისთვის: სარბენი ბილიკები, ველოტრენაჟორები, ელიფსური. Urevo, KingSmith, Xiaomi. ✓ განვადება ✓ უფასო მიწოდება თბილისში 100₾-დან.",59,144,41
80,https://superi.ge/kompresorebi/,კომპრესორები,,კომპრესორები — საუკეთესო ფასები | Superi.ge,"ჰაერის კომპრესორები — Remeza, Ingco | ფასები | Superi.ge",კომპრესორები Superi.ge-ზე: ✓ ნაწილ-ნაწილ გადახდა ✓ უფასო მიწოდება თბილისში 100₾-დან ✓ მიწოდება მთელ საქართველოში.,"30+ ჰაერის კომპრესორი 24-დან 500 ლიტრამდე ავზით. Remeza, Ingco, Wokin, Schpindel. ✓ განვადება ✓ უფასო მიწოდება თბილისში 100₾-დან.",56,129,39
101,https://superi.ge/proeqtori/,პროექტორი,პროექტორები,პროექტორი — საუკეთესო ფასები | Superi.ge,"პროექტორები — სახლის კინო და ოფისი | Acer, Epson | Superi.ge",პროექტორი Superi.ge-ზე: ✓ ნაწილ-ნაწილ გადახდა ✓ უფასო მიწოდება თბილისში 100₾-დან ✓ მიწოდება მთელ საქართველოში.,"30+ პროექტორი სახლის კინოთეატრისთვის და პრეზენტაციებისთვის. Acer, Epson, Vivitek, Wanbo. ✓ განვადება ✓ უფასო მიწოდება თბილისში 100₾-დან.",60,136,35
51,https://superi.ge/konsolebi-da-aqsesuarebi/,კონსოლები და აქსესუარები,,კონსოლები და აქსესუარები — საუკეთესო ფასები | Superi.ge,"კონსოლები — PlayStation, Xbox, Nintendo | Superi.ge",კონსოლები და აქსესუარები Superi.ge-ზე: ✓ ნაწილ-ნაწილ გადახდა ✓ უფასო მიწოდება თბილისში 100₾-დან ✓ მიწოდება მთელ საქართველოში.,"30+ პროდუქტი: სათამაშო კონსოლები, თამაშები და აქსესუარები. Sony PlayStation, Xbox, Nintendo. ✓ განვადება ✓ უფასო მიწოდება თბილისში 100₾-დან.",51,140,33
166,https://superi.ge/protsesorebi/,პროცესორები,,პროცესორები — საუკეთესო ფასები | Superi.ge,პროცესორები — Intel და AMD | ფასები | Superi.ge,პროცესორები Superi.ge-ზე: ✓ ნაწილ-ნაწილ გადახდა ✓ უფასო მიწოდება თბილისში 100₾-დან ✓ მიწოდება მთელ საქართველოში.,30+ Intel Core და AMD Ryzen პროცესორი გეიმინგისა და სამსახურისთვის. ✓ განვადება ✓ უფასო მიწოდება თბილისში 100₾-დან.,47,115,33
59,https://superi.ge/samzareulos-aqsesuarebi/,სამზარეულოს აქსესუარები,,სამზარეულოს აქსესუარები — საუკეთესო ფასები | Superi.ge,"სამზარეულოს აქსესუარები — ქვაბები, დანები | Superi.ge",სამზარეულოს აქსესუარები Superi.ge-ზე: ✓ ნაწილ-ნაწილ გადახდა ✓ უფასო მიწოდება თბილისში 100₾-დან ✓ მიწოდება მთელ საქართველოში.,"30+ ნივთი სამზარეულოსთვის: ქვაბებისა და ტაფების ნაკრებები, დანები, ჭურჭელი. Korkmaz, Tefal. ✓ განვადება ✓ უფასო მიწოდება თბილისში 100₾-დან.",53,139,32
77,https://superi.ge/xelis-traqtorebi/,ხელის ტრაქტორები,,ხელის ტრაქტორები — საუკეთესო ფასები | Superi.ge,ხელის ტრაქტორები (მოტობლოკები) — ფასები | Superi.ge,ხელის ტრაქტორები Superi.ge-ზე: ✓ ნაწილ-ნაწილ გადახდა ✓ უფასო მიწოდება თბილისში 100₾-დან ✓ მიწოდება მთელ საქართველოში.,"30+ მოტობლოკი, კულტივატორი და მისაბმელი ბაღისა და ბოსტნისთვის. Hyundai, Bauma, Royal Turbo. ✓ განვადება ✓ უფასო მიწოდება თბილისში 100₾-დან.",51,139,32
149,https://superi.ge/uto/,უთო,უთოები,უთო — საუკეთესო ფასები | Superi.ge,უთოები — ორთქლის და ორთქლის გენერატორები | Superi.ge,უთო Superi.ge-ზე: ✓ ნაწილ-ნაწილ გადახდა ✓ უფასო მიწოდება თბილისში 100₾-დან ✓ მიწოდება მთელ საქართველოში.,"30+ უთო: ორთქლის უთოები და ორთქლის გენერატორები. Braun, Philips, Gorenje, Beko. ✓ განვადება ✓ უფასო მიწოდება თბილისში 100₾-დან.",52,127,32
111,https://superi.ge/sashrobebi/,საშრობი მანქანები,,საშრობი მანქანები — საუკეთესო ფასები | Superi.ge,"საშრობი მანქანები — Gorenje, Beko, LG | ფასები | Superi.ge",საშრობი მანქანები Superi.ge-ზე: ✓ ნაწილ-ნაწილ გადახდა ✓ უფასო მიწოდება თბილისში 100₾-დან ✓ მიწოდება მთელ საქართველოში.,"30+ საშრობი მანქანა: ცალკე მდგომი და ჩასაშენებელი. Gorenje, Beko, Midea, LG, Toshiba. ✓ განვადება ✓ უფასო მიწოდება თბილისში 100₾-დან.",58,133,32
170,https://superi.ge/sarbeni-bilikebi/,სარბენი ბილიკები,,სარბენი ბილიკები — საუკეთესო ფასები | Superi.ge,სარბენი ბილიკები — Walking Pad და სახლის | Superi.ge,სარბენი ბილიკები Superi.ge-ზე: ✓ ნაწილ-ნაწილ გადახდა ✓ უფასო მიწოდება თბილისში 100₾-დან ✓ მიწოდება მთელ საქართველოში.,"30+ სარბენი ბილიკი და Walking Pad სახლისთვის. Urevo, KingSmith, NordicTrack. ✓ განვადება ✓ უფასო მიწოდება თბილისში 100₾-დან.",52,124,32
84,https://superi.ge/proeqtoris-ekranebi/,პროექტორის ეკრანები,,პროექტორის ეკრანები — საუკეთესო ფასები | Superi.ge,"პროექტორის ეკრანები — Allscreen, Reflecta | Superi.ge",პროექტორის ეკრანები Superi.ge-ზე: ✓ ნაწილ-ნაწილ გადახდა ✓ უფასო მიწოდება თბილისში 100₾-დან ✓ მიწოდება მთელ საქართველოში.,"30+ პროექტორის ეკრანი სახლისა და საკონფერენციო დარბაზისთვის. Allscreen, Reflecta. ✓ განვადება ✓ უფასო მიწოდება თბილისში 100₾-დან.",53,129,31
66,https://superi.ge/gazonis-sakrechi-manqanebi/,გაზონის საკრეჭი მანქანები,,გაზონის საკრეჭი მანქანები — საუკეთესო ფასები | Superi.ge,"გაზონის საკრეჭი მანქანები — ბენზინის, ელექტრო | Superi.ge",გაზონის საკრეჭი მანქანები Superi.ge-ზე: ✓ ნაწილ-ნაწილ გადახდა ✓ უფასო მიწოდება თბილისში 100₾-დან ✓ მიწოდება მთელ საქართველოში.,"30 გაზონის საკრეჭი: ბენზინის, ელექტრო და აკუმულატორის. Hyundai, Ingco, DeWalt, AL-KO. ✓ განვადება ✓ უფასო მიწოდება თბილისში 100₾-დან.",57,133,30
110,https://superi.ge/tosteri/,ტოსტერი,ტოსტერები,ტოსტერი — საუკეთესო ფასები | Superi.ge,"ტოსტერები — Smeg, Braun, DeLonghi | ფასები | Superi.ge",ტოსტერი Superi.ge-ზე: ✓ ნაწილ-ნაწილ გადახდა ✓ უფასო მიწოდება თბილისში 100₾-დან ✓ მიწოდება მთელ საქართველოში.,"30 ტოსტერი სახლისთვის. Smeg, Braun, Electrolux, DeLonghi, Beko. ✓ განვადება ✓ უფასო მიწოდება თბილისში 100₾-დან.",54,111,30
94,https://superi.ge/dispenserebi/,დისპენსერები,წყლის დისპენსერები,დისპენსერები — საუკეთესო ფასები | Superi.ge,"წყლის დისპენსერები — Midea, Beko | ფასები | Superi.ge",დისპენსერები Superi.ge-ზე: ✓ ნაწილ-ნაწილ გადახდა ✓ უფასო მიწოდება თბილისში 100₾-დან ✓ მიწოდება მთელ საქართველოში.,"20+ წყლის დისპენსერი ცივი და ცხელი წყლით. Midea, Beko, Millen, Alneo. ✓ განვადება ✓ უფასო მიწოდება თბილისში 100₾-დან.",53,117,28
100,https://superi.ge/nadzvisxe/,ნაძვის ხეები,,ნაძვის ხეები — საუკეთესო ფასები | Superi.ge,ხელოვნური ნაძვის ხეები — ფასები | Superi.ge,"ხელოვნური ნაძვის ხეები 150-დან 300 სმ-მდე: მწვანე, დათოვლილი და გირჩებით გაფორმებული, ადვილად ასაწყობი მოდელები. ✓ ნაწილ-ნაწილ გადახდა ✓ მიწოდება მთელ საქართველოში.",20+ ხელოვნური ნაძვის ხე სხვადასხვა სიმაღლისა და სიხშირის. შეუკვეთეთ ახალ წლამდე. ✓ განვადება ✓ უფასო მიწოდება თბილისში 100₾-დან.,43,128,26
99,https://superi.ge/saakhaltslo/,საახალწლო,,საახალწლო — საუკეთესო ფასები | Superi.ge,საახალწლო — ხელოვნური ნაძვის ხეები | Superi.ge,საახალწლო ნაძვის ხეები Superi.ge-ზე: ხელოვნური მწვანე და დათოვლილი მოდელები 150–300 სმ. ✓ ნაწილ-ნაწილ გადახდა ✓ უფასო მიწოდება თბილისში 100₾-დან.,20+ ხელოვნური ნაძვის ხე სხვადასხვა სიმაღლის. მოემზადეთ ახალი წლისთვის დროულად. ✓ განვადება ✓ უფასო მიწოდება თბილისში 100₾-დან.,46,126,26
43,https://superi.ge/televizoris-aqsesuarebi/,ტელევიზორის აქსესუარები,,ტელევიზორის აქსესუარები — საუკეთესო ფასები | Superi.ge,ტელევიზორის აქსესუარები — ფასები | Superi.ge,ტელევიზორის აქსესუარები Superi.ge-ზე: ✓ ნაწილ-ნაწილ გადახდა ✓ უფასო მიწოდება თბილისში 100₾-დან ✓ მიწოდება მთელ საქართველოში.,"20+ აქსესუარი ტელევიზორისთვის. ColorView, TCL, LG, Sony. ✓ განვადება ✓ უფასო მიწოდება თბილისში 100₾-დან.",44,104,24
85,https://superi.ge/tsvensatsurebi/,წვენსაწურები,,წვენსაწურები — საუკეთესო ფასები | Superi.ge,"წვენსაწურები — Ninja, Braun, Smeg | ფასები | Superi.ge",წვენსაწურები Superi.ge-ზე: ✓ ნაწილ-ნაწილ გადახდა ✓ უფასო მიწოდება თბილისში 100₾-დან ✓ მიწოდება მთელ საქართველოში.,"20+ წვენსაწური ციტრუსისა და ხილისთვის. Ninja, Panasonic, Sencor, Braun, Smeg. ✓ განვადება ✓ უფასო მიწოდება თბილისში 100₾-დან.",54,125,23
62,https://superi.ge/hoverbordebi/,ჰოვერბორდები,,ჰოვერბორდები — საუკეთესო ფასები | Superi.ge,ჰოვერბორდები — ფასები | Superi.ge,ჰოვერბორდები Superi.ge-ზე: ✓ ნაწილ-ნაწილ გადახდა ✓ უფასო მიწოდება თბილისში 100₾-დან ✓ მიწოდება მთელ საქართველოში.,20+ ჰოვერბორდი ბავშვებისა და მოზრდილებისთვის. ✓ განვადება ✓ უფასო მიწოდება თბილისში 100₾-დან.,33,93,23
7,https://superi.ge/sabavshvo-produqtsia/,საბავშვო პროდუქცია,,საბავშვო პროდუქცია — საუკეთესო ფასები | Superi.ge,"საბავშვო პროდუქცია — LEGO, თოჯინები | Superi.ge",საბავშვო პროდუქცია Superi.ge-ზე: ✓ ნაწილ-ნაწილ გადახდა ✓ უფასო მიწოდება თბილისში 100₾-დან ✓ მიწოდება მთელ საქართველოში.,"20+ პროდუქტი ბავშვებისთვის: LEGO-ს კონსტრუქტორები, Llorens-ის თოჯინები, ელექტრო მანქანები. ✓ განვადება ✓ უფასო მიწოდება თბილისში 100₾-დან.",47,138,22
114,https://superi.ge/xorcis-sakepi-manqanebi/,ხორცსაკეპი მანქანები,,ხორცსაკეპი მანქანები — საუკეთესო ფასები | Superi.ge,"ხორცსაკეპი მანქანები — Gorenje, Kenwood | Superi.ge",ხორცსაკეპი მანქანები Superi.ge-ზე: ✓ ნაწილ-ნაწილ გადახდა ✓ უფასო მიწოდება თბილისში 100₾-დან ✓ მიწოდება მთელ საქართველოში.,"20+ ელექტრო ხორცსაკეპი მანქანა. Gorenje, Kenwood, Panasonic, Sencor. ✓ განვადება ✓ უფასო მიწოდება თბილისში 100₾-დან.",51,116,22
17,https://superi.ge/avtosamkaro/,ავტოსამყარო,,ავტოსამყარო — საუკეთესო ფასები | Superi.ge,ავტოსამყარო — აკუმულატორები და საბურავები | Superi.ge,ავტოსამყარო Superi.ge-ზე: ✓ ნაწილ-ნაწილ გადახდა ✓ უფასო მიწოდება თბილისში 100₾-დან ✓ მიწოდება მთელ საქართველოში.,"20+ პროდუქტი ავტომობილისთვის: აკუმულატორები და საბურავები. Varta, Exide, Riken. ✓ განვადება ✓ უფასო მიწოდება თბილისში 100₾-დან.",53,127,21
35,https://superi.ge/satamashoebi/,სათამაშოები,,სათამაშოები — საუკეთესო ფასები | Superi.ge,სათამაშოები — LEGO და Llorens-ის თოჯინები | Superi.ge,სათამაშოები Superi.ge-ზე: ✓ ნაწილ-ნაწილ გადახდა ✓ უფასო მიწოდება თბილისში 100₾-დან ✓ მიწოდება მთელ საქართველოში.,20 სათამაშო: LEGO-ს კონსტრუქტორები და Llorens-ის თოჯინები. ✓ განვადება ✓ უფასო მიწოდება თბილისში 100₾-დან.,53,106,20
173,https://superi.ge/samzareulos-kombainebi/,სამზარეულოს კომბაინები,,სამზარეულოს კომბაინები — საუკეთესო ფასები | Superi.ge,"სამზარეულოს კომბაინები — Kenwood, Sencor | Superi.ge",სამზარეულოს კომბაინები Superi.ge-ზე: ✓ ნაწილ-ნაწილ გადახდა ✓ უფასო მიწოდება თბილისში 100₾-დან ✓ მიწოდება მთელ საქართველოში.,"20 სამზარეულოს კომბაინი ცომისთვის, დაჭრისთვის და გახეხვისთვის. Kenwood, Sencor, Gorenje. ✓ განვადება ✓ უფასო მიწოდება თბილისში 100₾-დან.",52,136,20
65,https://superi.ge/qvabebisa-da-tapebis-nakrebebi/,ქვაბებისა და ტაფების ნაკრებები,,ქვაბებისა და ტაფების ნაკრებები — საუკეთესო ფასები | Superi.ge,ქვაბებისა და ტაფების ნაკრებები — Korkmaz | Superi.ge,ქვაბებისა და ტაფების ნაკრებები Superi.ge-ზე: ✓ ნაწილ-ნაწილ გადახდა ✓ უფასო მიწოდება თბილისში 100₾-დან ✓ მიწოდება მთელ საქართველოში.,"ქვაბებისა და ტაფების ნაკრებები სამზარეულოსთვის. Korkmaz, Berllong, Falez, Ardesto. ✓ განვადება ✓ უფასო მიწოდება თბილისში 100₾-დან.",52,130,19
39,https://superi.ge/all-in-one/,მონობლოკები All in One,მონობლოკები (All-in-One),მონობლოკები All in One — საუკეთესო ფასები | Superi.ge,"მონობლოკები (All-in-One) — Lenovo, Apple, Asus | Superi.ge",მონობლოკები All in One Superi.ge-ზე: ✓ ნაწილ-ნაწილ გადახდა ✓ უფასო მიწოდება თბილისში 100₾-დან ✓ მიწოდება მთელ საქართველოში.,"მონობლოკი კომპიუტერები სახლისა და ოფისისთვის. Lenovo, Apple iMac, Asus, Acer. ✓ განვადება ✓ უფასო მიწოდება თბილისში 100₾-დან.",58,125,18
37,https://superi.ge/akumulatorebi/,აკუმულატორები,,აკუმულატორები — საუკეთესო ფასები | Superi.ge,"მანქანის აკუმულატორები — Varta, Exide | Superi.ge",აკუმულატორები Superi.ge-ზე: ✓ ნაწილ-ნაწილ გადახდა ✓ უფასო მიწოდება თბილისში 100₾-დან ✓ მიწოდება მთელ საქართველოში.,"ავტომობილის აკუმულატორები. Varta, Energizer, Exide, Goodyear, Autopower. ✓ განვადება ✓ უფასო მიწოდება თბილისში 100₾-დან.",49,120,18
115,https://superi.ge/tmis-uto-staileri/,თმის უთო/სტაილერი,თმის უთოები და სტაილერები,თმის უთო/სტაილერი — საუკეთესო ფასები | Superi.ge,"თმის უთოები და სტაილერები — Dyson, Philips | Superi.ge",თმის უთო/სტაილერი Superi.ge-ზე: ✓ ნაწილ-ნაწილ გადახდა ✓ უფასო მიწოდება თბილისში 100₾-დან ✓ მიწოდება მთელ საქართველოში.,"თმის გასასწორებელი უთოები, დასახვევები და სტაილერები. Dyson, Dreame, Philips, Shark. ✓ განვადება ✓ უფასო მიწოდება თბილისში 100₾-დან.",54,132,18
79,https://superi.ge/eleqtro-gumelebi/,ელექტრო ღუმელები,,ელექტრო ღუმელები — საუკეთესო ფასები | Superi.ge,"ელექტრო ღუმელები — Beko, Millen, Franko | Superi.ge",ელექტრო ღუმელები Superi.ge-ზე: ✓ ნაწილ-ნაწილ გადახდა ✓ უფასო მიწოდება თბილისში 100₾-დან ✓ მიწოდება მთელ საქართველოში.,"მაგიდის ელექტრო ღუმელები სახლისთვის. Franko, Millen, Beko, Hoffmann. ✓ განვადება ✓ უფასო მიწოდება თბილისში 100₾-დან.",51,116,17
109,https://superi.ge/tsklis-gamatskheleblebi/,წყლის გამაცხელებლები,,წყლის გამაცხელებლები — საუკეთესო ფასები | Superi.ge,წყლის გამაცხელებლები — ელექტრო და გაზის | Superi.ge,წყლის გამაცხელებლები Superi.ge-ზე: ✓ ნაწილ-ნაწილ გადახდა ✓ უფასო მიწოდება თბილისში 100₾-დან ✓ მიწოდება მთელ საქართველოში.,"ელექტრო და გაზის წყლის გამაცხელებლები სახლისთვის. Midea, Thermex, Vox, Graetz. ✓ განვადება ✓ უფასო მიწოდება თბილისში 100₾-დან.",51,126,17
34,https://superi.ge/fotoaparatebi/,ფოტოაპარატები,,ფოტოაპარატები — საუკეთესო ფასები | Superi.ge,"ფოტოაპარატები — Canon, Sony, Fujifilm | Superi.ge",ფოტოაპარატები Superi.ge-ზე: ✓ ნაწილ-ნაწილ გადახდა ✓ უფასო მიწოდება თბილისში 100₾-დან ✓ მიწოდება მთელ საქართველოში.,"ციფრული და მომენტალური ფოტოაპარატები. Canon, Sony, Fujifilm, Polaroid. ✓ განვადება ✓ უფასო მიწოდება თბილისში 100₾-დან.",49,118,14
176,https://superi.ge/tmis-fenebi/,თმის ფენები,,თმის ფენები — საუკეთესო ფასები | Superi.ge,"თმის ფენები — Shark, Dreame, Grundig | ფასები | Superi.ge",თმის ფენები Superi.ge-ზე: ✓ ნაწილ-ნაწილ გადახდა ✓ უფასო მიწოდება თბილისში 100₾-დან ✓ მიწოდება მთელ საქართველოში.,"თმის ფენები სახლისთვის. Shark, Dreame, Grundig, Sencor, Zilan. ✓ განვადება ✓ უფასო მიწოდება თბილისში 100₾-დან.",57,110,14
14,https://superi.ge/velosipedebi/,ველოსიპედები,,ველოსიპედები — საუკეთესო ფასები | Superi.ge,"ველოსიპედები — Trinx, Totem | ფასები | Superi.ge",ველოსიპედები Superi.ge-ზე: ✓ ნაწილ-ნაწილ გადახდა ✓ უფასო მიწოდება თბილისში 100₾-დან ✓ მიწოდება მთელ საქართველოში.,"ველოსიპედები მოზრდილებისა და ბავშვებისთვის. Trinx, Totem. ✓ განვადება ✓ უფასო მიწოდება თბილისში 100₾-დან.",48,105,12
106,https://superi.ge/shesawamli-aparatebi/,შესაწამლი აპარატები,,შესაწამლი აპარატები — საუკეთესო ფასები | Superi.ge,შესაწამლი აპარატები — ფასები | Superi.ge,შესაწამლი აპარატები Superi.ge-ზე: ✓ ნაწილ-ნაწილ გადახდა ✓ უფასო მიწოდება თბილისში 100₾-დან ✓ მიწოდება მთელ საქართველოში.,"მექანიკური, ელექტრო და აკუმულატორის შესაწამლი აპარატები ბაღისთვის. ✓ განვადება ✓ უფასო მიწოდება თბილისში 100₾-დან.",40,114,12
89,https://superi.ge/skuterebi/,სკუტერები,,სკუტერები — საუკეთესო ფასები | Superi.ge,"ელექტრო სკუტერები — Segway, Xiaomi, Kugoo | Superi.ge",სკუტერები Superi.ge-ზე: ✓ ნაწილ-ნაწილ გადახდა ✓ უფასო მიწოდება თბილისში 100₾-დან ✓ მიწოდება მთელ საქართველოში.,"ელექტრო სკუტერები ქალაქისთვის. Segway Ninebot, Xiaomi, Kugoo, Kukirin. ✓ განვადება ✓ უფასო მიწოდება თბილისში 100₾-დან.",53,118,11
76,https://superi.ge/hamakebi-da-saqanelebi/,ჰამაკები და საქანელები,,ჰამაკები და საქანელები — საუკეთესო ფასები | Superi.ge,ჰამაკები და საქანელები — ფასები | Superi.ge,ჰამაკები და საქანელები Superi.ge-ზე: ✓ ნაწილ-ნაწილ გადახდა ✓ უფასო მიწოდება თბილისში 100₾-დან ✓ მიწოდება მთელ საქართველოში.,ჰამაკები და ბაღის საქანელები დასასვენებლად. ✓ განვადება ✓ უფასო მიწოდება თბილისში 100₾-დან.,43,91,10
175,https://superi.ge/silamaze-da-movla/,სილამაზე და მოვლა,,სილამაზე და მოვლა — საუკეთესო ფასები | Superi.ge,სილამაზე და მოვლა — თმის ფენები | Superi.ge,სილამაზე და მოვლა Superi.ge-ზე: ✓ ნაწილ-ნაწილ გადახდა ✓ უფასო მიწოდება თბილისში 100₾-დან ✓ მიწოდება მთელ საქართველოში.,"თმის ფენები და თმის მოვლის ტექნიკა. Shark, Dreame, Grundig, Sencor. ✓ განვადება ✓ უფასო მიწოდება თბილისში 100₾-დან.",43,115,10
41,https://superi.ge/statsionaluri-teleponebi/,სტაციონალური ტელეფონები,,სტაციონალური ტელეფონები — საუკეთესო ფასები | Superi.ge,სტაციონალური ტელეფონები — Panasonic | Superi.ge,სტაციონალური ტელეფონები Superi.ge-ზე: ✓ ნაწილ-ნაწილ გადახდა ✓ უფასო მიწოდება თბილისში 100₾-დან ✓ მიწოდება მთელ საქართველოში.,სტაციონალური ტელეფონები სახლისა და ოფისისთვის. Panasonic. ✓ განვადება ✓ უფასო მიწოდება თბილისში 100₾-დან.,47,105,9
108,https://superi.ge/gaming/,GAMING მაგიდა-სავარძლები,გეიმინგ სავარძლები,GAMING მაგიდა-სავარძლები — საუკეთესო ფასები | Superi.ge,"გეიმინგ სავარძლები — HyperX, Thermaltake, Playseat | Superi.ge",GAMING მაგიდა-სავარძლები Superi.ge-ზე: ✓ ნაწილ-ნაწილ გადახდა ✓ უფასო მიწოდება თბილისში 100₾-დან ✓ მიწოდება მთელ საქართველოში.,"გეიმინგ სავარძლები და სარბოლო სიმულატორის კარკასები. HyperX, Thermaltake, Playseat, Yenkee, ALLX. ✓ განვადება ✓ უფასო მიწოდება თბილისში 100₾-დან.",62,145,9
112,https://superi.ge/haeris-gamtsmendi-da-damatenianeblebi/,ჰაერის გამწმენდი და დამატენიანებლები,,ჰაერის გამწმენდი და დამატენიანებლები — საუკეთესო ფასები | Superi.ge,ჰაერის გამწმენდები და დამატენიანებლები | Superi.ge,ჰაერის გამწმენდი და დამატენიანებლები Superi.ge-ზე: ✓ ნაწილ-ნაწილ გადახდა ✓ უფასო მიწოდება თბილისში 100₾-დან ✓ მიწოდება მთელ საქართველოში.,"ჰაერის გამწმენდები და დამატენიანებლები. Gorenje, Beko, Dreame, Shark, Rowenta. ✓ განვადება ✓ უფასო მიწოდება თბილისში 100₾-დან.",50,126,9
107,https://superi.ge/tsentraluri-gatbobis-qvabi/,ცენტრალური გათბობის ქვაბი,ცენტრალური გათბობის ქვაბები,ცენტრალური გათბობის ქვაბი — საუკეთესო ფასები | Superi.ge,"ცენტრალური გათბობის ქვაბები — ფასები, განვადება | Superi.ge",ცენტრალური გათბობის ქვაბი Superi.ge-ზე: ✓ ნაწილ-ნაწილ გადახდა ✓ უფასო მიწოდება თბილისში 100₾-დან ✓ მიწოდება მთელ საქართველოში.,"ცენტრალური გათბობის გაზის ქვაბები სახლისა და ბინისთვის. Midea, Ariston, Beko. ✓ განვადება ✓ უფასო მიწოდება თბილისში 100₾-დან.",59,125,8
174,https://superi.ge/choferebi/,ჩოფერები,,ჩოფერები — საუკეთესო ფასები | Superi.ge,"ჩოფერები — Kenwood, Beko, Midea | Superi.ge",ჩოფერები Superi.ge-ზე: ✓ ნაწილ-ნაწილ გადახდა ✓ უფასო მიწოდება თბილისში 100₾-დან ✓ მიწოდება მთელ საქართველოში.,"ელექტრო ჩოფერები ბოსტნეულის და ხორცის დასაჭრელად. Kenwood, Beko, Midea, Sencor. ✓ განვადება ✓ უფასო მიწოდება თბილისში 100₾-დან.",43,127,8
60,https://superi.ge/samzareulos-danebi/,სამზარეულოს დანები,,სამზარეულოს დანები — საუკეთესო ფასები | Superi.ge,"სამზარეულოს დანები — Smeg, Tefal | Superi.ge",სამზარეულოს დანები Superi.ge-ზე: ✓ ნაწილ-ნაწილ გადახდა ✓ უფასო მიწოდება თბილისში 100₾-დან ✓ მიწოდება მთელ საქართველოში.,"სამზარეულოს დანები და ნაკრებები. Smeg, Tefal, Korkmaz, Ardesto. ✓ განვადება ✓ უფასო მიწოდება თბილისში 100₾-დან.",44,111,7
82,https://superi.ge/satibebi/,სათიბები,,სათიბები — საუკეთესო ფასები | Superi.ge,ბალახის სათიბები — ფასები | Superi.ge,სათიბები Superi.ge-ზე: ✓ ნაწილ-ნაწილ გადახდა ✓ უფასო მიწოდება თბილისში 100₾-დან ✓ მიწოდება მთელ საქართველოში.,"ბენზინის და ელექტრო ბალახის სათიბები. Royal Turbo, Total, Bauma, Ingco. ✓ განვადება ✓ უფასო მიწოდება თბილისში 100₾-დან.",37,119,6
95,https://superi.ge/churcheli/,ჭურჭელი,,ჭურჭელი — საუკეთესო ფასები | Superi.ge,ჭურჭელი — თეფშები და ჭიქები | Superi.ge,ჭურჭელი Superi.ge-ზე: ✓ ნაწილ-ნაწილ გადახდა ✓ უფასო მიწოდება თბილისში 100₾-დან ✓ მიწოდება მთელ საქართველოში.,"თეფშები და ჭიქები ყოველდღიური გამოყენებისთვის. Luminarc, Ardesto. ✓ უფასო მიწოდება თბილისში 100₾-დან.",39,101,6
103,https://superi.ge/droni/,დრონი,დრონები,დრონი — საუკეთესო ფასები | Superi.ge,DJI დრონები — ფასები | Superi.ge,დრონი Superi.ge-ზე: ✓ ნაწილ-ნაწილ გადახდა ✓ უფასო მიწოდება თბილისში 100₾-დან ✓ მიწოდება მთელ საქართველოში.,DJI-ს დრონები კამერით ფოტო და ვიდეო გადაღებისთვის. ✓ განვადება ✓ უფასო მიწოდება თბილისში 100₾-დან.,32,98,6
113,https://superi.ge/magida-da-skamebi/,მაგიდა და სკამები,მაგიდები და სკამები,მაგიდა და სკამები — საუკეთესო ფასები | Superi.ge,მაგიდები და სკამები — ფასები | Superi.ge,მაგიდა და სკამები Superi.ge-ზე: ✓ ნაწილ-ნაწილ გადახდა ✓ უფასო მიწოდება თბილისში 100₾-დან ✓ მიწოდება მთელ საქართველოში.,მაგიდები და სკამები სახლისა და ბაღისთვის. ✓ განვადება ✓ უფასო მიწოდება თბილისში 100₾-დან.,40,89,6
169,https://superi.ge/graphics-cards/,ვიდეო ბარათები (გრაფიკული ბარათები),ვიდეო ბარათები,ვიდეო ბარათები (გრაფიკული ბარათები) — საუკეთესო ფასები | Superi.ge,"ვიდეო ბარათები — Asus, Inno3D | ფასები | Superi.ge",ვიდეო ბარათები (გრაფიკული ბარათები) Superi.ge-ზე: ✓ ნაწილ-ნაწილ გადახდა ✓ უფასო მიწოდება თბილისში 100₾-დან ✓ მიწოდება მთელ საქართველოში.,"ვიდეო ბარათები გეიმინგ კომპიუტერისთვის. Asus, Inno3D. ✓ განვადება ✓ უფასო მიწოდება თბილისში 100₾-დან.",50,101,6
12,https://superi.ge/tskhovelta-samkaro/,ცხოველთა სამყარო,,ცხოველთა სამყარო — საუკეთესო ფასები | Superi.ge,ცხოველთა სამყარო — კატისა და ძაღლის საკვები | Superi.ge,ცხოველთა სამყარო Superi.ge-ზე: ✓ ნაწილ-ნაწილ გადახდა ✓ უფასო მიწოდება თბილისში 100₾-დან ✓ მიწოდება მთელ საქართველოში.,კატისა და ძაღლის საკვები. Purina Pro Plan. ✓ განვადება ✓ უფასო მიწოდება თბილისში 100₾-დან.,55,90,5
40,https://superi.ge/tskhovelta-da-prinvelta-kveba/,ცხოველთა და ფრინველთა კვება,,ცხოველთა და ფრინველთა კვება — საუკეთესო ფასები | Superi.ge,კატისა და ძაღლის საკვები — Pro Plan | Superi.ge,ცხოველთა და ფრინველთა კვება Superi.ge-ზე: ✓ ნაწილ-ნაწილ გადახდა ✓ უფასო მიწოდება თბილისში 100₾-დან ✓ მიწოდება მთელ საქართველოში.,Purina Pro Plan-ის საკვები კატებისა და ძაღლებისთვის. ✓ განვადება ✓ უფასო მიწოდება თბილისში 100₾-დან.,47,100,5
97,https://superi.ge/khelis-instrumentebi/,ხელის ინსტრუმენტები,,ხელის ინსტრუმენტები — საუკეთესო ფასები | Superi.ge,ხელის ინსტრუმენტები — ფასები | Superi.ge,ხელის ინსტრუმენტები Superi.ge-ზე: ✓ ნაწილ-ნაწილ გადახდა ✓ უფასო მიწოდება თბილისში 100₾-დან ✓ მიწოდება მთელ საქართველოში.,"ხელის ინსტრუმენტები და ნაკრებები. Hyundai, Bauma, Total, Tolsen. ✓ განვადება ✓ უფასო მიწოდება თბილისში 100₾-დან.",40,112,4
171,https://superi.ge/tenis-amomshrobebi/,ნესტის შემწოვი აპარატები,,ნესტის შემწოვი აპარატები — საუკეთესო ფასები | Superi.ge,ნესტის შემწოვი აპარატები — ფასები | Superi.ge,ნესტის შემწოვი აპარატები Superi.ge-ზე: ✓ ნაწილ-ნაწილ გადახდა ✓ უფასო მიწოდება თბილისში 100₾-დან ✓ მიწოდება მთელ საქართველოში.,"ნესტის შემწოვი აპარატები ბინისა და სარდაფისთვის. Midea, Sencor. ✓ განვადება ✓ უფასო მიწოდება თბილისში 100₾-დან.",45,111,4
21,https://superi.ge/saburavebi/,საბურავები,,საბურავები — საუკეთესო ფასები | Superi.ge,საბურავები — ფასები | Superi.ge,საბურავები Superi.ge-ზე: ✓ ნაწილ-ნაწილ გადახდა ✓ უფასო მიწოდება თბილისში 100₾-დან ✓ მიწოდება მთელ საქართველოში.,"ავტომობილის საბურავები. Riken, Roadmarch. ✓ განვადება ✓ უფასო მიწოდება თბილისში 100₾-დან.",31,89,3
105,https://superi.ge/tsnevit-saretskhi-aparatebi/,წნევით სარეცხი აპარატები,,წნევით სარეცხი აპარატები — საუკეთესო ფასები | Superi.ge,წნევით სარეცხი აპარატები — ფასები | Superi.ge,წნევით სარეცხი აპარატები Superi.ge-ზე: ✓ ნაწილ-ნაწილ გადახდა ✓ უფასო მიწოდება თბილისში 100₾-დან ✓ მიწოდება მთელ საქართველოში.,"მაღალი წნევის სარეცხი აპარატები მანქანისა და ეზოსთვის. Ingco, Schpindel. ✓ განვადება ✓ უფასო მიწოდება თბილისში 100₾-დან.",45,120,3
75,https://superi.ge/batutebi/,ბატუტები,,ბატუტები — საუკეთესო ფასები | Superi.ge,ბატუტები — ფასები | Superi.ge,ბატუტები Superi.ge-ზე: ✓ ნაწილ-ნაწილ გადახდა ✓ უფასო მიწოდება თბილისში 100₾-დან ✓ მიწოდება მთელ საქართველოში.,ბატუტები ეზოსა და სახლისთვის. ✓ განვადება ✓ უფასო მიწოდება თბილისში 100₾-დან.,29,77,3
74,https://superi.ge/eleqtro-manqanebi/,ელექტრო მანქანები,საბავშვო ელექტრო მანქანები,ელექტრო მანქანები — საუკეთესო ფასები | Superi.ge,საბავშვო ელექტრო მანქანები — ფასები | Superi.ge,ელექტრო მანქანები Superi.ge-ზე: ✓ ნაწილ-ნაწილ გადახდა ✓ უფასო მიწოდება თბილისში 100₾-დან ✓ მიწოდება მთელ საქართველოში.,საბავშვო ელექტრო მანქანები. ✓ განვადება ✓ უფასო მიწოდება თბილისში 100₾-დან.,47,75,2
72,https://superi.ge/chasashenebeli-saretskhi-manqanebi/,ჩასაშენებელი სარეცხი მანქანები,,ჩასაშენებელი სარეცხი მანქანები — საუკეთესო ფასები | Superi.ge,ჩასაშენებელი სარეცხი მანქანები — ფასები | Superi.ge,ჩასაშენებელი სარეცხი მანქანები Superi.ge-ზე: ✓ ნაწილ-ნაწილ გადახდა ✓ უფასო მიწოდება თბილისში 100₾-დან ✓ მიწოდება მთელ საქართველოში.,"ჩასაშენებელი სარეცხი მანქანები. Electrolux, Beko. ✓ განვადება ✓ უფასო მიწოდება თბილისში 100₾-დან.",51,97,2
96,https://superi.ge/mogzauroba/,მოგზაურობა,,მოგზაურობა — საუკეთესო ფასები | Superi.ge,მოგზაურობის აქსესუარები | Superi.ge,მოგზაურობა Superi.ge-ზე: ✓ ნაწილ-ნაწილ გადახდა ✓ უფასო მიწოდება თბილისში 100₾-დან ✓ მიწოდება მთელ საქართველოში.,აქსესუარები მოგზაურობისთვის. ✓ განვადება ✓ უფასო მიწოდება თბილისში 100₾-დან.,35,76,2
98,https://superi.ge/saretskh-satsmendi-sashualebebi/,სარეცხ-საწმენდი საშუალებები,,სარეცხ-საწმენდი საშუალებები — საუკეთესო ფასები | Superi.ge,სარეცხ-საწმენდი საშუალებები | Superi.ge,სარეცხ-საწმენდი საშუალებები Superi.ge-ზე: ✓ ნაწილ-ნაწილ გადახდა ✓ უფასო მიწოდება თბილისში 100₾-დან ✓ მიწოდება მთელ საქართველოში.,"სარეცხი და საწმენდი საშუალებები სახლისთვის. Vileda, Kleaner. ✓ განვადება ✓ უფასო მიწოდება თბილისში 100₾-დან.",39,108,2
78,https://superi.ge/teqstili/,ტექსტილი,,ტექსტილი — საუკეთესო ფასები | Superi.ge,ტექსტილი — ფასები | Superi.ge,ტექსტილი Superi.ge-ზე: ✓ ნაწილ-ნაწილ გადახდა ✓ უფასო მიწოდება თბილისში 100₾-დან ✓ მიწოდება მთელ საქართველოში.,ტექსტილი სახლისთვის. Manamo. ✓ უფასო მიწოდება თბილისში 100₾-დან.,29,64,1
92,https://superi.ge/gasaberi-aveji/,გასაბერი ავეჯი,,გასაბერი ავეჯი — საუკეთესო ფასები | Superi.ge,გასაბერი ავეჯი და ლეიბები — Intex | Superi.ge,გასაბერი ავეჯი Superi.ge-ზე: ✓ ნაწილ-ნაწილ გადახდა ✓ უფასო მიწოდება თბილისში 100₾-დან ✓ მიწოდება მთელ საქართველოში.,გასაბერი ლეიბები და ავეჯი. Intex. ✓ განვადება ✓ უფასო მიწოდება თბილისში 100₾-დან.,45,81,1
150,https://superi.ge/kutkhsakhekhi/,კუთხსახეხი,კუთხსახეხები,კუთხსახეხი — საუკეთესო ფასები | Superi.ge,კუთხსახეხები — ფასები | Superi.ge,კუთხსახეხი Superi.ge-ზე: ✓ ნაწილ-ნაწილ გადახდა ✓ უფასო მიწოდება თბილისში 100₾-დან ✓ მიწოდება მთელ საქართველოში.,კუთხსახეხი მანქანები. Ingco. ✓ განვადება ✓ უფასო მიწოდება თბილისში 100₾-დან.,33,76,1
