რა,ფილტრი (feature),ახლა,უნდა იყოს,რატომ,სად ჩანს (კატეგორიები)
ფილტრის სახელი,ANDORID ფუნქცია,ANDORID ფუნქცია,Smart TV სისტემა,"ბეჭდვითი შეცდომა (Android); მნიშვნელობებია Google TV, Tizen, webOS",https://superi.ge/televizorebi/
ფილტრის სახელი,შიდა მეხსირება,შიდა მეხსირება,შიდა მეხსიერება,ბეჭდვითი შეცდომა,https://superi.ge/mobiluri-teleponebi/
ფილტრის სახელი,პრცესორის მწარმოებელი,პრცესორის მწარმოებელი,პროცესორის მწარმოებელი,ბეჭდვითი შეცდომა,https://superi.ge/tabletebi/
ფილტრის სახელი,სიღმე,სიღმე,სიღრმე,ბეჭდვითი შეცდომა,https://superi.ge/sashrobebi/
ფილტრის სახელი,ენერგო მოხმარების კლასი,ენერგო მოხმარების კლასი,ენერგომოხმარების კლასი,ორი სხვადასხვა ფილტრი ერთი და იმავე მახასიათებლისთვის; გააერთიანეთ,https://superi.ge/kondicionerebi/ https://superi.ge/macivrebi/ https://superi.ge/sakinule/ https://superi.ge/saretskhi-manqanebi/
ფილტრის სახელი,ფერები,ფერები,ფერი,დუბლიკატი ფილტრი „ფერი“-სთან; გააერთიანეთ,https://superi.ge/kartrijebi-saghebavebi-qaghaldi/
არასწორი მნიშვნელობა,ოპერატიული მეხსიერების ტიპი,უფასო მიწოდება,(წაშალეთ; ჩაწერეთ DDR4/DDR5/LPDDR5),მნიშვნელობა მეხსიერების ტიპი არ არის,https://superi.ge/motherboard/
არასწორი მნიშვნელობა,მოცულობა,მარაგშია,(წაშალეთ),მნიშვნელობა მოცულობა არ არის,https://superi.ge/portatuli-damtenebi/
მნიშვნელობის შეცდომა,ძრავის ტიპი,INVENTER,ინვერტორული (Inverter),ბეჭდვითი შეცდომა,https://superi.ge/kondicionerebi/
მნიშვნელობის შეცდომა,მოწყობილობის ტიპი,ელექტო,ელექტრო,ბეჭდვითი შეცდომა,https://superi.ge/quris-zedapiri/
მნიშვნელობის შეცდომა,მოწყობილობის ტიპი,ავერლოკი,ოვერლოკი,ბეჭდვითი შეცდომა,https://superi.ge/sakeravi-teqnika/
მნიშვნელობის შეცდომა,ფერი,ვერცხლიფერი,ვერცხლისფერი,ბეჭდვითი შეცდომა; დუბლიკატი,https://superi.ge/dispenserebi/
მნიშვნელობის შეცდომა,ფერი,თეთრო,თეთრი,ბეჭდვითი შეცდომა; დუბლიკატი,https://superi.ge/gazqurebi/
მნიშვნელობის შეცდომა,ფერი,ცისპერი,ცისფერი,ბეჭდვითი შეცდომა; დუბლიკატი,https://superi.ge/churcheli/
მნიშვნელობის შეცდომა,ფერი,ORANGE,ნარინჯისფერი,ინგლისურად; დუბლიკატი,https://superi.ge/mobiluri-teleponebi/
მნიშვნელობის შეცდომა,მახასიათებლები,კონვენცია,კონვექცია,ბეჭდვითი შეცდომა,https://superi.ge/mikrotalghuri-ghumelebi/
მნიშვნელობის შეცდომა,ტიპი,თმის დასახვები,თმის დასახვევი,ბეჭდვითი შეცდომა,https://superi.ge/tmis-uto-staileri/
მნიშვნელობის შეცდომა,სასტარტო სიმძლავრე,300 А და ნაკლები,300 A და ნაკლები,„А“ კირილიცაა; ლათინური A ჩაწერეთ ყველა 5 მნიშვნელობაში,https://superi.ge/akumulatorebi/
მნიშვნელობის შეცდომა,გაფართოება,1920х1080,1920 x 1080,„х“ კირილიცაა; დუბლიკატი „1920 x 1080“-ის,https://superi.ge/monitor/
მნიშვნელობის შეცდომა,გაფართოება,2560x1440,2560 x 1440,დუბლიკატი „2560 X 1440“-ის; ერთი ფორმატი გამოიყენეთ,https://superi.ge/monitor/
მნიშვნელობის შეცდომა,ოპერატიული მეხსიერება,12GB,12 GB,"დუბლიკატები: 12GB/12 GB, 16GB/16 GB, 4GB/4 GB, 6GB/6 GB, 8GB/8 GB",https://superi.ge/mobiluri-teleponebi/
მნიშვნელობის შეცდომა,რეკომენდირებული ფართი,100მ² და მეტი,100 მ² და მეტი,დუბლიკატი,https://superi.ge/haeris-gamtsmendi-da-damatenianeblebi/
მნიშვნელობის შეცდომა,გალღობის სისტემა,NO FROST (მშრალი),No Frost (მშრალი გაყინვა),დუბლიკატი „NoFrost (მშრალი გაყინვა)“-ის,https://superi.ge/sakinule/
მნიშვნელობის შეცდომა,მოცულობა,251 - ლ და მეტი,251 ლ და მეტი,ფორმატი,https://superi.ge/sakinule/
მნიშვნელობის შეცდომა,მოცულობა,100 - ლ და ნაკლები,100 ლ და ნაკლები,ფორმატი,https://superi.ge/sakinule/
მნიშვნელობის შეცდომა,მოცულობა,19 -ლ მდე,19 ლ-მდე,ფორმატი,https://superi.ge/mikrotalghuri-ghumelebi/
მნიშვნელობის შეცდომა,სიმძლავრის დიაპაზონი,2600W- და მეტი,2600 W და მეტი,ფორმატი,https://superi.ge/eleqtro-chaidnebi/
მნიშვნელობის შეცდომა,საბურავის დიამეტრი,8.5 inch,"8.5""",ფორმატი; სხვა მნიშვნელობებთან ერთნაირად,https://superi.ge/skuterebi/
მნიშვნელობის შეცდომა,მწარმოებელი (ბრენდი),"„ BLACK & DECKER“, „AUTOPOWER “, „BERLLONG “, „BLACKVIEW “, „BLAUPUNKT “, „Bernette “, „CANYON “, „DINGQI “, „DYSON “, „DeLonghi “, „EUROSYSTEMS “, „FUJIYAMA “, „GOODYEAR “, „HAGEN “, „HOSSEVEN “, „KENWOOD “, „KORKMAZ “, „KUGOO “, „Kukirin “, „LOGITECH “, „MARAZZI “, „MARSHALL “, „MILLEN “, „OPPO “, „OUKITEL “, „Roborock “, „SENCOR “, „SHARP “, „SHINEVER “, „SIMFER “, „SKYWORTH “, „STORM “, „TOORX “, „TRINX “, „Vivitek “, „WADFOW “, „YENKEE “, „ZELLMER “, „chuwi “, „haier “",იგივე სახელები ბოლო სივრცის გარეშე,40 ბრენდის სახელს ბოლოში ზედმეტი სივრცე აქვს (ჩანს schema-ში და ფილტრებში),ყველა კატეგორია
მნიშვნელობის შეცდომა,მწარმოებელი (ბრენდი),Bosch | ბოში,Bosch,"ბრენდის სახელში „| ბოში“ ჩანს ფილტრში, H1-ში და Product schema-ში (brand.name). ქართული ფორმა ბრენდის გვერდის title-ში უკეთესია (იხ. brands-meta.csv)",https://superi.ge/bosch/
