ობიექტი,ID,url,H1_ახალი,title_ახლა,title_ახალი,description_ახლა,description_ახალი,title_სიგრძე,description_სიგრძე,სად იცვლება
მთავარი გვერდი,,https://superi.ge/,ტექნიკისა და ელექტრონიკის ონლაინ მაღაზია,სუპერი – ტექნიკისა და ელექტრონიკის ონლაინ მაღაზია | Superi.ge,სუპერი – ტექნიკისა და ელექტრონიკის ონლაინ მაღაზია | Superi.ge,"შეიძინე ტექნიკა და ელექტრონიკა ონლაინ Superi.ge-ზე — ლეპტოპები, ტელევიზორები, სარეცხი მანქანები, მაცივრები და სხვა ტექნიკა საუკეთესო ფასად. მიწოდება საქართველოს","ტექნიკისა და ელექტრონიკის ონლაინ მაღაზია: ტელეფონები, ტელევიზორები, ლეპტოპები, მაცივრები. განვადება და უფასო მიწოდება თბილისში 100₾-დან.",61,136,Design → Layouts → Homepage (location-ის პარამეტრები: Title / Meta description). H1 — იხ. homepage.md
გვერდი,2,https://superi.ge/about-us/,ჩვენს შესახებ,ჩვენს შესახებ,ჩვენს შესახებ — ტექნიკის ონლაინ მაღაზია 2016 წლიდან | Superi.ge,"SUPERI – სუპერი არის ქართული ონლაინ სავაჭრო პლატფორმა, რომელიც 2016 წლიდან ოპერირებს საქართველოს ბაზარზე. ჩვენი მთავარი მიზანია, ონლაინ შოპინგ...","Superi.ge 2016 წლიდან ყიდის ტექნიკასა და ელექტრონიკას ონლაინ: ოფიციალური გარანტია, განვადება და მიწოდება მთელ საქართველოში.",63,123,Website → Pages → ჩვენს შესახებ → SEO
გვერდი,3,https://superi.ge/wesebi-da-pirobebi/,წესები და პირობები,წესები და პირობები,წესები და პირობები | Superi.ge,:root { --page-bg: #f4f7f6; --surface: #ffffff; --surface-soft: #edf5f3; --text: #1d292b; --text-soft: #5a686a; --brand: #17...,"Superi.ge-ს წესები და პირობები: შეკვეთა, გადახდა, მიწოდება, გარანტია, ხელშეკრულებაზე უარის თქმა და დაბრუნება.",30,109,Website → Pages → წესები და პირობები → SEO (ახლა description-ში CSS კოდია)
გვერდი,4,https://superi.ge/dabruneba/,დაბრუნების პოლიტიკა,დაბრუნების პოლიტიკა,დაბრუნების პოლიტიკა — 14 დღე | Superi.ge,"უპირობოდ დაბრუნების პოლიტიკა  ·      დადგენილი გამონაკლისების გარდა, მომხმარებელს უფლება აქვს, ყოველგვარი საფუძვლის მითითების...",ნივთის დაბრუნება Superi.ge-ზე: შეგიძლიათ უარი თქვათ შენაძენზე 14 კალენდარული დღის განმავლობაში. პირობები და გამონაკლისები.,40,122,Website → Pages → დაბრუნების პოლიტიკა → SEO
გვერდი,20,https://superi.ge/contact/,კონტაქტი,კონტაქტი | Superi.ge | ონლაინ მაღაზია,კონტაქტი — 032 2 04 44 44 | Superi.ge,დაგვიკავშირდით ტელეფონი: ☎ (032) 2 04 44 44 ☎ (+995) 592 444 000 ელ.ფოსტა: ✉ info@superi.ge მისამართი: მუხრან მ...,"დაგვიკავშირდით: 032 2 04 44 44, info@superi.ge. მისამართი: თბილისი, მუხრან მაჭავარიანის 62. სამუშაო საათები: ორშ–შაბ 10:00–21:00.",37,129,Website → Pages → კონტაქტი → SEO
გვერდი,21,https://superi.ge/garantia/,გარანტია,გარანტია | Superi.ge | ონლაინ მაღაზია,გარანტია ტექნიკაზე | Superi.ge,"კანონისმიერი გარანტია ·      თუ საქონელი ნაკლის მქონე აღმოჩნდა, მომხმარებელს უფლება აქვს, ონლაინ მაღაზია Superi.ge-ს მოს...",Superi.ge-ზე შეძენილ ნივთს აქვს კანონით გათვალისწინებული გარანტია: უფასო შეკეთება ან შეცვლა 30 დღის ვადაში. როგორ მივმართოთ.,30,124,Website → Pages → გარანტია → SEO
გვერდი,22,https://superi.ge/delivery/,მიწოდების პირობები,Delivery,მიწოდების პირობები — უფასო მიწოდება თბილისში 100₾-დან | Superi.ge,Superi.ge - მაქსიმალურად ცდილობს მომხმარებლებს შეთავაზოს სწრაფი და სრულფასოვანი მიწოდების სერვისი.  მიწოდება ხორციელდება სრულიად საქართველოს მასშტაბით მომხ...,"თბილისში მიწოდება მომდევნო სამუშაო დღეს, 100₾-დან უფასოდ; სწრაფი მიწოდება იმავე დღეს. რეგიონებში მიწოდება 3–5 სამუშაო დღეში.",65,124,Website → Pages → Delivery → SEO (ახლა title ინგლისურადაა: „Delivery“)
ბლოგი,36,https://superi.ge/blog/,ბლოგი,blog,ბლოგი — ტექნიკის შერჩევის გზამკვლევები | Superi.ge,blog,"რჩევები ტექნიკის შერჩევაზე: ტელევიზორები, ნოუთბუქები, გაზის გამათბობლები, სარბენი ბილიკები. გზამკვლევები Superi.ge-სგან.",50,120,Website → Blog → blog (გვერდის სახელიც „blog“-ია → „ბლოგი“)
ბლოგის სტატია,37,https://superi.ge/oled-vs-qled-vs-miniled-2026/,,OLED vs QLED vs mini-LED: რომელი ტელევიზორი ავირჩიოთ 2026 წელს?,OLED vs QLED vs mini-LED: რომელი ტელევიზორი ავირჩიოთ 2026 წელს?,"გაიგეთ განსხვავება OLED, QLED და mini-LED ტექნოლოგიებს შორის. რომელია საუკეთესო თქვენთვის 2026 წელს? იხილეთ რეკომენდაციები და ფასები Superi.ge-ზე.","გაიგეთ განსხვავება OLED, QLED და mini-LED ტექნოლოგიებს შორის და რომელი ტელევიზორი ჯობია თქვენი ოთახისთვის 2026 წელს.",63,116,Website → Blog → სტატია → SEO; Tags ჩანართიდან წაშალეთ tag-ები (იხ. blog.md)
ბლოგის სტატია,38,https://superi.ge/rogor-avirchiot-noutbuqi-2026/,,როგორ ავირჩიოთ ნოუთბუქი 2026 წელს | ლეპტოპის არჩევის სრული გზამკვლევი | Superi.ge,როგორ ავირჩიოთ ნოუთბუქი 2026 წელს — სრული გზამკვლევი | Superi.ge,"გაიგეთ როგორ ავირჩიოთ ნოუთბუქი 2026 წელს. პროცესორი, RAM, SSD, ვიდეოკარტა, ეკრანი და სხვა მნიშვნელოვანი პარამეტრები. სრული გზამკვლევი საუკეთესო ლეპტოპის არჩევის","როგორ ავირჩიოთ ნოუთბუქი 2026 წელს: პროცესორი, RAM, SSD, ვიდეოკარტა და ეკრანი. პრაქტიკული რჩევები სწავლის, სამსახურის და თამაშისთვის.",64,132,"Website → Blog → სტატია → SEO (ახლა title 81 სიმბოლოა, description 177)"
სერვისული გვერდი,dispatch=categories.ab__lc_catalog,https://superi.ge/categories-catalog-ka/,ყველა კატეგორია,AB: Categories,ყველა კატეგორია | Superi.ge,,"Superi.ge-ს ყველა კატეგორია ერთ გვერდზე: ტექნიკა, ელექტრონიკა, სახლი, ბაღი, სპორტი და სხვა.",27,91,Design → Layouts → AB: Categories catalog location (ან Translations-ში „AB: Categories“). თუ გვერდი არ გჭირდებათ — noindex და sitemap-იდან ამოღება
სერვისული გვერდი,dispatch=promotions.list,https://superi.ge/promotions-list/,აქციები,,აქციები და შეთავაზებები ტექნიკაზე | Superi.ge,,Superi.ge-ს მიმდინარე აქციები და სპეციალური შეთავაზებები ტექნიკასა და ელექტრონიკაზე.,45,84,Design → Layouts → Promotions location → Title / Meta description
სერვისული გვერდი,dispatch=products.on_sale,https://superi.ge/index.php?dispatch=products.on_sale,ფასდაკლებული პროდუქცია,,ფასდაკლებები ტექნიკასა და ელექტრონიკაზე | Superi.ge,,"ფასდაკლებული ტელეფონები, ტელევიზორები, საყოფაცხოვრებო და სამზარეულოს ტექნიკა. ✓ განვადება ✓ უფასო მიწოდება თბილისში 100₾-დან.",51,125,Website → SEO → SEO rules: dispatch products.on_sale → SEO name „fasdaklebebi“; შემდეგ noindex მოხსენით (იხ. developer-checklist.md)
