url,სტატუსი,რა ვქნათ
https://superi.ge/samsung-s938b-galaxy-s25-ultra-12gb-256gb-5g-titanium-black/,404,"პროდუქტი წაშლილია ან გამორთულია: ამოიღეთ sitemap-იდან; თუ ანალოგი არსებობს, 301 მასზე ან კატეგორიაზე"
https://superi.ge/samsung-a175f-galaxy-a17-4gb-128gb-lte-duos-black/,404,"პროდუქტი წაშლილია ან გამორთულია: ამოიღეთ sitemap-იდან; თუ ანალოგი არსებობს, 301 მასზე ან კატეგორიაზე"
https://superi.ge/apple-iphone-17-pro-max-256gb-silver/,404,"პროდუქტი წაშლილია ან გამორთულია: ამოიღეთ sitemap-იდან; თუ ანალოგი არსებობს, 301 მასზე ან კატეგორიაზე"
https://superi.ge/samsung-galaxy-s26-s942-5g-12-256gb-black/,404,"პროდუქტი წაშლილია ან გამორთულია: ამოიღეთ sitemap-იდან; თუ ანალოგი არსებობს, 301 მასზე ან კატეგორიაზე"
https://superi.ge/lg-oled83b5rla-4k-uhd-210/,404,"პროდუქტი წაშლილია ან გამორთულია: ამოიღეთ sitemap-იდან; თუ ანალოგი არსებობს, 301 მასზე ან კატეგორიაზე"
https://superi.ge/samsung-50-mini-led-4k-ue50m70hauxua-vision-ai-2026/,404,"პროდუქტი წაშლილია ან გამორთულია: ამოიღეთ sitemap-იდან; თუ ანალოგი არსებობს, 301 მასზე ან კატეგორიაზე"
https://superi.ge/samsung-55-mini-led-4k-ue55m70hauxua-vision-ai-2026/,404,"პროდუქტი წაშლილია ან გამორთულია: ამოიღეთ sitemap-იდან; თუ ანალოგი არსებობს, 301 მასზე ან კატეგორიაზე"
https://superi.ge/samsung-65-mini-led-4k-ue65m70hauxua-vision-ai-2026/,404,"პროდუქტი წაშლილია ან გამორთულია: ამოიღეთ sitemap-იდან; თუ ანალოგი არსებობს, 301 მასზე ან კატეგორიაზე"
https://superi.ge/samsung-75-mini-led-4k-ue75m70hauxua-vision-ai-2026/,404,"პროდუქტი წაშლილია ან გამორთულია: ამოიღეთ sitemap-იდან; თუ ანალოგი არსებობს, 301 მასზე ან კატეგორიაზე"
https://superi.ge/aux-asf-h60a5-apar1-155-180/,404,"პროდუქტი წაშლილია ან გამორთულია: ამოიღეთ sitemap-იდან; თუ ანალოგი არსებობს, 301 მასზე ან კატეგორიაზე"
https://superi.ge/samsung-rs61r5001m9-wt/,404,"პროდუქტი წაშლილია ან გამორთულია: ამოიღეთ sitemap-იდან; თუ ანალოგი არსებობს, 301 მასზე ან კატეგორიაზე"
https://superi.ge/hosseven-hdu-10-120-beige/,404,"პროდუქტი წაშლილია ან გამორთულია: ამოიღეთ sitemap-იდან; თუ ანალოგი არსებობს, 301 მასზე ან კატეგორიაზე"
https://superi.ge/dup-13585/,404,"პროდუქტი წაშლილია ან გამორთულია: ამოიღეთ sitemap-იდან; თუ ანალოგი არსებობს, 301 მასზე ან კატეგორიაზე"
https://superi.ge/smeg-klf04pkeu-pink/,404,"პროდუქტი წაშლილია ან გამორთულია: ამოიღეთ sitemap-იდან; თუ ანალოგი არსებობს, 301 მასზე ან კატეგორიაზე"
https://superi.ge/allscreen-manual-projection-screen-160x160cm-hd-fabric-cwp-6363/,404,"პროდუქტი წაშლილია ან გამორთულია: ამოიღეთ sitemap-იდან; თუ ანალოგი არსებობს, 301 მასზე ან კატეგორიაზე"
https://superi.ge/midea-mfa01w80b-t-8/,404,"პროდუქტი წაშლილია ან გამორთულია: ამოიღეთ sitemap-იდან; თუ ანალოგი არსებობს, 301 მასზე ან კატეგორიაზე"
https://superi.ge/washing-machine-promo-tw-t21bu80uwge-mg-7-kg-1200-rpm-85x59-5x40-inverter-rotary-knob-led-touch-display-morandi-gray/,404,"პროდუქტი წაშლილია ან გამორთულია: ამოიღეთ sitemap-იდან; თუ ანალოგი არსებობს, 301 მასზე ან კატეგორიაზე"
https://superi.ge/dup-14253/,404,"პროდუქტი წაშლილია ან გამორთულია: ამოიღეთ sitemap-იდან; თუ ანალოგი არსებობს, 301 მასზე ან კატეგორიაზე"
https://superi.ge/royal-turbo-rt190f-15hp/,404,"პროდუქტი წაშლილია ან გამორთულია: ამოიღეთ sitemap-იდან; თუ ანალოგი არსებობს, 301 მასზე ან კატეგორიაზე"
https://superi.ge/remeza-sb4-f-500-ab998-500/,404,"პროდუქტი წაშლილია ან გამორთულია: ამოიღეთ sitemap-იდან; თუ ანალოგი არსებობს, 301 მასზე ან კატეგორიაზე"
https://superi.ge/remeza-sb4-c-200-lb40-200/,404,"პროდუქტი წაშლილია ან გამორთულია: ამოიღეთ sitemap-იდან; თუ ანალოგი არსებობს, 301 მასზე ან კატეგორიაზე"
https://superi.ge/remeza-sb4-f-500-lt100-11-ka/,404,"პროდუქტი წაშლილია ან გამორთულია: ამოიღეთ sitemap-იდან; თუ ანალოგი არსებობს, 301 მასზე ან კატეგორიაზე"
https://superi.ge/lg-dfb425fp-apzpara-14pcs/,404,"პროდუქტი წაშლილია ან გამორთულია: ამოიღეთ sitemap-იდან; თუ ანალოგი არსებობს, 301 მასზე ან კატეგორიაზე"
https://superi.ge/epson-l31-103-ecotank-black-ink-bottle-65ml/,404,"პროდუქტი წაშლილია ან გამორთულია: ამოიღეთ sitemap-იდან; თუ ანალოგი არსებობს, 301 მასზე ან კატეგორიაზე"
https://superi.ge/wi-fi-xiaomi-mi-router-4a-dvb4230gl/,404,"პროდუქტი წაშლილია ან გამორთულია: ამოიღეთ sitemap-იდან; თუ ანალოგი არსებობს, 301 მასზე ან კატეგორიაზე"
https://superi.ge/asus-prime-b760-plus-4ddr5-lga1700-90mb1ef0-m1eay0/,404,"პროდუქტი წაშლილია ან გამორთულია: ამოიღეთ sitemap-იდან; თუ ანალოგი არსებობს, 301 მასზე ან კატეგორიაზე"
https://superi.ge/asus-prime-h610m-r-d4-si-2ddr4-lga1700-90mb1b40-m0ecy0/,404,"პროდუქტი წაშლილია ან გამორთულია: ამოიღეთ sitemap-იდან; თუ ანალოგი არსებობს, 301 მასზე ან კატეგორიაზე"
https://superi.ge/asus-prime-h610m-k-d4-2ddr4-lga1700-90mb1a10-m0eay0/,404,"პროდუქტი წაშლილია ან გამორთულია: ამოიღეთ sitemap-იდან; თუ ანალოგი არსებობს, 301 მასზე ან კატეგორიაზე"
https://superi.ge/gigabyte-b760m-h-ddr4-2ddr4-lga1700/,404,"პროდუქტი წაშლილია ან გამორთულია: ამოიღეთ sitemap-იდან; თუ ანალოგი არსებობს, 301 მასზე ან კატეგორიაზე"
https://superi.ge/gigabyte-h610m-k-ddr4-2ddr4-lga1700/,404,"პროდუქტი წაშლილია ან გამორთულია: ამოიღეთ sitemap-იდან; თუ ანალოგი არსებობს, 301 მასზე ან კატეგორიაზე"
https://superi.ge/gigabyte-b760m-d3hp-ddr4-4ddr4-lga1700-9mb76m3p4-00-g10/,404,"პროდუქტი წაშლილია ან გამორთულია: ამოიღეთ sitemap-იდან; თუ ანალოგი არსებობს, 301 მასზე ან კატეგორიაზე"
https://superi.ge/gigabyte-b860m-d3hp-4ddr5-lga1851/,404,"პროდუქტი წაშლილია ან გამორთულია: ამოიღეთ sitemap-იდან; თუ ანალოგი არსებობს, 301 მასზე ან კატეგორიაზე"
https://superi.ge/gigabyte-b850m-d3hp-4ddr5-am5/,404,"პროდუქტი წაშლილია ან გამორთულია: ამოიღეთ sitemap-იდან; თუ ანალოგი არსებობს, 301 მასზე ან კატეგორიაზე"
https://superi.ge/asus-prime-h610m-k-2ddr5-lga1700-90mb1ga0-m0eay0/,404,"პროდუქტი წაშლილია ან გამორთულია: ამოიღეთ sitemap-იდან; თუ ანალოგი არსებობს, 301 მასზე ან კატეგორიაზე"
https://superi.ge/asus-prime-x870-p-wifi-4ddr5-am5-90mb1is0-m0eay0/,404,"პროდუქტი წაშლილია ან გამორთულია: ამოიღეთ sitemap-იდან; თუ ანალოგი არსებობს, 301 მასზე ან კატეგორიაზე"
https://superi.ge/asus-prime-z890-p-wifi-4ddr5-lga1851-90mb1i70-m0eay0/,404,"პროდუქტი წაშლილია ან გამორთულია: ამოიღეთ sitemap-იდან; თუ ანალოგი არსებობს, 301 მასზე ან კატეგორიაზე"
https://superi.ge/asus-rog-strix-z890-h-gaming-wifi-4ddr5-lga1851-90mb1k20-m0eay0/,404,"პროდუქტი წაშლილია ან გამორთულია: ამოიღეთ sitemap-იდან; თუ ანალოგი არსებობს, 301 მასზე ან კატეგორიაზე"
https://superi.ge/gigabyte-b760-ds3h-4ddr5-lga1700-9mb76ds35-00-g10/,404,"პროდუქტი წაშლილია ან გამორთულია: ამოიღეთ sitemap-იდან; თუ ანალოგი არსებობს, 301 მასზე ან კატეგორიაზე"
https://superi.ge/gigabyte-b760m-gaming-x-ddr4-4ddr4-lga1700-9mb76mgx4-00-g10/,404,"პროდუქტი წაშლილია ან გამორთულია: ამოიღეთ sitemap-იდან; თუ ანალოგი არსებობს, 301 მასზე ან კატეგორიაზე"
https://superi.ge/asus-prime-b760m-k-d4-2ddr4-lga1700-90mb1ds0-m1eay0/,404,"პროდუქტი წაშლილია ან გამორთულია: ამოიღეთ sitemap-იდან; თუ ანალოგი არსებობს, 301 მასზე ან კატეგორიაზე"
https://superi.ge/asus-tuf-gaming-z790-plus-wifi-4ddr5-lga1700-90mb1d80-m1eay0/,404,"პროდუქტი წაშლილია ან გამორთულია: ამოიღეთ sitemap-იდან; თუ ანალოგი არსებობს, 301 მასზე ან კატეგორიაზე"
https://superi.ge/asus-tuf-gaming-x870-plus-wifi-4ddr5-am5-90mb1iu0-m0eay0/,404,"პროდუქტი წაშლილია ან გამორთულია: ამოიღეთ sitemap-იდან; თუ ანალოგი არსებობს, 301 მასზე ან კატეგორიაზე"
https://superi.ge/asus-prime-b760m-k-2ddr5-lga1700-90mb1fi0-m1eay0/,404,"პროდუქტი წაშლილია ან გამორთულია: ამოიღეთ sitemap-იდან; თუ ანალოგი არსებობს, 301 მასზე ან კატეგორიაზე"
https://superi.ge/asus-tuf-gaming-z890-pro-wifi-intel-z890-ddr5-eatx/,404,"პროდუქტი წაშლილია ან გამორთულია: ამოიღეთ sitemap-იდან; თუ ანალოგი არსებობს, 301 მასზე ან კატეგორიაზე"
https://superi.ge/asus-tuf-gaming-b860-plus-wifi/,404,"პროდუქტი წაშლილია ან გამორთულია: ამოიღეთ sitemap-იდან; თუ ანალოგი არსებობს, 301 მასზე ან კატეგორიაზე"
https://superi.ge/intel-core-ultra-5-225f-turbo-boost-4-9ghz-lga1851/,404,"პროდუქტი წაშლილია ან გამორთულია: ამოიღეთ sitemap-იდან; თუ ანალოგი არსებობს, 301 მასზე ან კატეგორიაზე"
https://superi.ge/intel-core-ultra-5-245kf-turbo-boost-5-2ghz-lga1851/,404,"პროდუქტი წაშლილია ან გამორთულია: ამოიღეთ sitemap-იდან; თუ ანალოგი არსებობს, 301 მასზე ან კატეგორიაზე"
https://superi.ge/intel-core-i9-14900kf-turbo-boost-6ghz-36mb-lga1700/,404,"პროდუქტი წაშლილია ან გამორთულია: ამოიღეთ sitemap-იდან; თუ ანალოგი არსებობს, 301 მასზე ან კატეგორიაზე"
https://superi.ge/logitech-full-size-mouse-m190-charcoal/,404,"პროდუქტი წაშლილია ან გამორთულია: ამოიღეთ sitemap-იდან; თუ ანალოგი არსებობს, 301 მასზე ან კატეგორიაზე"
https://superi.ge/logitech-full-size-mouse-m190-red/,404,"პროდუქტი წაშლილია ან გამორთულია: ამოიღეთ sitemap-იდან; თუ ანალოგი არსებობს, 301 მასზე ან კატეგორიაზე"
https://superi.ge/logitech-wireless-mouse-m171-red/,404,"პროდუქტი წაშლილია ან გამორთულია: ამოიღეთ sitemap-იდან; თუ ანალოგი არსებობს, 301 მასზე ან კატეგორიაზე"
https://superi.ge/logitech-pebble-2-m350s-wireless-mouse-graphite/,404,"პროდუქტი წაშლილია ან გამორთულია: ამოიღეთ sitemap-იდან; თუ ანალოგი არსებობს, 301 მასზე ან კატეგორიაზე"
https://superi.ge/logitech-pebble-2-m350s-wireless-mouse-white/,404,"პროდუქტი წაშლილია ან გამორთულია: ამოიღეთ sitemap-იდან; თუ ანალოგი არსებობს, 301 მასზე ან კატეგორიაზე"
